NOM_PLATJA;BANDERA;QUALITAT_AIGUA;ESTAT_MAR;MEDUSES;TEMP_AIGUA;TEMP_AMBIENT;FORÇA_VENT;TIPUS_VENT;UVI;DATA_ACTUALITZACIO
DE LA MORA;VERDA;EXCEL-LENT;Mar plana;NO;24,20;26,00;calma;Gregal(NE);Molt Alt;16/07/2010 00:00:00
DEL COCO;VERMELLA;EXCEL-LENT;Mar arrissada;NO;24,20;26,00;ventolina;Migjorn(S);Molt Alt;16/07/2010 00:00:00
DE L ESTACIÓ;VERDA;BONA;Mar arrissada;NO;24,20;26,00;calma;Gregal(NE);Molt Alt;16/07/2010 00:00:00
DEL PONT DEL PETROLI;VERDA;EXCEL-LENT;Mar arrissada;NO;24,20;26,00;ventolina;Migjorn(S);Molt Alt;16/07/2010 00:00:00
DEL PONT D EN BOTIFARRETA;VERDA;EXCEL-LENT;Mar arrissada;NO;24,20;26,00;calma;Migjorn(S);Molt Alt;16/07/2010 00:00:00
DEL CRISTALL;VERDA;EXCEL-LENT;Mar plana;NO;24,00;26,00;calma;Xaloc(SE);Molt Alt;16/07/2010 00:00:00
DELS PESCADORS;VERMELLA;EXCEL-LENT;Mar plana;NO;24,00;26,00;vent fluixet;Xaloc(SE);Molt Alt;16/07/2010 00:00:00
DEL PATí DE VELA;VERDA;EXCEL-LENT;Mar arrissada;NO;24,00;26,30;vent fluixet;Migjorn(S);Molt Alt;16/07/2010 00:00:00
DE LA MORA;VERDA;EXCEL-LENT;Mar plana;NO;23,90;27,00;ventolina;Migjorn(S);Alt;21/07/2010 00:00:00
DE LA BARCA MARIA;VERDA;EXCEL-LENT;Mar arrissada;NO;23,90;27,00;ventolina;Migjorn(S);Alt;21/07/2010 00:00:00
DEL CRISTALL;VERDA;EXCEL-LENT;Mar arrissada;NO;23,90;27,00;ventolina;Migjorn(S);Alt;21/07/2010 00:00:00
DEL PONT DEL PETROLI;VERDA;EXCEL-LENT;Mar arrissada;NO;23,90;27,00;ventolina;Migjorn(S);Alt;21/07/2010 00:00:00
DE L ESTACIÓ;VERDA;EXCEL-LENT;Mar arrissada;NO;23,90;27,00;ventolina;Migjorn(S);Alt;21/07/2010 00:00:00
DEL PATí DE VELA;VERDA;EXCEL-LENT;Mar arrissada;NO;23,90;27,00;ventolina;Migjorn(S);Alt;21/07/2010 00:00:00
DEL PONT D EN BOTIFARRETA;VERDA;EXCEL-LENT;Mar arrissada;NO;23,90;27,00;ventolina;Migjorn(S);Alt;21/07/2010 00:00:00
DELS PESCADORS;VERDA;EXCEL-LENT;Mar arrissada;NO;23,90;27,00;ventolina;Migjorn(S);Alt;21/07/2010 00:00:00
DEL COCO;VERDA;EXCEL-LENT;Mar arrissada;NO;23,90;27,00;ventolina;Migjorn(S);Alt;21/07/2010 00:00:00
DE LA MORA;VERDA;EXCEL-LENT;Mar arrissada;NO;26,40;24,60;vent fluix;Ponent(W);Baix;22/07/2010 00:00:00
DEL COCO;VERDA;EXCEL-LENT;Mar arrissada;NO;26,40;24,60;vent fluix;Ponent(W);Baix;22/07/2010 00:00:00
DEL PONT D EN BOTIFARRETA;VERDA;EXCEL-LENT;Mar arrissada;NO;26,40;24,60;vent fluix;Ponent(W);Baix;22/07/2010 00:00:00
DE L ESTACIÓ;VERDA;EXCEL-LENT;Mar arrissada;NO;26,40;24,60;vent fluix;Ponent(W);Baix;22/07/2010 00:00:00
DEL CRISTALL;VERDA;EXCEL-LENT;Mar arrissada;NO;26,40;24,60;vent fluix;Ponent(W);Baix;22/07/2010 00:00:00
DEL PONT DEL PETROLI;VERDA;EXCEL-LENT;Mar arrissada;NO;24,60;26,00;vent moderat;Ponent(W);Baix;22/07/2010 00:00:00
DE LA BARCA MARIA;VERDA;EXCEL-LENT;Mar arrissada;NO;26,40;24,60;vent fluix;Ponent(W);Baix;22/07/2010 00:00:00
DELS PESCADORS;VERDA;EXCEL-LENT;Mar arrissada;NO;26,40;25,00;vent moderat;Ponent(W);Baix;22/07/2010 00:00:00
DEL PATí DE VELA;VERDA;EXCEL-LENT;Mar arrissada;NO;26,40;24,60;vent fluix;Ponent(W);Baix;22/07/2010 00:00:00
DE LA MORA;VERDA;EXCEL-LENT;Marejol;NO;25,80;24,20;vent fluixet;Mestral(NW);Baix;23/07/2010 00:00:00
DEL PONT DEL PETROLI;VERDA;EXCEL-LENT;Marejol;NO;25,80;24,20;vent fluixet;Mestral(NW);Baix;23/07/2010 00:00:00
DEL PATí DE VELA;VERDA;EXCEL-LENT;Marejol;NO;25,80;24,20;vent fluixet;Mestral(NW);Baix;23/07/2010 00:00:00
DEL PONT D EN BOTIFARRETA;VERDA;EXCEL-LENT;Marejol;NO;25,80;24,20;vent fluixet;Mestral(NW);Baix;23/07/2010 00:00:00
DE LA BARCA MARIA;VERDA;EXCEL-LENT;Marejol;NO;25,80;24,20;vent fluixet;Mestral(NW);Baix;23/07/2010 00:00:00
DEL CRISTALL;VERDA;EXCEL-LENT;Marejol;NO;25,80;24,20;vent fluixet;Mestral(NW);Baix;23/07/2010 00:00:00
DELS PESCADORS;VERDA;EXCEL-LENT;Marejol;NO;25,80;24,20;vent fluixet;Mestral(NW);Baix;23/07/2010 00:00:00
DE L ESTACIÓ;VERDA;EXCEL-LENT;Marejol;NO;25,80;24,20;vent fluixet;Mestral(NW);Baix;23/07/2010 00:00:00
DEL COCO;VERDA;EXCEL-LENT;Marejol;NO;25,80;24,20;vent fluixet;Mestral(NW);Baix;23/07/2010 00:00:00
DE LA MORA;VERDA;EXCEL-LENT;Marejol;NO;25,70;23,20;vent moderat;Migjorn(S);Molt Alt;26/07/2010 00:00:00
DE L ESTACIÓ;VERDA;EXCEL-LENT;Marejol;NO;25,70;23,20;vent moderat;Migjorn(S);Molt Alt;26/07/2010 00:00:00
DELS PESCADORS;VERDA;EXCEL-LENT;Marejol;NO;25,70;23,20;vent moderat;Migjorn(S);Molt Alt;26/07/2010 00:00:00
DEL CRISTALL;VERDA;EXCEL-LENT;Marejol;NO;25,70;23,20;vent moderat;Migjorn(S);Molt Alt;26/07/2010 00:00:00
DE LA BARCA MARIA;VERDA;EXCEL-LENT;Marejol;NO;25,70;23,20;vent moderat;Migjorn(S);Molt Alt;26/07/2010 00:00:00
DEL PONT D EN BOTIFARRETA;VERDA;EXCEL-LENT;Marejol;NO;25,70;23,20;vent moderat;Migjorn(S);Molt Alt;26/07/2010 00:00:00
DEL PATí DE VELA;VERDA;EXCEL-LENT;Marejol;NO;25,70;23,20;vent moderat;Migjorn(S);Molt Alt;26/07/2010 00:00:00
DEL PONT DEL PETROLI;VERDA;EXCEL-LENT;Marejol;NO;25,70;23,20;vent moderat;Migjorn(S);Molt Alt;26/07/2010 00:00:00
DEL COCO;VERDA;EXCEL-LENT;Marejol;NO;25,70;23,20;vent moderat;Migjorn(S);Molt Alt;26/07/2010 00:00:00
DE LA MORA;VERDA;EXCEL-LENT;Mar arrissada;NO;24,80;23,10;vent fluix;Mestral(NW);Moderat;27/07/2010 00:00:00
DEL PATí DE VELA;VERDA;EXCEL-LENT;Mar arrissada;NO;24,80;23,10;vent fluix;Mestral(NW);Moderat;27/07/2010 00:00:00
DEL PONT D EN BOTIFARRETA;VERDA;EXCEL-LENT;Mar arrissada;NO;24,80;23,10;vent fluix;Mestral(NW);Moderat;27/07/2010 00:00:00
DE LA BARCA MARIA;VERDA;EXCEL-LENT;Mar arrissada;NO;24,80;23,10;vent fluix;Mestral(NW);Moderat;27/07/2010 00:00:00
DEL CRISTALL;VERDA;EXCEL-LENT;Mar arrissada;NO;24,80;23,10;vent fluix;Mestral(NW);Moderat;27/07/2010 00:00:00
DELS PESCADORS;VERDA;EXCEL-LENT;Mar arrissada;NO;24,80;23,10;vent fluix;Mestral(NW);Moderat;27/07/2010 00:00:00
DE L ESTACIÓ;VERDA;EXCEL-LENT;Mar arrissada;NO;24,80;23,10;vent fluix;Mestral(NW);Moderat;27/07/2010 00:00:00
DEL COCO;VERDA;EXCEL-LENT;Mar arrissada;NO;24,80;23,10;vent fluix;Mestral(NW);Moderat;27/07/2010 00:00:00
DEL PONT DEL PETROLI;VERDA;EXCEL-LENT;Mar arrissada;NO;24,80;23,10;vent fluix;Mestral(NW);Moderat;27/07/2010 00:00:00
DE LA MORA;VERDA;EXCEL-LENT;Marejol;NO;23,70;24,80;vent moderat;Llebeig o Grabí(SW);Alt;28/07/2010 00:00:00
DELS PESCADORS;VERDA;EXCEL-LENT;Marejol;NO;23,70;24,80;vent moderat;Llebeig o Grabí(SW);Alt;28/07/2010 00:00:00
DEL CRISTALL;VERDA;EXCEL-LENT;Marejol;NO;23,70;24,80;vent moderat;Llebeig o Grabí(SW);Alt;28/07/2010 00:00:00
DE LA BARCA MARIA;VERDA;EXCEL-LENT;Marejol;NO;23,70;24,80;vent moderat;Llebeig o Grabí(SW);Alt;28/07/2010 00:00:00
DEL PONT D EN BOTIFARRETA;VERDA;EXCEL-LENT;Marejol;NO;23,70;24,80;vent moderat;Llebeig o Grabí(SW);Alt;28/07/2010 00:00:00
DEL PATí DE VELA;VERDA;EXCEL-LENT;Marejol;NO;23,70;24,80;vent moderat;Llebeig o Grabí(SW);Alt;28/07/2010 00:00:00
DEL COCO;VERDA;EXCEL-LENT;Marejol;NO;23,70;24,80;vent moderat;Llebeig o Grabí(SW);Alt;28/07/2010 00:00:00
DEL PONT DEL PETROLI;VERDA;EXCEL-LENT;Marejol;NO;23,70;24,80;vent moderat;Llebeig o Grabí(SW);Alt;28/07/2010 00:00:00
DE L ESTACIÓ;VERDA;EXCEL-LENT;Marejol;NO;23,70;24,80;vent moderat;Llebeig o Grabí(SW);Alt;28/07/2010 00:00:00
DE LA MORA;VERMELLA;EXCEL-LENT;Marejol;NO;23,60;21,30;vent fresquet;Gregal(NE);Baix;29/07/2010 00:00:00
DEL PONT D EN BOTIFARRETA;VERMELLA;EXCEL-LENT;Marejol;NO;23,60;21,30;vent fresquet;Gregal(NE);Baix;29/07/2010 00:00:00
DE LA BARCA MARIA;VERMELLA;EXCEL-LENT;Marejol;NO;23,60;21,30;vent fresquet;Gregal(NE);Baix;29/07/2010 00:00:00
DEL CRISTALL;VERMELLA;EXCEL-LENT;Marejol;NO;23,60;21,30;vent fresquet;Gregal(NE);Baix;29/07/2010 00:00:00
DELS PESCADORS;VERMELLA;EXCEL-LENT;Marejol;NO;23,60;21,30;vent fresquet;Gregal(NE);Baix;29/07/2010 00:00:00
DEL COCO;VERMELLA;EXCEL-LENT;Marejol;NO;23,60;21,30;vent fresquet;Gregal(NE);Baix;29/07/2010 00:00:00
DEL PONT DEL PETROLI;VERMELLA;EXCEL-LENT;Marejol;NO;23,60;21,30;vent fresquet;Gregal(NE);Baix;29/07/2010 00:00:00
DEL PATí DE VELA;VERMELLA;EXCEL-LENT;Marejol;NO;23,60;21,30;vent fresquet;Gregal(NE);Baix;29/07/2010 00:00:00
DE L ESTACIÓ;VERMELLA;EXCEL-LENT;Marejol;NO;23,60;21,30;vent fresquet;Gregal(NE);Baix;29/07/2010 00:00:00
DE L ESTACIÓ;VERMELLA;PENDENT ANALIT.;Marejol;NO;24,20;24,90;ventolina;Ponent(W);Moderat;30/07/2010 00:00:00
DELS PESCADORS;VERDA;PENDENT ANALIT.;Marejol;NO;24,20;24,90;ventolina;Ponent(W);Moderat;30/07/2010 00:00:00
DEL PONT DEL PETROLI;VERDA;PENDENT ANALIT.;Marejol;NO;24,20;24,90;ventolina;Ponent(W);Moderat;30/07/2010 00:00:00
DEL PONT D EN BOTIFARRETA;VERDA;PENDENT ANALIT.;Marejol;NO;24,20;24,90;ventolina;Ponent(W);Moderat;30/07/2010 00:00:00
DEL PATí DE VELA;VERDA;PENDENT ANALIT.;Marejol;NO;24,20;24,90;ventolina;Ponent(W);Moderat;30/07/2010 00:00:00
DEL CRISTALL;VERDA;PENDENT ANALIT.;Marejol;NO;24,20;24,90;ventolina;Ponent(W);Moderat;30/07/2010 00:00:00
DEL COCO;VERDA;PENDENT ANALIT.;Marejol;NO;24,20;24,90;ventolina;Ponent(W);Moderat;30/07/2010 00:00:00
DE LA MORA;VERDA;PENDENT ANALIT.;Marejol;NO;24,20;24,90;ventolina;Ponent(W);Moderat;30/07/2010 00:00:00
DE LA BARCA MARIA;VERDA;PENDENT ANALIT.;Marejol;NO;24,20;24,90;ventolina;Ponent(W);Moderat;30/07/2010 00:00:00
DE L ESTACIÓ;VERDA;PENDENT ANALIT.;Marejol;NO;24,20;24,90;ventolina;Ponent(W);Moderat;02/08/2010 00:00:00
DE LA BARCA MARIA;VERDA;PENDENT ANALIT.;Marejol;NO;24,20;24,90;ventolina;Ponent(W);Moderat;02/08/2010 00:00:00
DE LA MORA;VERDA;PENDENT ANALIT.;Marejol;NO;24,20;24,90;ventolina;Ponent(W);Moderat;02/08/2010 00:00:00
DEL COCO;VERDA;PENDENT ANALIT.;Marejol;NO;24,20;24,90;ventolina;Ponent(W);Moderat;02/08/2010 00:00:00
DEL CRISTALL;VERDA;PENDENT ANALIT.;Marejol;NO;24,20;24,90;ventolina;Ponent(W);Moderat;02/08/2010 00:00:00
DEL PATí DE VELA;VERDA;PENDENT ANALIT.;Marejol;NO;24,20;24,90;ventolina;Ponent(W);Moderat;02/08/2010 00:00:00
DEL PONT D EN BOTIFARRETA;VERDA;PENDENT ANALIT.;Marejol;NO;24,20;24,90;ventolina;Ponent(W);Moderat;02/08/2010 00:00:00
DEL PONT DEL PETROLI;VERDA;PENDENT ANALIT.;Marejol;NO;24,20;24,90;ventolina;Ponent(W);Moderat;02/08/2010 00:00:00
DELS PESCADORS;VERDA;PENDENT ANALIT.;Marejol;NO;24,20;24,90;ventolina;Ponent(W);Moderat;02/08/2010 00:00:00
DELS PESCADORS;VERDA;PENDENT ANALIT.;Marejol;NO;23,60;26,70;ventolina;Xaloc(SE);Moderat;02/08/2010 00:00:00
DEL PONT DEL PETROLI;VERDA;PENDENT ANALIT.;Marejol;NO;23,60;26,70;ventolina;Xaloc(SE);Moderat;02/08/2010 00:00:00
DEL PONT D EN BOTIFARRETA;VERDA;PENDENT ANALIT.;Marejol;NO;23,60;26,70;ventolina;Xaloc(SE);Moderat;02/08/2010 00:00:00
DEL PATí DE VELA;VERDA;PENDENT ANALIT.;Marejol;NO;23,60;26,70;ventolina;Xaloc(SE);Moderat;02/08/2010 00:00:00
DEL CRISTALL;VERDA;PENDENT ANALIT.;Marejol;NO;23,60;26,70;ventolina;Xaloc(SE);Moderat;02/08/2010 00:00:00
DEL COCO;VERDA;PENDENT ANALIT.;Marejol;NO;23,60;26,70;ventolina;Xaloc(SE);Moderat;02/08/2010 00:00:00
DE LA MORA;VERDA;PENDENT ANALIT.;Marejol;NO;23,60;26,70;ventolina;Xaloc(SE);Moderat;02/08/2010 00:00:00
DE LA BARCA MARIA;VERDA;PENDENT ANALIT.;Marejol;NO;23,60;26,70;ventolina;Xaloc(SE);Moderat;02/08/2010 00:00:00
DE L ESTACIÓ;VERDA;PENDENT ANALIT.;Marejol;NO;23,60;26,70;ventolina;Xaloc(SE);Moderat;02/08/2010 00:00:00
DEL CRISTALL;VERDA;PENDENT ANALIT.;Marejol;NO;23,60;26,70;ventolina;Xaloc(SE);Moderat;03/08/2010 00:00:00
DELS PESCADORS;VERDA;EXCEL-LENT;Mar arrissada;NO;24,50;22,40;vent fluixet;Mestral(NW);Baix;03/08/2010 00:00:00
DEL PONT D EN BOTIFARRETA;VERDA;PENDENT ANALIT.;Marejol;NO;23,60;26,70;ventolina;Xaloc(SE);Moderat;03/08/2010 00:00:00
DE LA BARCA MARIA;VERDA;PENDENT ANALIT.;Marejol;NO;23,60;26,70;ventolina;Xaloc(SE);Moderat;03/08/2010 00:00:00
DEL PATí DE VELA;VERDA;PENDENT ANALIT.;Marejol;NO;23,60;26,70;ventolina;Xaloc(SE);Moderat;03/08/2010 00:00:00
DE L ESTACIÓ;VERDA;PENDENT ANALIT.;Marejol;NO;23,60;26,70;ventolina;Xaloc(SE);Moderat;03/08/2010 00:00:00
DEL COCO;VERDA;PENDENT ANALIT.;Marejol;NO;23,60;26,70;ventolina;Xaloc(SE);Moderat;03/08/2010 00:00:00
DE LA MORA;VERDA;PENDENT ANALIT.;Marejol;NO;23,60;26,70;ventolina;Xaloc(SE);Moderat;03/08/2010 00:00:00
DEL PONT DEL PETROLI;VERDA;PENDENT ANALIT.;Marejol;NO;23,60;26,70;ventolina;Xaloc(SE);Moderat;03/08/2010 00:00:00
DEL CRISTALL;VERDA;PENDENT ANALIT.;Mar arrissada;NO;23,60;26,70;ventolina;Xaloc(SE);Moderat;04/08/2010 00:00:00
DE LA BARCA MARIA;VERDA;EXCEL-LENT;Marejol;NO;24,50;25,30;ventolina;Migjorn(S);Alt;04/08/2010 00:00:00
DE LA BARCA MARIA;VERDA;BONA;Marejol;NO;24,50;25,30;ventolina;Migjorn(S);Alt;04/08/2010 00:00:00
DEL PONT DEL PETROLI;VERDA;BONA;Marejol;NO;24,50;25,30;ventolina;Migjorn(S);Alt;04/08/2010 00:00:00
DE LA BARCA MARIA;VERDA;BONA;Marejol;NO;24,50;25,30;ventolina;Migjorn(S);Alt;04/08/2010 00:00:00
DE LA BARCA MARIA;GROGA;BONA;Maror;NO;24,50;25,30;ventolina;Migjorn(S);Alt;04/08/2010 00:00:00
DE LA MORA;VERDA;BONA;Marejol;NO;24,50;25,30;ventolina;Migjorn(S);Alt;04/08/2010 00:00:00
DEL COCO;GROGA;BONA;Maror;NO;24,50;25,30;ventolina;Migjorn(S);Alt;04/08/2010 00:00:00
DEL COCO;VERDA;BONA;Marejol;NO;24,50;25,30;ventolina;Migjorn(S);Alt;04/08/2010 00:00:00
DEL PONT DEL PETROLI;VERDA;BONA;Marejol;NO;24,50;25,30;ventolina;Migjorn(S);Alt;04/08/2010 00:00:00
DE L ESTACIÓ;VERDA;BONA;Marejol;NO;24,50;25,30;ventolina;Migjorn(S);Alt;04/08/2010 00:00:00
DEL PATí DE VELA;VERDA;BONA;Marejol;NO;24,50;25,30;ventolina;Migjorn(S);Alt;04/08/2010 00:00:00
DELS PESCADORS;VERDA;BONA;Marejol;NO;24,50;25,30;ventolina;Migjorn(S);Alt;04/08/2010 00:00:00
DEL PONT D EN BOTIFARRETA;VERDA;BONA;Marejol;NO;24,50;25,30;ventolina;Migjorn(S);Alt;04/08/2010 00:00:00
DEL CRISTALL;VERDA;BONA;Marejol;NO;24,50;25,30;ventolina;Migjorn(S);Alt;04/08/2010 00:00:00
DE LA MORA;GROGA;BONA;Maror;NO;24,50;25,30;ventolina;Migjorn(S);Alt;04/08/2010 00:00:00
DEL COCO;GROGA;BONA;Maror;NO;24,50;25,30;ventolina;Migjorn(S);Alt;04/08/2010 00:00:00
DEL PONT DEL PETROLI;GROGA;BONA;Maror;NO;24,50;25,30;ventolina;Migjorn(S);Alt;04/08/2010 00:00:00
DE L ESTACIÓ;GROGA;BONA;Maror;NO;24,50;25,30;ventolina;Migjorn(S);Alt;04/08/2010 00:00:00
DEL PATí DE VELA;GROGA;BONA;Maror;NO;24,50;25,30;ventolina;Migjorn(S);Alt;04/08/2010 00:00:00
DELS PESCADORS;GROGA;BONA;Maror;NO;24,50;25,30;ventolina;Migjorn(S);Alt;04/08/2010 00:00:00
DEL PONT D EN BOTIFARRETA;GROGA;BONA;Maror;NO;24,50;25,30;ventolina;Migjorn(S);Alt;04/08/2010 00:00:00
DEL CRISTALL;GROGA;BONA;Maror;NO;24,50;25,30;ventolina;Migjorn(S);Alt;04/08/2010 00:00:00
DE LA BARCA MARIA;GROGA;BONA;Maror;NO;24,50;25,30;ventolina;Migjorn(S);Alt;04/08/2010 00:00:00
DE LA BARCA MARIA;GROGA;BONA;Marejol;NO;24,50;25,30;ventolina;Migjorn(S);Alt;04/08/2010 00:00:00
DEL CRISTALL;VERDA;BONA;Marejol;NO;24,50;25,30;ventolina;Migjorn(S);Alt;04/08/2010 00:00:00
DEL COCO;VERDA;BONA;Marejol;NO;24,50;25,30;ventolina;Migjorn(S);Alt;04/08/2010 00:00:00
DEL CRISTALL;VERDA;PENDENT ANALIT.;Mar arrissada;SI;23,60;26,70;ventolina;Xaloc(SE);Moderat;04/08/2010 00:00:00
DELS PESCADORS;VERDA;BONA;Mar arrissada;NO;24,50;25,30;ventolina;Migjorn(S);Alt;04/08/2010 00:00:00
DEL CRISTALL;VERDA;PENDENT ANALIT.;Mar arrissada;NO;23,60;26,70;ventolina;Xaloc(SE);Moderat;04/08/2010 00:00:00
DEL CRISTALL;VERDA;PENDENT ANALIT.;Marejol;NO;23,60;26,70;ventolina;Xaloc(SE);Moderat;04/08/2010 00:00:00
DE LA BARCA MARIA;VERDA;EXCEL-LENT;Mar arrissada;NO;24,10;21,30;vent fluixet;Mestral(NW);Baix;05/08/2010 00:00:00
DEL CRISTALL;VERDA;EXCEL-LENT;Mar arrissada;NO;24,10;21,30;ventolina;Mestral(NW);Baix;05/08/2010 00:00:00
DEL PONT D EN BOTIFARRETA;VERDA;EXCEL-LENT;Mar arrissada;NO;24,10;21,30;ventolina;Mestral(NW);Baix;05/08/2010 00:00:00
DELS PESCADORS;VERDA;EXCEL-LENT;Mar arrissada;NO;24,10;21,30;ventolina;Mestral(NW);Baix;05/08/2010 00:00:00
DEL PATí DE VELA;VERDA;EXCEL-LENT;Mar arrissada;NO;24,10;21,30;ventolina;Mestral(NW);Baix;05/08/2010 00:00:00
DE L ESTACIÓ;VERDA;EXCEL-LENT;Mar arrissada;NO;24,10;21,30;ventolina;Mestral(NW);Baix;05/08/2010 00:00:00
DEL PONT DEL PETROLI;VERDA;EXCEL-LENT;Mar arrissada;NO;24,10;21,30;ventolina;Mestral(NW);Baix;05/08/2010 00:00:00
DEL COCO;VERDA;EXCEL-LENT;Mar arrissada;NO;24,10;21,30;ventolina;Mestral(NW);Baix;05/08/2010 00:00:00
DE LA MORA;VERDA;EXCEL-LENT;Mar arrissada;NO;24,10;21,30;ventolina;Mestral(NW);Baix;05/08/2010 00:00:00
DE LA MORA;GROGA;EXCEL-LENT;Maror;NO;24,10;21,30;vent moderat;Mestral(NW);Baix;05/08/2010 00:00:00
DEL COCO;GROGA;EXCEL-LENT;Maror;NO;24,10;21,30;vent moderat;Mestral(NW);Baix;05/08/2010 00:00:00
DEL PONT DEL PETROLI;GROGA;EXCEL-LENT;Maror;NO;24,10;21,30;vent moderat;Mestral(NW);Baix;05/08/2010 00:00:00
DE L ESTACIÓ;GROGA;EXCEL-LENT;Maror;NO;24,10;21,30;vent moderat;Mestral(NW);Baix;05/08/2010 00:00:00
DEL PATí DE VELA;GROGA;EXCEL-LENT;Maror;NO;24,10;21,30;vent moderat;Mestral(NW);Baix;05/08/2010 00:00:00
DELS PESCADORS;GROGA;EXCEL-LENT;Maror;NO;24,10;21,30;vent moderat;Mestral(NW);Baix;05/08/2010 00:00:00
DEL PONT D EN BOTIFARRETA;GROGA;EXCEL-LENT;Maror;NO;24,10;21,30;vent moderat;Mestral(NW);Baix;05/08/2010 00:00:00
DEL CRISTALL;GROGA;EXCEL-LENT;Maror;NO;24,10;21,30;vent moderat;Mestral(NW);Baix;05/08/2010 00:00:00
DE LA BARCA MARIA;GROGA;EXCEL-LENT;Maror;NO;24,10;21,30;vent moderat;Mestral(NW);Baix;05/08/2010 00:00:00
DE LA MORA;GROGA;EXCEL-LENT;Mar arrissada;NO;24,10;21,30;ventolina;Mestral(NW);Baix;05/08/2010 00:00:00
DEL COCO;GROGA;EXCEL-LENT;Mar arrissada;NO;24,10;21,30;ventolina;Mestral(NW);Baix;05/08/2010 00:00:00
DEL PONT DEL PETROLI;GROGA;EXCEL-LENT;Mar arrissada;NO;24,10;21,30;ventolina;Mestral(NW);Baix;05/08/2010 00:00:00
DE L ESTACIÓ;GROGA;EXCEL-LENT;Mar arrissada;NO;24,10;21,30;ventolina;Mestral(NW);Baix;05/08/2010 00:00:00
DEL PATí DE VELA;GROGA;EXCEL-LENT;Mar arrissada;NO;24,10;21,30;ventolina;Mestral(NW);Baix;05/08/2010 00:00:00
DELS PESCADORS;GROGA;EXCEL-LENT;Mar arrissada;NO;24,10;21,30;ventolina;Mestral(NW);Baix;05/08/2010 00:00:00
DEL PONT D EN BOTIFARRETA;GROGA;EXCEL-LENT;Mar arrissada;NO;24,10;21,30;ventolina;Mestral(NW);Baix;05/08/2010 00:00:00
DEL CRISTALL;GROGA;EXCEL-LENT;Mar arrissada;NO;24,10;21,30;ventolina;Mestral(NW);Baix;05/08/2010 00:00:00
DE LA BARCA MARIA;GROGA;EXCEL-LENT;Mar arrissada;NO;24,10;21,30;ventolina;Mestral(NW);Baix;05/08/2010 00:00:00
DE LA BARCA MARIA;GROGA;EXCEL-LENT;Mar arrissada;NO;24,10;21,30;ventolina;Mestral(NW);Baix;05/08/2010 00:00:00
DEL CRISTALL;GROGA;EXCEL-LENT;Mar arrissada;NO;24,10;21,30;ventolina;Mestral(NW);Baix;05/08/2010 00:00:00
DEL PONT D EN BOTIFARRETA;GROGA;EXCEL-LENT;Mar arrissada;NO;24,10;21,30;ventolina;Mestral(NW);Baix;05/08/2010 00:00:00
DELS PESCADORS;GROGA;EXCEL-LENT;Mar arrissada;NO;24,10;21,30;ventolina;Mestral(NW);Baix;05/08/2010 00:00:00
DE LA MORA;GROGA;EXCEL-LENT;Mar arrissada;NO;24,10;21,30;ventolina;Mestral(NW);Baix;05/08/2010 00:00:00
DEL COCO;GROGA;EXCEL-LENT;Mar arrissada;NO;24,10;21,30;ventolina;Mestral(NW);Baix;05/08/2010 00:00:00
DEL PONT DEL PETROLI;GROGA;EXCEL-LENT;Mar arrissada;NO;24,10;21,30;ventolina;Mestral(NW);Baix;05/08/2010 00:00:00
DE L ESTACIÓ;GROGA;EXCEL-LENT;Mar arrissada;NO;24,10;21,30;ventolina;Mestral(NW);Baix;05/08/2010 00:00:00
DEL PATí DE VELA;GROGA;EXCEL-LENT;Mar arrissada;NO;24,10;21,30;ventolina;Mestral(NW);Baix;05/08/2010 00:00:00
DELS PESCADORS;VERDA;EXCEL-LENT;Marejol;NO;24,60;22,20;vent fluixet;Mestral(NW);Baix;06/08/2010 00:00:00
DEL PONT D EN BOTIFARRETA;VERDA;EXCEL-LENT;Marejol;NO;24,60;22,20;vent fluixet;Mestral(NW);Baix;06/08/2010 00:00:00
DEL CRISTALL;VERDA;EXCEL-LENT;Marejol;NO;24,60;22,20;vent fluixet;Mestral(NW);Baix;06/08/2010 00:00:00
DE LA BARCA MARIA;VERDA;EXCEL-LENT;Marejol;NO;24,60;22,20;vent fluixet;Mestral(NW);Baix;06/08/2010 00:00:00
DE LA BARCA MARIA;VERDA;EXCEL-LENT;Marejol;NO;24,60;22,20;vent fluixet;Mestral(NW);Baix;06/08/2010 00:00:00
DEL PATí DE VELA;GROGA;EXCEL-LENT;Marejol;NO;24,60;22,20;vent fluixet;Mestral(NW);Baix;06/08/2010 00:00:00
DE L ESTACIÓ;GROGA;EXCEL-LENT;Marejol;NO;24,60;22,20;vent fluixet;Mestral(NW);Baix;06/08/2010 00:00:00
DEL PONT DEL PETROLI;GROGA;EXCEL-LENT;Marejol;NO;24,60;22,20;vent fluixet;Mestral(NW);Baix;06/08/2010 00:00:00
DEL COCO;GROGA;EXCEL-LENT;Marejol;NO;24,60;22,20;vent fluixet;Mestral(NW);Baix;06/08/2010 00:00:00
DE LA MORA;GROGA;EXCEL-LENT;Marejol;NO;24,60;22,20;vent fluixet;Mestral(NW);Baix;06/08/2010 00:00:00
DE LA MORA;VERDA;EXCEL-LENT;Marejol;NO;24,60;22,20;vent fluixet;Mestral(NW);Baix;06/08/2010 00:00:00
DEL COCO;VERDA;EXCEL-LENT;Marejol;NO;24,60;22,20;vent fluixet;Mestral(NW);Baix;06/08/2010 00:00:00
DEL PONT DEL PETROLI;VERDA;EXCEL-LENT;Marejol;NO;24,60;22,20;vent fluixet;Mestral(NW);Baix;06/08/2010 00:00:00
DE L ESTACIÓ;VERDA;EXCEL-LENT;Marejol;NO;24,60;22,20;vent fluixet;Mestral(NW);Baix;06/08/2010 00:00:00
DEL PATí DE VELA;VERDA;EXCEL-LENT;Marejol;NO;24,60;22,20;vent fluixet;Mestral(NW);Baix;06/08/2010 00:00:00
DELS PESCADORS;VERDA;EXCEL-LENT;Marejol;NO;24,60;22,20;vent fluixet;Mestral(NW);Baix;06/08/2010 00:00:00
DEL PONT D EN BOTIFARRETA;VERDA;EXCEL-LENT;Marejol;NO;24,60;22,20;vent fluixet;Mestral(NW);Baix;06/08/2010 00:00:00
DEL CRISTALL;VERDA;EXCEL-LENT;Marejol;NO;24,60;22,20;vent fluixet;Mestral(NW);Baix;06/08/2010 00:00:00
DE LA BARCA MARIA;VERDA;EXCEL-LENT;Marejol;NO;24,60;22,20;vent fluixet;Mestral(NW);Baix;06/08/2010 00:00:00
DE LA BARCA MARIA;VERDA;EXCEL-LENT;Maror;NO;24,60;22,20;vent fresquet;Migjorn(S);Molt Alt;06/08/2010 00:00:00
DEL CRISTALL;VERDA;EXCEL-LENT;Maror;NO;24,60;22,20;vent fresquet;Migjorn(S);Molt Alt;06/08/2010 00:00:00
DEL PONT D EN BOTIFARRETA;VERDA;EXCEL-LENT;Maror;NO;24,60;22,20;vent fresquet;Migjorn(S);Molt Alt;06/08/2010 00:00:00
DELS PESCADORS;VERDA;EXCEL-LENT;Maror;NO;24,60;22,20;vent fresquet;Migjorn(S);Molt Alt;06/08/2010 00:00:00
DEL PATí DE VELA;VERDA;EXCEL-LENT;Maror;NO;24,60;22,20;vent fresquet;Migjorn(S);Molt Alt;06/08/2010 00:00:00
DE L ESTACIÓ;VERDA;EXCEL-LENT;Maror;NO;24,60;22,20;vent fresquet;Migjorn(S);Molt Alt;06/08/2010 00:00:00
DEL PONT DEL PETROLI;VERDA;EXCEL-LENT;Maror;NO;24,60;22,20;vent fresquet;Migjorn(S);Molt Alt;06/08/2010 00:00:00
DEL COCO;VERDA;EXCEL-LENT;Maror;NO;24,60;22,20;vent fresquet;Migjorn(S);Molt Alt;06/08/2010 00:00:00
DEL COCO;GROGA;EXCEL-LENT;Maror;NO;24,60;22,20;vent fresquet;Migjorn(S);Molt Alt;06/08/2010 00:00:00
DE LA MORA;VERDA;EXCEL-LENT;Maror;NO;24,60;22,20;vent fresquet;Migjorn(S);Molt Alt;06/08/2010 00:00:00
DE LA MORA;GROGA;EXCEL-LENT;Maror;NO;24,60;22,20;vent fresquet;Migjorn(S);Molt Alt;06/08/2010 00:00:00
DEL COCO;GROGA;EXCEL-LENT;Maror;NO;24,60;22,20;vent fresquet;Migjorn(S);Molt Alt;06/08/2010 00:00:00
DEL PONT DEL PETROLI;GROGA;EXCEL-LENT;Maror;NO;24,60;22,20;vent fresquet;Migjorn(S);Molt Alt;06/08/2010 00:00:00
DE L ESTACIÓ;GROGA;EXCEL-LENT;Maror;NO;24,60;22,20;vent fresquet;Migjorn(S);Molt Alt;06/08/2010 00:00:00
DEL PATí DE VELA;GROGA;EXCEL-LENT;Maror;NO;24,60;22,20;vent fresquet;Migjorn(S);Molt Alt;06/08/2010 00:00:00
DELS PESCADORS;GROGA;EXCEL-LENT;Maror;NO;24,60;22,20;vent fresquet;Migjorn(S);Molt Alt;06/08/2010 00:00:00
DEL PONT D EN BOTIFARRETA;GROGA;EXCEL-LENT;Maror;NO;24,60;22,20;vent fresquet;Migjorn(S);Molt Alt;06/08/2010 00:00:00
DEL CRISTALL;GROGA;EXCEL-LENT;Maror;NO;24,60;22,20;vent fresquet;Migjorn(S);Molt Alt;06/08/2010 00:00:00
DE LA BARCA MARIA;GROGA;EXCEL-LENT;Maror;NO;24,60;22,20;vent fresquet;Migjorn(S);Molt Alt;06/08/2010 00:00:00
DE LA BARCA MARIA;GROGA;EXCEL-LENT;Mar arrissada;NO;25,10;23,80;vent fluixet;Mestral(NW);Baix;07/08/2010 00:00:00
DEL CRISTALL;GROGA;EXCEL-LENT;Mar arrissada;NO;25,10;23,80;vent fluixet;Mestral(NW);Baix;07/08/2010 00:00:00
DEL PONT D EN BOTIFARRETA;GROGA;EXCEL-LENT;Mar arrissada;NO;25,10;23,80;vent fluixet;Mestral(NW);Baix;07/08/2010 00:00:00
DELS PESCADORS;GROGA;EXCEL-LENT;Mar arrissada;NO;25,10;23,80;vent fluixet;Mestral(NW);Baix;07/08/2010 00:00:00
DEL PATí DE VELA;GROGA;EXCEL-LENT;Mar arrissada;NO;25,10;23,80;vent fluixet;Mestral(NW);Baix;07/08/2010 00:00:00
DE L ESTACIÓ;GROGA;EXCEL-LENT;Mar arrissada;NO;25,10;23,80;vent fluixet;Mestral(NW);Baix;07/08/2010 00:00:00
DEL PONT DEL PETROLI;GROGA;EXCEL-LENT;Mar arrissada;NO;25,10;23,80;vent fluixet;Mestral(NW);Baix;07/08/2010 00:00:00
DEL COCO;GROGA;EXCEL-LENT;Mar arrissada;NO;25,10;23,80;vent fluixet;Mestral(NW);Baix;07/08/2010 00:00:00
DE LA MORA;GROGA;EXCEL-LENT;Mar arrissada;NO;25,10;23,80;vent fluixet;Mestral(NW);Baix;07/08/2010 00:00:00
DE LA BARCA MARIA;VERDA;EXCEL-LENT;Mar arrissada;NO;25,10;23,80;vent fluixet;Mestral(NW);Baix;07/08/2010 00:00:00
DEL CRISTALL;VERDA;EXCEL-LENT;Mar arrissada;NO;25,10;23,80;vent fluixet;Mestral(NW);Baix;07/08/2010 00:00:00
DEL PONT D EN BOTIFARRETA;VERDA;EXCEL-LENT;Mar arrissada;NO;25,10;23,80;vent fluixet;Mestral(NW);Baix;07/08/2010 00:00:00
DELS PESCADORS;VERDA;EXCEL-LENT;Mar arrissada;NO;25,10;23,80;vent fluixet;Mestral(NW);Baix;07/08/2010 00:00:00
DEL PATí DE VELA;VERDA;EXCEL-LENT;Mar arrissada;NO;25,10;23,80;vent fluixet;Mestral(NW);Baix;07/08/2010 00:00:00
DE L ESTACIÓ;VERDA;EXCEL-LENT;Mar arrissada;NO;25,10;23,80;vent fluixet;Mestral(NW);Baix;07/08/2010 00:00:00
DEL PONT DEL PETROLI;VERDA;EXCEL-LENT;Mar arrissada;NO;25,10;23,80;vent fluixet;Mestral(NW);Baix;07/08/2010 00:00:00
DEL COCO;VERDA;EXCEL-LENT;Mar arrissada;NO;25,10;23,80;vent fluixet;Mestral(NW);Baix;07/08/2010 00:00:00
DE LA MORA;VERDA;EXCEL-LENT;Mar arrissada;NO;25,10;23,80;vent fluixet;Mestral(NW);Baix;07/08/2010 00:00:00
DE LA MORA;GROGA;EXCEL-LENT;Mar arrissada;NO;25,10;23,80;vent fluixet;Mestral(NW);Baix;07/08/2010 00:00:00
DEL COCO;GROGA;EXCEL-LENT;Mar arrissada;NO;25,10;23,80;vent fluixet;Mestral(NW);Baix;07/08/2010 00:00:00
DEL PONT DEL PETROLI;GROGA;EXCEL-LENT;Mar arrissada;NO;25,10;23,80;vent fluixet;Mestral(NW);Baix;07/08/2010 00:00:00
DE L ESTACIÓ;GROGA;EXCEL-LENT;Mar arrissada;NO;25,10;23,80;vent fluixet;Mestral(NW);Baix;07/08/2010 00:00:00
DEL PATí DE VELA;GROGA;EXCEL-LENT;Mar arrissada;NO;25,10;23,80;vent fluixet;Mestral(NW);Baix;07/08/2010 00:00:00
DELS PESCADORS;GROGA;EXCEL-LENT;Mar arrissada;NO;25,10;23,80;vent fluixet;Mestral(NW);Baix;07/08/2010 00:00:00
DEL PONT D EN BOTIFARRETA;GROGA;EXCEL-LENT;Mar arrissada;NO;25,10;23,80;vent fluixet;Mestral(NW);Baix;07/08/2010 00:00:00
DEL CRISTALL;GROGA;EXCEL-LENT;Mar arrissada;NO;25,10;23,80;vent fluixet;Mestral(NW);Baix;07/08/2010 00:00:00
DE LA BARCA MARIA;GROGA;EXCEL-LENT;Mar arrissada;NO;25,10;23,80;vent fluixet;Mestral(NW);Baix;07/08/2010 00:00:00
DE LA MORA;GROGA;EXCEL-LENT;Maror;NO;25,30;22,10;vent fresquet;Migjorn(S);Molt Alt;07/08/2010 00:00:00
DEL COCO;GROGA;EXCEL-LENT;Maror;NO;25,30;22,10;vent fresquet;Migjorn(S);Molt Alt;07/08/2010 00:00:00
DEL PONT DEL PETROLI;GROGA;EXCEL-LENT;Maror;NO;25,30;22,10;vent fresquet;Migjorn(S);Molt Alt;07/08/2010 00:00:00
DE L ESTACIÓ;GROGA;EXCEL-LENT;Maror;NO;25,30;22,10;vent fresquet;Migjorn(S);Molt Alt;07/08/2010 00:00:00
DEL PATí DE VELA;GROGA;EXCEL-LENT;Maror;NO;25,30;22,10;vent fresquet;Migjorn(S);Molt Alt;07/08/2010 00:00:00
DELS PESCADORS;GROGA;EXCEL-LENT;Maror;NO;25,30;22,10;vent fresquet;Migjorn(S);Molt Alt;07/08/2010 00:00:00
DEL PONT D EN BOTIFARRETA;GROGA;EXCEL-LENT;Maror;NO;25,30;22,10;vent fresquet;Migjorn(S);Molt Alt;07/08/2010 00:00:00
DEL CRISTALL;GROGA;EXCEL-LENT;Maror;NO;25,30;22,10;vent fresquet;Migjorn(S);Molt Alt;07/08/2010 00:00:00
DE LA BARCA MARIA;GROGA;EXCEL-LENT;Maror;NO;25,30;22,10;vent fresquet;Migjorn(S);Molt Alt;07/08/2010 00:00:00
DE LA BARCA MARIA;GROGA;EXCEL-LENT;Mar arrissada;NO;24,60;23,50;vent fluixet;Mestral(NW);Baix;08/08/2010 00:00:00
DEL CRISTALL;GROGA;EXCEL-LENT;Mar arrissada;NO;24,60;23,50;vent fluixet;Mestral(NW);Baix;08/08/2010 00:00:00
DEL PONT D EN BOTIFARRETA;GROGA;EXCEL-LENT;Mar arrissada;NO;24,60;23,50;vent fluixet;Mestral(NW);Baix;08/08/2010 00:00:00
DELS PESCADORS;GROGA;EXCEL-LENT;Mar arrissada;NO;24,60;23,50;vent fluixet;Mestral(NW);Baix;08/08/2010 00:00:00
DEL PATí DE VELA;GROGA;EXCEL-LENT;Mar arrissada;NO;24,60;23,50;vent fluixet;Mestral(NW);Baix;08/08/2010 00:00:00
DE L ESTACIÓ;GROGA;EXCEL-LENT;Mar arrissada;NO;24,60;23,50;vent fluixet;Mestral(NW);Baix;08/08/2010 00:00:00
DEL PONT DEL PETROLI;GROGA;EXCEL-LENT;Mar arrissada;NO;24,60;23,50;vent fluixet;Mestral(NW);Baix;08/08/2010 00:00:00
DEL PONT DEL PETROLI;VERDA;EXCEL-LENT;Mar arrissada;NO;24,60;23,50;vent fluixet;Mestral(NW);Baix;08/08/2010 00:00:00
DE L ESTACIÓ;VERDA;EXCEL-LENT;Mar arrissada;NO;24,60;23,50;vent fluixet;Mestral(NW);Baix;08/08/2010 00:00:00
DEL PONT DEL PETROLI;VERDA;EXCEL-LENT;Mar arrissada;NO;24,60;23,50;vent fluixet;Mestral(NW);Baix;08/08/2010 00:00:00
DEL COCO;GROGA;EXCEL-LENT;Mar arrissada;NO;24,60;23,50;vent fluixet;Mestral(NW);Baix;08/08/2010 00:00:00
DE LA MORA;GROGA;EXCEL-LENT;Mar arrissada;NO;24,60;23,50;vent fluixet;Mestral(NW);Baix;08/08/2010 00:00:00
DE LA MORA;VERDA;EXCEL-LENT;Mar arrissada;NO;24,60;23,50;vent fluixet;Mestral(NW);Baix;08/08/2010 00:00:00
DEL COCO;VERDA;EXCEL-LENT;Mar arrissada;NO;24,60;23,50;vent fluixet;Mestral(NW);Baix;08/08/2010 00:00:00
DEL PONT DEL PETROLI;VERDA;EXCEL-LENT;Mar arrissada;NO;24,60;23,50;vent fluixet;Mestral(NW);Baix;08/08/2010 00:00:00
DE L ESTACIÓ;VERDA;EXCEL-LENT;Mar arrissada;NO;24,60;23,50;vent fluixet;Mestral(NW);Baix;08/08/2010 00:00:00
DEL PATí DE VELA;VERDA;EXCEL-LENT;Mar arrissada;NO;24,60;23,50;vent fluixet;Mestral(NW);Baix;08/08/2010 00:00:00
DELS PESCADORS;VERDA;EXCEL-LENT;Mar arrissada;NO;24,60;23,50;vent fluixet;Mestral(NW);Baix;08/08/2010 00:00:00
DEL PONT D EN BOTIFARRETA;VERDA;EXCEL-LENT;Mar arrissada;NO;24,60;23,50;vent fluixet;Mestral(NW);Baix;08/08/2010 00:00:00
DEL CRISTALL;VERDA;EXCEL-LENT;Mar arrissada;NO;24,60;23,50;vent fluixet;Mestral(NW);Baix;08/08/2010 00:00:00
DE LA BARCA MARIA;VERDA;EXCEL-LENT;Mar arrissada;NO;24,60;23,50;vent fluixet;Mestral(NW);Baix;08/08/2010 00:00:00
DE LA BARCA MARIA;VERDA;EXCEL-LENT;Marejol;NO;24,80;22,20;vent fresquet;Migjorn(S);Alt;08/08/2010 00:00:00
DEL CRISTALL;VERDA;EXCEL-LENT;Marejol;NO;24,80;22,20;vent fresquet;Migjorn(S);Alt;08/08/2010 00:00:00
DEL PONT D EN BOTIFARRETA;VERDA;EXCEL-LENT;Marejol;NO;24,80;22,20;vent fresquet;Migjorn(S);Alt;08/08/2010 00:00:00
DELS PESCADORS;VERDA;EXCEL-LENT;Marejol;NO;24,80;22,20;vent fresquet;Migjorn(S);Alt;08/08/2010 00:00:00
DEL PATí DE VELA;VERDA;EXCEL-LENT;Marejol;NO;24,80;22,20;vent fresquet;Migjorn(S);Alt;08/08/2010 00:00:00
DE L ESTACIÓ;VERDA;EXCEL-LENT;Marejol;NO;24,80;22,20;vent fresquet;Migjorn(S);Alt;08/08/2010 00:00:00
DEL PONT DEL PETROLI;VERDA;EXCEL-LENT;Marejol;NO;24,80;22,20;vent fresquet;Migjorn(S);Alt;08/08/2010 00:00:00
DEL COCO;VERDA;EXCEL-LENT;Marejol;NO;24,80;22,20;vent fresquet;Migjorn(S);Alt;08/08/2010 00:00:00
DE LA MORA;VERDA;EXCEL-LENT;Marejol;NO;24,80;22,20;vent fresquet;Migjorn(S);Alt;08/08/2010 00:00:00
DE LA MORA;GROGA;EXCEL-LENT;Marejol;NO;24,80;22,20;vent fresquet;Migjorn(S);Alt;08/08/2010 00:00:00
DEL COCO;GROGA;EXCEL-LENT;Marejol;NO;24,80;22,20;vent fresquet;Migjorn(S);Alt;08/08/2010 00:00:00
DEL PONT DEL PETROLI;GROGA;EXCEL-LENT;Marejol;NO;24,80;22,20;vent fresquet;Migjorn(S);Alt;08/08/2010 00:00:00
DE L ESTACIÓ;GROGA;EXCEL-LENT;Marejol;NO;24,80;22,20;vent fresquet;Migjorn(S);Alt;08/08/2010 00:00:00
DEL PATí DE VELA;GROGA;EXCEL-LENT;Marejol;NO;24,80;22,20;vent fresquet;Migjorn(S);Alt;08/08/2010 00:00:00
DELS PESCADORS;GROGA;EXCEL-LENT;Marejol;NO;24,80;22,20;vent fresquet;Migjorn(S);Alt;08/08/2010 00:00:00
DEL PONT D EN BOTIFARRETA;GROGA;EXCEL-LENT;Marejol;NO;24,80;22,20;vent fresquet;Migjorn(S);Alt;08/08/2010 00:00:00
DEL CRISTALL;GROGA;EXCEL-LENT;Marejol;NO;24,80;22,20;vent fresquet;Migjorn(S);Alt;08/08/2010 00:00:00
DE LA BARCA MARIA;GROGA;EXCEL-LENT;Marejol;NO;24,80;22,20;vent fresquet;Migjorn(S);Alt;08/08/2010 00:00:00
DE LA BARCA MARIA;GROGA;EXCEL-LENT;Mar arrissada;NO;24,60;27,40;vent fluixet;Mestral(NW);Baix;09/08/2010 00:00:00
DEL CRISTALL;GROGA;EXCEL-LENT;Mar arrissada;NO;24,60;27,40;vent fluixet;Mestral(NW);Baix;09/08/2010 00:00:00
DEL PONT D EN BOTIFARRETA;GROGA;EXCEL-LENT;Mar arrissada;NO;24,60;27,40;vent fluixet;Mestral(NW);Baix;09/08/2010 00:00:00
DELS PESCADORS;GROGA;EXCEL-LENT;Mar arrissada;NO;24,60;27,40;vent fluixet;Mestral(NW);Baix;09/08/2010 00:00:00
DEL PATí DE VELA;GROGA;EXCEL-LENT;Mar arrissada;NO;24,60;27,40;vent fluixet;Mestral(NW);Baix;09/08/2010 00:00:00
DE L ESTACIÓ;GROGA;EXCEL-LENT;Mar arrissada;NO;24,60;27,40;vent fluixet;Mestral(NW);Baix;09/08/2010 00:00:00
DE L ESTACIÓ;VERDA;EXCEL-LENT;Mar arrissada;NO;24,60;27,40;vent fluixet;Mestral(NW);Baix;09/08/2010 00:00:00
DEL PONT DEL PETROLI;GROGA;EXCEL-LENT;Mar arrissada;NO;24,60;27,40;vent fluixet;Mestral(NW);Baix;09/08/2010 00:00:00
DEL COCO;GROGA;EXCEL-LENT;Mar arrissada;NO;24,60;27,40;vent fluixet;Mestral(NW);Baix;09/08/2010 00:00:00
DE LA MORA;GROGA;EXCEL-LENT;Mar arrissada;NO;24,60;27,40;vent fluixet;Mestral(NW);Baix;09/08/2010 00:00:00
DE LA MORA;VERDA;EXCEL-LENT;Mar arrissada;NO;24,60;27,40;vent fluixet;Mestral(NW);Baix;09/08/2010 00:00:00
DEL COCO;VERDA;EXCEL-LENT;Mar arrissada;NO;24,60;27,40;vent fluixet;Mestral(NW);Baix;09/08/2010 00:00:00
DEL PONT DEL PETROLI;VERDA;EXCEL-LENT;Mar arrissada;NO;24,60;27,40;vent fluixet;Mestral(NW);Baix;09/08/2010 00:00:00
DE L ESTACIÓ;VERDA;EXCEL-LENT;Mar arrissada;NO;24,60;27,40;vent fluixet;Mestral(NW);Baix;09/08/2010 00:00:00
DEL PATí DE VELA;VERDA;EXCEL-LENT;Mar arrissada;NO;24,60;27,40;vent fluixet;Mestral(NW);Baix;09/08/2010 00:00:00
DELS PESCADORS;VERDA;EXCEL-LENT;Mar arrissada;NO;24,60;27,40;vent fluixet;Mestral(NW);Baix;09/08/2010 00:00:00
DEL PONT D EN BOTIFARRETA;VERDA;EXCEL-LENT;Mar arrissada;NO;24,60;27,40;vent fluixet;Mestral(NW);Baix;09/08/2010 00:00:00
DEL CRISTALL;VERDA;EXCEL-LENT;Mar arrissada;NO;24,60;27,40;vent fluixet;Mestral(NW);Baix;09/08/2010 00:00:00
DE LA BARCA MARIA;VERDA;EXCEL-LENT;Mar arrissada;NO;24,60;27,40;vent fluixet;Mestral(NW);Baix;09/08/2010 00:00:00
DE LA MORA;VERDA;EXCEL-LENT;Mar arrissada;NO;26,30;25,20;vent fluixet;Xaloc(SE);Baix;10/08/2010 00:00:00
DEL COCO;VERDA;EXCEL-LENT;Mar arrissada;NO;26,30;25,20;vent fluixet;Xaloc(SE);Baix;10/08/2010 00:00:00
DEL PONT DEL PETROLI;VERDA;EXCEL-LENT;Mar arrissada;NO;26,30;25,20;vent fluixet;Xaloc(SE);Baix;10/08/2010 00:00:00
DE L ESTACIÓ;VERDA;EXCEL-LENT;Mar arrissada;NO;26,30;25,20;vent fluixet;Xaloc(SE);Baix;10/08/2010 00:00:00
DEL PATí DE VELA;VERDA;EXCEL-LENT;Mar arrissada;NO;26,30;25,20;vent fluixet;Xaloc(SE);Baix;10/08/2010 00:00:00
DELS PESCADORS;VERDA;EXCEL-LENT;Mar arrissada;NO;26,30;25,20;vent fluixet;Xaloc(SE);Baix;10/08/2010 00:00:00
DEL PONT D EN BOTIFARRETA;VERDA;EXCEL-LENT;Mar arrissada;NO;26,30;25,20;vent fluixet;Xaloc(SE);Baix;10/08/2010 00:00:00
DEL CRISTALL;VERDA;EXCEL-LENT;Mar arrissada;NO;26,30;25,20;vent fluixet;Xaloc(SE);Baix;10/08/2010 00:00:00
DE LA BARCA MARIA;VERDA;EXCEL-LENT;Mar arrissada;NO;26,30;25,20;vent fluixet;Xaloc(SE);Baix;10/08/2010 00:00:00
DE LA MORA;VERDA;EXCEL-LENT;Mar arrissada;NO;24,70;28,40;ventolina;Llevant(E);Baix;11/08/2010 00:00:00
DEL COCO;VERDA;EXCEL-LENT;Mar arrissada;NO;24,70;28,40;ventolina;Llevant(E);Baix;11/08/2010 00:00:00
DEL PONT DEL PETROLI;VERDA;EXCEL-LENT;Mar arrissada;NO;24,70;28,40;ventolina;Llevant(E);Baix;11/08/2010 00:00:00
DE L ESTACIÓ;VERDA;EXCEL-LENT;Mar arrissada;NO;24,70;28,40;ventolina;Llevant(E);Baix;11/08/2010 00:00:00
DEL PATí DE VELA;VERDA;EXCEL-LENT;Mar arrissada;NO;24,70;28,40;ventolina;Llevant(E);Baix;11/08/2010 00:00:00
DELS PESCADORS;VERDA;EXCEL-LENT;Mar arrissada;NO;24,70;28,40;ventolina;Llevant(E);Baix;11/08/2010 00:00:00
DEL PONT D EN BOTIFARRETA;VERDA;EXCEL-LENT;Mar arrissada;NO;24,70;28,40;ventolina;Llevant(E);Baix;11/08/2010 00:00:00
DEL CRISTALL;VERDA;EXCEL-LENT;Mar arrissada;NO;24,70;28,40;ventolina;Llevant(E);Baix;11/08/2010 00:00:00
DE LA BARCA MARIA;VERDA;EXCEL-LENT;Mar arrissada;NO;24,70;28,40;ventolina;Llevant(E);Baix;11/08/2010 00:00:00
DE LA MORA;VERDA;EXCEL-LENT;Mar arrissada;NO;24,90;24,30;ventolina;Mestral(NW);Baix;12/08/2010 00:00:00
DEL COCO;VERDA;EXCEL-LENT;Mar arrissada;NO;24,90;24,30;ventolina;Mestral(NW);Baix;12/08/2010 00:00:00
DEL PONT DEL PETROLI;VERDA;EXCEL-LENT;Mar arrissada;NO;24,90;24,30;ventolina;Mestral(NW);Baix;12/08/2010 00:00:00
DE L ESTACIÓ;VERDA;EXCEL-LENT;Mar arrissada;NO;24,90;24,30;ventolina;Mestral(NW);Baix;12/08/2010 00:00:00
DEL PATí DE VELA;VERDA;EXCEL-LENT;Mar arrissada;NO;24,90;24,30;ventolina;Mestral(NW);Baix;12/08/2010 00:00:00
DELS PESCADORS;VERDA;EXCEL-LENT;Mar arrissada;NO;24,90;24,30;ventolina;Mestral(NW);Baix;12/08/2010 00:00:00
DEL PONT D EN BOTIFARRETA;VERDA;EXCEL-LENT;Mar arrissada;NO;24,90;24,30;ventolina;Mestral(NW);Baix;12/08/2010 00:00:00
DEL CRISTALL;VERDA;EXCEL-LENT;Mar arrissada;NO;24,90;24,30;ventolina;Mestral(NW);Baix;12/08/2010 00:00:00
DE LA BARCA MARIA;VERDA;EXCEL-LENT;Mar arrissada;NO;24,90;24,30;ventolina;Mestral(NW);Baix;12/08/2010 00:00:00
DE LA MORA;VERDA;EXCEL-LENT;Mar arrissada;NO;25,10;22,50;vent fluix;Xaloc(SE);Moderat;13/08/2010 00:00:00
DEL COCO;VERDA;EXCEL-LENT;Mar arrissada;NO;25,10;22,50;vent fluix;Xaloc(SE);Moderat;13/08/2010 00:00:00
DEL PONT DEL PETROLI;VERDA;EXCEL-LENT;Mar arrissada;NO;25,10;22,50;vent fluix;Xaloc(SE);Moderat;13/08/2010 00:00:00
DE L ESTACIÓ;VERDA;EXCEL-LENT;Mar arrissada;NO;25,10;22,50;vent fluix;Xaloc(SE);Moderat;13/08/2010 00:00:00
DEL PATí DE VELA;VERDA;EXCEL-LENT;Mar arrissada;NO;25,10;22,50;vent fluix;Xaloc(SE);Moderat;13/08/2010 00:00:00
DELS PESCADORS;VERDA;EXCEL-LENT;Mar arrissada;NO;25,10;22,50;vent fluix;Xaloc(SE);Moderat;13/08/2010 00:00:00
DEL PONT D EN BOTIFARRETA;VERDA;EXCEL-LENT;Mar arrissada;NO;25,10;22,50;vent fluix;Xaloc(SE);Moderat;13/08/2010 00:00:00
DEL CRISTALL;VERDA;EXCEL-LENT;Mar arrissada;NO;25,10;22,50;vent fluix;Xaloc(SE);Moderat;13/08/2010 00:00:00
DE LA BARCA MARIA;VERDA;EXCEL-LENT;Mar arrissada;NO;25,10;22,50;vent fluix;Xaloc(SE);Moderat;13/08/2010 00:00:00
DE LA BARCA MARIA;VERDA;EXCEL-LENT;Mar arrissada;NO;25,10;22,50;vent fluix;Xaloc(SE);Moderat;14/08/2010 00:00:00
DEL CRISTALL;VERDA;EXCEL-LENT;Mar arrissada;NO;25,10;22,50;vent fluix;Xaloc(SE);Moderat;14/08/2010 00:00:00
DEL PONT D EN BOTIFARRETA;VERDA;EXCEL-LENT;Mar arrissada;NO;25,10;22,50;vent fluix;Xaloc(SE);Moderat;14/08/2010 00:00:00
DELS PESCADORS;VERDA;EXCEL-LENT;Mar arrissada;NO;25,10;22,50;vent fluix;Xaloc(SE);Moderat;14/08/2010 00:00:00
DEL PATí DE VELA;VERDA;EXCEL-LENT;Mar arrissada;NO;25,10;22,50;vent fluix;Xaloc(SE);Moderat;14/08/2010 00:00:00
DE L ESTACIÓ;VERDA;EXCEL-LENT;Mar arrissada;NO;25,10;22,50;vent fluix;Xaloc(SE);Moderat;14/08/2010 00:00:00
DEL PONT DEL PETROLI;VERDA;EXCEL-LENT;Mar arrissada;NO;25,10;22,50;vent fluix;Xaloc(SE);Moderat;14/08/2010 00:00:00
DEL COCO;VERDA;EXCEL-LENT;Mar arrissada;NO;25,10;22,50;vent fluix;Xaloc(SE);Moderat;14/08/2010 00:00:00
DE LA MORA;VERDA;EXCEL-LENT;Mar arrissada;NO;25,10;22,50;vent fluix;Xaloc(SE);Moderat;14/08/2010 00:00:00
DE LA MORA;VERMELLA;PENDENT ANALIT.;Mar arrissada;NO;25,10;22,50;vent fluix;Xaloc(SE);Moderat;14/08/2010 00:00:00
DEL COCO;VERMELLA;PENDENT ANALIT.;Mar arrissada;NO;25,10;22,50;vent fluix;Xaloc(SE);Moderat;14/08/2010 00:00:00
DEL PONT DEL PETROLI;VERMELLA;PENDENT ANALIT.;Mar arrissada;NO;25,10;22,50;vent fluix;Xaloc(SE);Moderat;14/08/2010 00:00:00
DE L ESTACIÓ;VERMELLA;PENDENT ANALIT.;Mar arrissada;NO;25,10;22,50;vent fluix;Xaloc(SE);Moderat;14/08/2010 00:00:00
DEL PATí DE VELA;VERMELLA;PENDENT ANALIT.;Mar arrissada;NO;25,10;22,50;vent fluix;Xaloc(SE);Moderat;14/08/2010 00:00:00
DELS PESCADORS;VERMELLA;PENDENT ANALIT.;Mar arrissada;NO;25,10;22,50;vent fluix;Xaloc(SE);Moderat;14/08/2010 00:00:00
DEL PONT D EN BOTIFARRETA;VERMELLA;PENDENT ANALIT.;Mar arrissada;NO;25,10;22,50;vent fluix;Xaloc(SE);Moderat;14/08/2010 00:00:00
DEL CRISTALL;VERMELLA;PENDENT ANALIT.;Mar arrissada;NO;25,10;22,50;vent fluix;Xaloc(SE);Moderat;14/08/2010 00:00:00
DE LA BARCA MARIA;VERMELLA;PENDENT ANALIT.;Mar arrissada;NO;25,10;22,50;vent fluix;Xaloc(SE);Moderat;14/08/2010 00:00:00
DE LA MORA;VERMELLA;PENDENT ANALIT.;Mar arrissada;NO;24,90;20,10;vent fluixet;Mestral(NW);Baix;15/08/2010 00:00:00
DEL COCO;VERMELLA;PENDENT ANALIT.;Mar arrissada;NO;24,90;20,10;vent fluixet;Mestral(NW);Baix;15/08/2010 00:00:00
DEL PONT DEL PETROLI;VERMELLA;PENDENT ANALIT.;Mar arrissada;NO;24,90;20,10;vent fluixet;Mestral(NW);Baix;15/08/2010 00:00:00
DE L ESTACIÓ;VERMELLA;PENDENT ANALIT.;Mar arrissada;NO;24,90;20,10;vent fluixet;Mestral(NW);Baix;15/08/2010 00:00:00
DEL PATí DE VELA;VERMELLA;PENDENT ANALIT.;Mar arrissada;NO;24,90;20,10;vent fluixet;Mestral(NW);Baix;15/08/2010 00:00:00
DELS PESCADORS;VERMELLA;PENDENT ANALIT.;Mar arrissada;NO;24,90;20,10;vent fluixet;Mestral(NW);Baix;15/08/2010 00:00:00
DEL PONT D EN BOTIFARRETA;VERMELLA;PENDENT ANALIT.;Mar arrissada;NO;24,90;20,10;vent fluixet;Mestral(NW);Baix;15/08/2010 00:00:00
DEL CRISTALL;VERMELLA;PENDENT ANALIT.;Mar arrissada;NO;24,90;20,10;vent fluixet;Mestral(NW);Baix;15/08/2010 00:00:00
DE LA BARCA MARIA;VERMELLA;PENDENT ANALIT.;Mar arrissada;NO;24,90;20,10;vent fluixet;Mestral(NW);Baix;15/08/2010 00:00:00
DE LA BARCA MARIA;VERMELLA;PENDENT ANALIT.;Mar arrissada;NO;24,80;20,70;vent fluixet;Mestral(NW);Baix;16/08/2010 00:00:00
DE LA BARCA MARIA;VERDA;EXCEL-LENT;Mar arrissada;NO;24,80;20,70;vent fluixet;Mestral(NW);Baix;16/08/2010 00:00:00
DEL CRISTALL;VERMELLA;PENDENT ANALIT.;Mar arrissada;NO;24,80;20,70;vent fluixet;Mestral(NW);Baix;16/08/2010 00:00:00
DEL PONT D EN BOTIFARRETA;VERMELLA;PENDENT ANALIT.;Mar arrissada;NO;24,80;20,70;vent fluixet;Mestral(NW);Baix;16/08/2010 00:00:00
DELS PESCADORS;VERMELLA;PENDENT ANALIT.;Mar arrissada;NO;24,80;20,70;vent fluixet;Mestral(NW);Baix;16/08/2010 00:00:00
DEL PATí DE VELA;VERMELLA;PENDENT ANALIT.;Mar arrissada;NO;24,80;20,70;vent fluixet;Mestral(NW);Baix;16/08/2010 00:00:00
DE L ESTACIÓ;VERMELLA;PENDENT ANALIT.;Mar arrissada;NO;24,80;20,70;vent fluixet;Mestral(NW);Baix;16/08/2010 00:00:00
DEL PONT DEL PETROLI;VERMELLA;PENDENT ANALIT.;Mar arrissada;NO;24,80;20,70;vent fluixet;Mestral(NW);Baix;16/08/2010 00:00:00
DEL COCO;VERMELLA;PENDENT ANALIT.;Mar arrissada;NO;24,80;20,70;vent fluixet;Mestral(NW);Baix;16/08/2010 00:00:00
DE LA MORA;VERMELLA;PENDENT ANALIT.;Mar arrissada;NO;24,80;20,70;vent fluixet;Mestral(NW);Baix;16/08/2010 00:00:00
DE LA MORA;VERDA;EXCEL-LENT;Mar arrissada;NO;24,80;20,70;vent fluixet;Mestral(NW);Baix;16/08/2010 00:00:00
DEL COCO;VERDA;EXCEL-LENT;Mar arrissada;NO;24,80;20,70;vent fluixet;Mestral(NW);Baix;16/08/2010 00:00:00
DEL PONT DEL PETROLI;VERDA;EXCEL-LENT;Mar arrissada;NO;24,80;20,70;vent fluixet;Mestral(NW);Baix;16/08/2010 00:00:00
DE L ESTACIÓ;VERDA;EXCEL-LENT;Mar arrissada;NO;24,80;20,70;vent fluixet;Mestral(NW);Baix;16/08/2010 00:00:00
DEL PATí DE VELA;VERDA;EXCEL-LENT;Mar arrissada;NO;24,80;20,70;vent fluixet;Mestral(NW);Baix;16/08/2010 00:00:00
DELS PESCADORS;VERDA;EXCEL-LENT;Mar arrissada;NO;24,80;20,70;vent fluixet;Mestral(NW);Baix;16/08/2010 00:00:00
DEL PONT D EN BOTIFARRETA;VERDA;EXCEL-LENT;Mar arrissada;NO;24,80;20,70;vent fluixet;Mestral(NW);Baix;16/08/2010 00:00:00
DEL CRISTALL;VERDA;EXCEL-LENT;Mar arrissada;NO;24,80;20,70;vent fluixet;Mestral(NW);Baix;16/08/2010 00:00:00
DE LA BARCA MARIA;VERDA;EXCEL-LENT;Mar arrissada;NO;24,80;20,70;vent fluixet;Mestral(NW);Baix;16/08/2010 00:00:00
DE LA MORA;VERDA;EXCEL-LENT;Mar arrissada;NO;24,90;23,00;vent fluixet;Tramuntana(N);Baix;17/08/2010 00:00:00
DEL COCO;VERDA;EXCEL-LENT;Mar arrissada;NO;24,90;23,00;vent fluixet;Tramuntana(N);Baix;17/08/2010 00:00:00
DEL PONT DEL PETROLI;VERDA;EXCEL-LENT;Mar arrissada;NO;24,90;23,00;vent fluixet;Tramuntana(N);Baix;17/08/2010 00:00:00
DE L ESTACIÓ;VERDA;EXCEL-LENT;Mar arrissada;NO;24,90;23,00;vent fluixet;Tramuntana(N);Baix;17/08/2010 00:00:00
DEL PATí DE VELA;VERDA;EXCEL-LENT;Mar arrissada;NO;24,90;23,00;vent fluixet;Tramuntana(N);Baix;17/08/2010 00:00:00
DELS PESCADORS;VERDA;EXCEL-LENT;Mar arrissada;NO;24,90;23,00;vent fluixet;Tramuntana(N);Baix;17/08/2010 00:00:00
DEL PONT D EN BOTIFARRETA;VERDA;EXCEL-LENT;Mar arrissada;NO;24,90;23,00;vent fluixet;Tramuntana(N);Baix;17/08/2010 00:00:00
DEL CRISTALL;VERDA;EXCEL-LENT;Mar arrissada;NO;24,90;23,00;vent fluixet;Tramuntana(N);Baix;17/08/2010 00:00:00
DE LA BARCA MARIA;VERDA;EXCEL-LENT;Mar arrissada;NO;24,90;23,00;vent fluixet;Tramuntana(N);Baix;17/08/2010 00:00:00
DE LA MORA;VERDA;EXCEL-LENT;Mar arrissada;NO;24,90;23,40;vent fluixet;Tramuntana(N);Baix;17/08/2010 00:00:00
DEL COCO;VERDA;EXCEL-LENT;Mar arrissada;NO;24,90;23,40;vent fluixet;Tramuntana(N);Baix;17/08/2010 00:00:00
DEL PONT DEL PETROLI;VERDA;EXCEL-LENT;Mar arrissada;NO;24,90;23,40;vent fluixet;Tramuntana(N);Baix;17/08/2010 00:00:00
DE L ESTACIÓ;VERDA;EXCEL-LENT;Mar arrissada;NO;24,90;23,40;vent fluixet;Tramuntana(N);Baix;17/08/2010 00:00:00
DEL PATí DE VELA;VERDA;EXCEL-LENT;Mar arrissada;NO;24,90;23,40;vent fluixet;Tramuntana(N);Baix;17/08/2010 00:00:00
DELS PESCADORS;VERDA;EXCEL-LENT;Mar arrissada;NO;24,90;23,40;vent fluixet;Tramuntana(N);Baix;17/08/2010 00:00:00
DEL PONT D EN BOTIFARRETA;VERDA;EXCEL-LENT;Mar arrissada;NO;24,90;23,40;vent fluixet;Tramuntana(N);Baix;17/08/2010 00:00:00
DEL CRISTALL;VERDA;EXCEL-LENT;Mar arrissada;NO;24,90;23,40;vent fluixet;Tramuntana(N);Baix;17/08/2010 00:00:00
DE LA BARCA MARIA;VERDA;EXCEL-LENT;Mar arrissada;NO;24,90;23,40;vent fluixet;Tramuntana(N);Baix;17/08/2010 00:00:00
DE LA MORA;VERDA;EXCEL-LENT;Mar arrissada;NO;24,90;22,00;vent fresquet;Migjorn(S);Molt Alt;17/08/2010 00:00:00
DEL COCO;VERDA;EXCEL-LENT;Mar arrissada;NO;24,90;22,00;vent fresquet;Migjorn(S);Molt Alt;17/08/2010 00:00:00
DEL PONT DEL PETROLI;VERDA;EXCEL-LENT;Mar arrissada;NO;24,90;22,00;vent fresquet;Migjorn(S);Molt Alt;17/08/2010 00:00:00
DE L ESTACIÓ;VERDA;EXCEL-LENT;Mar arrissada;NO;24,90;22,00;vent fresquet;Migjorn(S);Molt Alt;17/08/2010 00:00:00
DEL PATí DE VELA;VERDA;EXCEL-LENT;Mar arrissada;NO;24,90;22,00;vent fresquet;Migjorn(S);Molt Alt;17/08/2010 00:00:00
DELS PESCADORS;VERDA;EXCEL-LENT;Mar arrissada;NO;24,90;22,00;vent fresquet;Migjorn(S);Molt Alt;17/08/2010 00:00:00
DEL PONT D EN BOTIFARRETA;VERDA;EXCEL-LENT;Mar arrissada;NO;24,90;22,00;vent fresquet;Migjorn(S);Molt Alt;17/08/2010 00:00:00
DEL CRISTALL;VERDA;EXCEL-LENT;Mar arrissada;NO;24,90;22,00;vent fresquet;Migjorn(S);Molt Alt;17/08/2010 00:00:00
DE LA BARCA MARIA;VERDA;EXCEL-LENT;Mar arrissada;NO;24,90;22,00;vent fresquet;Migjorn(S);Molt Alt;17/08/2010 00:00:00
DE LA MORA;VERDA;EXCEL-LENT;Marejol;NO;24,90;22,00;vent fresquet;Migjorn(S);Molt Alt;17/08/2010 00:00:00
DEL COCO;VERDA;EXCEL-LENT;Marejol;NO;24,90;22,00;vent fresquet;Migjorn(S);Molt Alt;17/08/2010 00:00:00
DEL PONT DEL PETROLI;VERDA;EXCEL-LENT;Marejol;NO;24,90;22,00;vent fresquet;Migjorn(S);Molt Alt;17/08/2010 00:00:00
DE L ESTACIÓ;VERDA;EXCEL-LENT;Marejol;NO;24,90;22,00;vent fresquet;Migjorn(S);Molt Alt;17/08/2010 00:00:00
DEL PATí DE VELA;VERDA;EXCEL-LENT;Marejol;NO;24,90;22,00;vent fresquet;Migjorn(S);Molt Alt;17/08/2010 00:00:00
DELS PESCADORS;VERDA;EXCEL-LENT;Marejol;NO;24,90;22,00;vent fresquet;Migjorn(S);Molt Alt;17/08/2010 00:00:00
DEL PONT D EN BOTIFARRETA;VERDA;EXCEL-LENT;Marejol;NO;24,90;22,00;vent fresquet;Migjorn(S);Molt Alt;17/08/2010 00:00:00
DEL CRISTALL;VERDA;EXCEL-LENT;Marejol;NO;24,90;22,00;vent fresquet;Migjorn(S);Molt Alt;17/08/2010 00:00:00
DE LA BARCA MARIA;VERDA;EXCEL-LENT;Marejol;NO;24,90;22,00;vent fresquet;Migjorn(S);Molt Alt;17/08/2010 00:00:00
DE LA MORA;VERDA;EXCEL-LENT;Marejol;NO;24,00;26,00;vent fluixet;Mestral(NW);Alt;18/08/2010 00:00:00
DEL COCO;VERDA;EXCEL-LENT;Marejol;NO;24,00;26,00;vent fluixet;Mestral(NW);Alt;18/08/2010 00:00:00
DEL PONT DEL PETROLI;VERDA;EXCEL-LENT;Marejol;NO;24,00;26,00;vent fluixet;Mestral(NW);Alt;18/08/2010 00:00:00
DE L ESTACIÓ;VERDA;EXCEL-LENT;Marejol;NO;24,00;26,00;vent fluixet;Mestral(NW);Alt;18/08/2010 00:00:00
DEL PATí DE VELA;VERDA;EXCEL-LENT;Marejol;NO;24,00;26,00;vent fluixet;Mestral(NW);Alt;18/08/2010 00:00:00
DELS PESCADORS;VERDA;EXCEL-LENT;Marejol;NO;24,00;26,00;vent fluixet;Mestral(NW);Alt;18/08/2010 00:00:00
DEL PONT D EN BOTIFARRETA;VERDA;EXCEL-LENT;Marejol;NO;24,00;26,00;vent fluixet;Mestral(NW);Alt;18/08/2010 00:00:00
DEL CRISTALL;VERDA;EXCEL-LENT;Marejol;NO;24,00;26,00;vent fluixet;Mestral(NW);Alt;18/08/2010 00:00:00
DE LA BARCA MARIA;VERDA;EXCEL-LENT;Marejol;NO;24,00;26,00;vent fluixet;Mestral(NW);Alt;18/08/2010 00:00:00
DE LA MORA;VERDA;EXCEL-LENT;Marejol;NO;24,00;22,00;vent fresc;Llebeig o Grab¿(SW);Molt Alt;18/08/2010 00:00:00
DEL COCO;VERDA;EXCEL-LENT;Marejol;NO;24,00;22,00;vent fresc;Llebeig o Grab¿(SW);Molt Alt;18/08/2010 00:00:00
DEL PONT DEL PETROLI;VERDA;EXCEL-LENT;Marejol;NO;24,00;22,00;vent fresc;Llebeig o Grab¿(SW);Molt Alt;18/08/2010 00:00:00
DE L ESTACIÓ;VERDA;EXCEL-LENT;Marejol;NO;24,00;22,00;vent fresc;Llebeig o Grab¿(SW);Molt Alt;18/08/2010 00:00:00
DEL PATí DE VELA;VERDA;EXCEL-LENT;Marejol;NO;24,00;22,00;vent fresc;Llebeig o Grab¿(SW);Molt Alt;18/08/2010 00:00:00
DELS PESCADORS;VERDA;EXCEL-LENT;Marejol;NO;24,00;22,00;vent fresc;Llebeig o Grab¿(SW);Molt Alt;18/08/2010 00:00:00
DEL PONT D EN BOTIFARRETA;VERDA;EXCEL-LENT;Marejol;NO;24,00;22,00;vent fresc;Llebeig o Grab¿(SW);Molt Alt;18/08/2010 00:00:00
DEL CRISTALL;VERDA;EXCEL-LENT;Marejol;NO;24,00;22,00;vent fresc;Llebeig o Grab¿(SW);Molt Alt;18/08/2010 00:00:00
DE LA BARCA MARIA;VERDA;EXCEL-LENT;Marejol;NO;24,00;22,00;vent fresc;Llebeig o Grab¿(SW);Molt Alt;18/08/2010 00:00:00
DE LA MORA;VERDA;EXCEL-LENT;Mar arrissada;NO;21,80;25,40;ventolina;Tramuntana(N);Baix;19/08/2010 00:00:00
DEL COCO;VERDA;EXCEL-LENT;Mar arrissada;NO;21,80;25,40;ventolina;Tramuntana(N);Baix;19/08/2010 00:00:00
DEL PONT DEL PETROLI;VERDA;EXCEL-LENT;Mar arrissada;NO;21,80;25,40;ventolina;Tramuntana(N);Baix;19/08/2010 00:00:00
DE L ESTACIÓ;VERDA;EXCEL-LENT;Mar arrissada;NO;21,80;25,40;ventolina;Tramuntana(N);Baix;19/08/2010 00:00:00
DEL PATí DE VELA;VERDA;EXCEL-LENT;Mar arrissada;NO;21,80;25,40;ventolina;Tramuntana(N);Baix;19/08/2010 00:00:00
DELS PESCADORS;VERDA;EXCEL-LENT;Mar arrissada;NO;21,80;25,40;ventolina;Tramuntana(N);Baix;19/08/2010 00:00:00
DEL PONT D EN BOTIFARRETA;VERDA;EXCEL-LENT;Mar arrissada;NO;21,80;25,40;ventolina;Tramuntana(N);Baix;19/08/2010 00:00:00
DEL CRISTALL;VERDA;EXCEL-LENT;Mar arrissada;NO;21,80;25,40;ventolina;Tramuntana(N);Baix;19/08/2010 00:00:00
DE LA BARCA MARIA;VERDA;EXCEL-LENT;Mar arrissada;NO;21,80;25,40;ventolina;Tramuntana(N);Baix;19/08/2010 00:00:00
DE LA MORA;VERDA;EXCEL-LENT;Mar arrissada;NO;24,50;26,40;ventolina;Mestral(NW);Alt;20/08/2010 00:00:00
DEL COCO;VERDA;EXCEL-LENT;Mar arrissada;NO;24,50;26,40;ventolina;Mestral(NW);Alt;20/08/2010 00:00:00
DEL PONT DEL PETROLI;VERDA;EXCEL-LENT;Mar arrissada;NO;24,50;26,40;ventolina;Mestral(NW);Alt;20/08/2010 00:00:00
DE L ESTACIÓ;VERDA;EXCEL-LENT;Mar arrissada;NO;24,50;26,40;ventolina;Mestral(NW);Alt;20/08/2010 00:00:00
DEL PATí DE VELA;VERDA;EXCEL-LENT;Mar arrissada;NO;24,50;26,40;ventolina;Mestral(NW);Alt;20/08/2010 00:00:00
DELS PESCADORS;VERDA;EXCEL-LENT;Mar arrissada;NO;24,50;26,40;ventolina;Mestral(NW);Alt;20/08/2010 00:00:00
DEL PONT D EN BOTIFARRETA;VERDA;EXCEL-LENT;Mar arrissada;NO;24,50;26,40;ventolina;Mestral(NW);Alt;20/08/2010 00:00:00
DEL CRISTALL;VERDA;EXCEL-LENT;Mar arrissada;NO;24,50;26,40;ventolina;Mestral(NW);Alt;20/08/2010 00:00:00
DE LA BARCA MARIA;VERDA;EXCEL-LENT;Mar arrissada;NO;24,50;26,40;ventolina;Mestral(NW);Alt;20/08/2010 00:00:00
DE LA MORA;VERDA;EXCEL-LENT;Mar arrissada;NO;23,30;27,40;vent fluixet;Mestral(NW);Alt;21/08/2010 00:00:00
DEL COCO;VERDA;EXCEL-LENT;Mar arrissada;NO;23,30;27,40;vent fluixet;Mestral(NW);Alt;21/08/2010 00:00:00
DEL PONT DEL PETROLI;VERDA;EXCEL-LENT;Mar arrissada;NO;23,30;27,40;vent fluixet;Mestral(NW);Alt;21/08/2010 00:00:00
DE L ESTACIÓ;VERDA;EXCEL-LENT;Mar arrissada;NO;23,30;27,40;vent fluixet;Mestral(NW);Alt;21/08/2010 00:00:00
DEL PATí DE VELA;VERDA;EXCEL-LENT;Mar arrissada;NO;23,30;27,40;vent fluixet;Mestral(NW);Alt;21/08/2010 00:00:00
DELS PESCADORS;VERDA;EXCEL-LENT;Mar arrissada;NO;23,30;27,40;vent fluixet;Mestral(NW);Alt;21/08/2010 00:00:00
DEL PONT D EN BOTIFARRETA;VERDA;EXCEL-LENT;Mar arrissada;NO;23,30;27,40;vent fluixet;Mestral(NW);Alt;21/08/2010 00:00:00
DEL CRISTALL;VERDA;EXCEL-LENT;Mar arrissada;NO;23,30;27,40;vent fluixet;Mestral(NW);Alt;21/08/2010 00:00:00
DE LA BARCA MARIA;VERDA;EXCEL-LENT;Mar arrissada;NO;23,30;27,40;vent fluixet;Mestral(NW);Alt;21/08/2010 00:00:00
DE LA BARCA MARIA;VERDA;EXCEL-LENT;Mar arrissada;NO;23,30;27,40;vent fluixet;Mestral(NW);Alt;22/08/2010 00:00:00
DE LA BARCA MARIA;GROGA;EXCEL-LENT;Mar arrissada;NO;23,30;27,40;vent fluixet;Mestral(NW);Alt;22/08/2010 00:00:00
DE LA MORA;VERDA;EXCEL-LENT;Mar arrissada;NO;23,30;27,40;vent fluixet;Mestral(NW);Alt;22/08/2010 00:00:00
DEL COCO;VERDA;EXCEL-LENT;Mar arrissada;NO;23,30;27,40;vent fluixet;Mestral(NW);Alt;22/08/2010 00:00:00
DEL PONT DEL PETROLI;VERDA;EXCEL-LENT;Mar arrissada;NO;23,30;27,40;vent fluixet;Mestral(NW);Alt;22/08/2010 00:00:00
DEL PONT DEL PETROLI;GROGA;EXCEL-LENT;Mar arrissada;NO;23,30;27,40;vent fluixet;Mestral(NW);Alt;22/08/2010 00:00:00
DE LA BARCA MARIA;VERDA;EXCEL-LENT;Mar arrissada;NO;23,30;27,40;vent fluixet;Mestral(NW);Alt;22/08/2010 00:00:00
DEL CRISTALL;VERDA;EXCEL-LENT;Mar arrissada;NO;23,30;27,40;vent fluixet;Mestral(NW);Alt;22/08/2010 00:00:00
DEL PONT D EN BOTIFARRETA;VERDA;EXCEL-LENT;Mar arrissada;NO;23,30;27,40;vent fluixet;Mestral(NW);Alt;22/08/2010 00:00:00
DEL PONT D EN BOTIFARRETA;GROGA;EXCEL-LENT;Mar arrissada;NO;23,30;27,40;vent fluixet;Mestral(NW);Alt;22/08/2010 00:00:00
DELS PESCADORS;VERDA;EXCEL-LENT;Mar arrissada;NO;23,30;27,40;vent fluixet;Mestral(NW);Alt;22/08/2010 00:00:00
DELS PESCADORS;GROGA;EXCEL-LENT;Mar arrissada;NO;23,30;27,40;vent fluixet;Mestral(NW);Alt;22/08/2010 00:00:00
DEL PATí DE VELA;VERDA;EXCEL-LENT;Mar arrissada;NO;23,30;27,40;vent fluixet;Mestral(NW);Alt;22/08/2010 00:00:00
DE L ESTACIÓ;VERDA;EXCEL-LENT;Mar arrissada;NO;23,30;27,40;vent fluixet;Mestral(NW);Alt;22/08/2010 00:00:00
DE LA MORA;GROGA;EXCEL-LENT;Mar arrissada;NO;23,30;27,40;vent fluixet;Mestral(NW);Alt;22/08/2010 00:00:00
DEL COCO;GROGA;EXCEL-LENT;Mar arrissada;NO;23,30;27,40;vent fluixet;Mestral(NW);Alt;22/08/2010 00:00:00
DEL PONT DEL PETROLI;GROGA;EXCEL-LENT;Mar arrissada;NO;23,30;27,40;vent fluixet;Mestral(NW);Alt;22/08/2010 00:00:00
DE L ESTACIÓ;GROGA;EXCEL-LENT;Marejol;NO;23,30;27,40;vent fluixet;Mestral(NW);Alt;22/08/2010 00:00:00
DEL PATí DE VELA;GROGA;EXCEL-LENT;Marejol;NO;23,30;27,40;vent fluixet;Mestral(NW);Alt;22/08/2010 00:00:00
DELS PESCADORS;GROGA;EXCEL-LENT;Marejol;NO;23,30;27,40;vent fluixet;Mestral(NW);Alt;22/08/2010 00:00:00
DEL PONT D EN BOTIFARRETA;GROGA;EXCEL-LENT;Marejol;NO;23,30;27,40;vent fluixet;Mestral(NW);Alt;22/08/2010 00:00:00
DEL CRISTALL;GROGA;EXCEL-LENT;Marejol;NO;23,30;27,40;vent fluixet;Mestral(NW);Alt;22/08/2010 00:00:00
DE LA BARCA MARIA;GROGA;EXCEL-LENT;Marejol;NO;23,30;27,40;vent fluixet;Mestral(NW);Alt;22/08/2010 00:00:00
DE LA MORA;GROGA;EXCEL-LENT;Marejol;NO;23,30;27,40;vent fresquet;Mestral(NW);Alt;22/08/2010 00:00:00
DEL COCO;GROGA;EXCEL-LENT;Marejol;NO;23,30;27,40;vent fresquet;Mestral(NW);Alt;22/08/2010 00:00:00
DEL PONT DEL PETROLI;GROGA;EXCEL-LENT;Marejol;NO;23,30;27,40;vent fresquet;Mestral(NW);Alt;22/08/2010 00:00:00
DE L ESTACIÓ;GROGA;EXCEL-LENT;Marejol;NO;23,30;27,40;vent fresquet;Mestral(NW);Alt;22/08/2010 00:00:00
DEL PATí DE VELA;GROGA;EXCEL-LENT;Marejol;NO;23,30;27,40;vent fresquet;Mestral(NW);Alt;22/08/2010 00:00:00
DELS PESCADORS;GROGA;EXCEL-LENT;Marejol;NO;23,30;27,40;vent fresquet;Mestral(NW);Alt;22/08/2010 00:00:00
DEL PONT D EN BOTIFARRETA;GROGA;EXCEL-LENT;Marejol;NO;23,30;27,40;vent fresquet;Mestral(NW);Alt;22/08/2010 00:00:00
DEL CRISTALL;GROGA;EXCEL-LENT;Marejol;NO;23,30;27,40;vent fresquet;Mestral(NW);Alt;22/08/2010 00:00:00
DE LA BARCA MARIA;GROGA;EXCEL-LENT;Marejol;NO;23,30;27,40;vent fresquet;Mestral(NW);Alt;22/08/2010 00:00:00
DE LA BARCA MARIA;GROGA;EXCEL-LENT;Mar arrissada;NO;23,30;27,40;ventolina;Mestral(NW);Moderat;23/08/2010 00:00:00
DEL CRISTALL;GROGA;EXCEL-LENT;Mar arrissada;NO;23,30;27,40;ventolina;Mestral(NW);Moderat;23/08/2010 00:00:00
DEL PONT D EN BOTIFARRETA;GROGA;EXCEL-LENT;Mar arrissada;NO;23,30;27,40;ventolina;Mestral(NW);Moderat;23/08/2010 00:00:00
DELS PESCADORS;GROGA;EXCEL-LENT;Mar arrissada;NO;23,30;27,40;ventolina;Mestral(NW);Moderat;23/08/2010 00:00:00
DEL PATí DE VELA;GROGA;EXCEL-LENT;Mar arrissada;NO;23,30;27,40;ventolina;Mestral(NW);Moderat;23/08/2010 00:00:00
DE L ESTACIÓ;GROGA;EXCEL-LENT;Mar arrissada;NO;23,30;27,40;ventolina;Mestral(NW);Moderat;23/08/2010 00:00:00
DEL PONT DEL PETROLI;GROGA;EXCEL-LENT;Mar arrissada;NO;23,30;27,40;ventolina;Mestral(NW);Moderat;23/08/2010 00:00:00
DEL COCO;GROGA;EXCEL-LENT;Mar arrissada;NO;23,30;27,40;ventolina;Mestral(NW);Moderat;23/08/2010 00:00:00
DE LA MORA;GROGA;EXCEL-LENT;Mar arrissada;NO;23,30;27,40;ventolina;Mestral(NW);Moderat;23/08/2010 00:00:00
DE LA MORA;VERDA;EXCEL-LENT;Mar arrissada;NO;23,30;27,40;ventolina;Mestral(NW);Moderat;23/08/2010 00:00:00
DEL COCO;VERDA;EXCEL-LENT;Mar arrissada;NO;23,30;27,40;ventolina;Mestral(NW);Moderat;23/08/2010 00:00:00
DEL PONT DEL PETROLI;VERDA;EXCEL-LENT;Mar arrissada;NO;23,30;27,40;ventolina;Mestral(NW);Moderat;23/08/2010 00:00:00
DE L ESTACIÓ;VERDA;EXCEL-LENT;Mar arrissada;NO;23,30;27,40;ventolina;Mestral(NW);Moderat;23/08/2010 00:00:00
DEL PATí DE VELA;VERDA;EXCEL-LENT;Mar arrissada;NO;23,30;27,40;ventolina;Mestral(NW);Moderat;23/08/2010 00:00:00
DELS PESCADORS;VERDA;EXCEL-LENT;Mar arrissada;NO;23,30;27,40;ventolina;Mestral(NW);Moderat;23/08/2010 00:00:00
DEL PONT D EN BOTIFARRETA;VERDA;EXCEL-LENT;Mar arrissada;NO;23,30;27,40;ventolina;Mestral(NW);Moderat;23/08/2010 00:00:00
DEL CRISTALL;VERDA;EXCEL-LENT;Mar arrissada;NO;23,30;27,40;ventolina;Mestral(NW);Moderat;23/08/2010 00:00:00
DE LA BARCA MARIA;VERDA;EXCEL-LENT;Mar arrissada;NO;23,30;27,40;ventolina;Mestral(NW);Moderat;23/08/2010 00:00:00
DE LA BARCA MARIA;VERDA;EXCEL-LENT;Mar arrissada;NO;23,20;26,30;vent fluix;Gregal(NE);Moderat;24/08/2010 00:00:00
DEL CRISTALL;VERDA;EXCEL-LENT;Mar arrissada;NO;23,20;26,30;vent fluix;Gregal(NE);Moderat;24/08/2010 00:00:00
DEL PONT D EN BOTIFARRETA;VERDA;EXCEL-LENT;Mar arrissada;NO;23,20;26,30;vent fluix;Gregal(NE);Moderat;24/08/2010 00:00:00
DELS PESCADORS;VERDA;EXCEL-LENT;Mar arrissada;NO;23,20;26,30;vent fluix;Gregal(NE);Moderat;24/08/2010 00:00:00
DEL PATí DE VELA;VERDA;EXCEL-LENT;Mar arrissada;NO;23,20;26,30;vent fluix;Gregal(NE);Moderat;24/08/2010 00:00:00
DE L ESTACIÓ;VERDA;EXCEL-LENT;Mar arrissada;NO;23,20;26,30;vent fluix;Gregal(NE);Moderat;24/08/2010 00:00:00
DEL PONT DEL PETROLI;VERDA;EXCEL-LENT;Mar arrissada;NO;23,20;26,30;vent fluix;Gregal(NE);Moderat;24/08/2010 00:00:00
DEL COCO;VERDA;EXCEL-LENT;Mar arrissada;NO;23,20;26,30;vent fluix;Gregal(NE);Moderat;24/08/2010 00:00:00
DE LA MORA;VERDA;EXCEL-LENT;Mar arrissada;NO;23,20;26,30;vent fluix;Gregal(NE);Moderat;24/08/2010 00:00:00
DE LA MORA;GROGA;EXCEL-LENT;Mar arrissada;NO;23,20;26,30;vent fluix;Gregal(NE);Moderat;24/08/2010 00:00:00
DEL COCO;GROGA;EXCEL-LENT;Mar arrissada;NO;23,20;26,30;vent fluix;Gregal(NE);Moderat;24/08/2010 00:00:00
DEL PONT DEL PETROLI;GROGA;EXCEL-LENT;Mar arrissada;NO;23,20;26,30;vent fluix;Gregal(NE);Moderat;24/08/2010 00:00:00
DE L ESTACIÓ;GROGA;EXCEL-LENT;Mar arrissada;NO;23,20;26,30;vent fluix;Gregal(NE);Moderat;24/08/2010 00:00:00
DEL PATí DE VELA;GROGA;EXCEL-LENT;Mar arrissada;NO;23,20;26,30;vent fluix;Gregal(NE);Moderat;24/08/2010 00:00:00
DELS PESCADORS;GROGA;EXCEL-LENT;Mar arrissada;NO;23,20;26,30;vent fluix;Gregal(NE);Moderat;24/08/2010 00:00:00
DEL PONT D EN BOTIFARRETA;GROGA;EXCEL-LENT;Mar arrissada;NO;23,20;26,30;vent fluix;Gregal(NE);Moderat;24/08/2010 00:00:00
DEL CRISTALL;GROGA;EXCEL-LENT;Mar arrissada;NO;23,20;26,30;vent fluix;Gregal(NE);Moderat;24/08/2010 00:00:00
DE LA BARCA MARIA;GROGA;EXCEL-LENT;Maror;NO;23,50;26,30;vent fluix;Llevant(E);Alt;24/08/2010 00:00:00
DE LA MORA;GROGA;EXCEL-LENT;Maror;NO;23,50;26,30;vent fluix;Gregal(NE);Moderat;24/08/2010 00:00:00
DEL COCO;GROGA;EXCEL-LENT;Maror;NO;23,50;26,30;vent fluix;Gregal(NE);Moderat;24/08/2010 00:00:00
DEL PONT DEL PETROLI;GROGA;EXCEL-LENT;Maror;NO;23,50;26,30;vent fluix;Gregal(NE);Moderat;24/08/2010 00:00:00
DE L ESTACIÓ;GROGA;EXCEL-LENT;Maror;NO;23,50;26,30;vent fluix;Gregal(NE);Moderat;24/08/2010 00:00:00
DEL PATí DE VELA;GROGA;EXCEL-LENT;Maror;NO;23,50;26,30;vent fluix;Gregal(NE);Moderat;24/08/2010 00:00:00
DELS PESCADORS;GROGA;EXCEL-LENT;Maror;NO;23,50;26,30;vent fluix;Gregal(NE);Moderat;24/08/2010 00:00:00
DEL PONT D EN BOTIFARRETA;GROGA;EXCEL-LENT;Maror;NO;23,50;26,30;vent fluix;Gregal(NE);Moderat;24/08/2010 00:00:00
DEL CRISTALL;GROGA;EXCEL-LENT;Maror;NO;23,50;26,30;vent fluix;Gregal(NE);Moderat;24/08/2010 00:00:00
DE LA BARCA MARIA;GROGA;EXCEL-LENT;Maror;NO;23,50;26,30;vent fluix;Gregal(NE);Moderat;24/08/2010 00:00:00
DE LA MORA;GROGA;EXCEL-LENT;Maror;NO;23,50;26,30;vent fluix;Llevant(E);Alt;24/08/2010 00:00:00
DEL COCO;GROGA;EXCEL-LENT;Maror;NO;23,50;26,30;vent fluix;Llevant(E);Alt;24/08/2010 00:00:00
DEL PONT DEL PETROLI;GROGA;EXCEL-LENT;Maror;NO;23,50;26,30;vent fluix;Llevant(E);Alt;24/08/2010 00:00:00
DE L ESTACIÓ;GROGA;EXCEL-LENT;Maror;NO;23,50;26,30;vent fluix;Llevant(E);Alt;24/08/2010 00:00:00
DEL PATí DE VELA;GROGA;EXCEL-LENT;Maror;NO;23,50;26,30;vent fluix;Llevant(E);Alt;24/08/2010 00:00:00
DELS PESCADORS;GROGA;EXCEL-LENT;Maror;NO;23,50;26,30;vent fluix;Llevant(E);Alt;24/08/2010 00:00:00
DEL PONT D EN BOTIFARRETA;GROGA;EXCEL-LENT;Maror;NO;23,50;26,30;vent fluix;Llevant(E);Alt;24/08/2010 00:00:00
DEL CRISTALL;GROGA;EXCEL-LENT;Maror;NO;23,50;26,30;vent fluix;Llevant(E);Alt;24/08/2010 00:00:00
DE LA BARCA MARIA;GROGA;EXCEL-LENT;Maror;NO;23,50;26,30;vent fluix;Llevant(E);Alt;24/08/2010 00:00:00
DE LA BARCA MARIA;GROGA;EXCEL-LENT;Mar plana;NO;24,10;24,10;vent fluix;Mestral(NW);Alt;25/08/2010 00:00:00
DEL CRISTALL;GROGA;EXCEL-LENT;Mar plana;NO;24,10;24,10;vent fluix;Mestral(NW);Alt;25/08/2010 00:00:00
DEL PONT D EN BOTIFARRETA;GROGA;EXCEL-LENT;Mar plana;NO;24,10;24,10;vent fluix;Mestral(NW);Alt;25/08/2010 00:00:00
DELS PESCADORS;GROGA;EXCEL-LENT;Mar plana;NO;24,10;24,10;vent fluix;Mestral(NW);Alt;25/08/2010 00:00:00
DEL PATí DE VELA;GROGA;EXCEL-LENT;Mar plana;NO;24,10;24,10;vent fluix;Mestral(NW);Alt;25/08/2010 00:00:00
DE L ESTACIÓ;GROGA;EXCEL-LENT;Mar plana;NO;24,10;24,10;vent fluix;Mestral(NW);Alt;25/08/2010 00:00:00
DEL PONT DEL PETROLI;GROGA;EXCEL-LENT;Mar plana;NO;24,10;24,10;vent fluix;Mestral(NW);Alt;25/08/2010 00:00:00
DEL COCO;GROGA;EXCEL-LENT;Mar plana;NO;24,10;24,10;vent fluix;Mestral(NW);Alt;25/08/2010 00:00:00
DE LA MORA;GROGA;EXCEL-LENT;Mar plana;NO;24,10;24,10;vent fluix;Mestral(NW);Alt;25/08/2010 00:00:00
DE LA MORA;VERDA;EXCEL-LENT;Mar plana;NO;24,10;24,10;vent fluix;Mestral(NW);Alt;25/08/2010 00:00:00
DEL COCO;VERDA;EXCEL-LENT;Mar plana;NO;24,10;24,10;vent fluix;Mestral(NW);Alt;25/08/2010 00:00:00
DEL PONT DEL PETROLI;VERDA;EXCEL-LENT;Mar plana;NO;24,10;24,10;vent fluix;Mestral(NW);Alt;25/08/2010 00:00:00
DE L ESTACIÓ;VERDA;EXCEL-LENT;Mar plana;NO;24,10;24,10;vent fluix;Mestral(NW);Alt;25/08/2010 00:00:00
DEL PATí DE VELA;VERDA;EXCEL-LENT;Mar plana;NO;24,10;24,10;vent fluix;Mestral(NW);Alt;25/08/2010 00:00:00
DELS PESCADORS;VERDA;EXCEL-LENT;Mar plana;NO;24,10;24,10;vent fluix;Mestral(NW);Alt;25/08/2010 00:00:00
DEL PONT D EN BOTIFARRETA;VERDA;EXCEL-LENT;Mar plana;NO;24,10;24,10;vent fluix;Mestral(NW);Alt;25/08/2010 00:00:00
DEL CRISTALL;VERDA;EXCEL-LENT;Mar plana;NO;24,10;24,10;vent fluix;Mestral(NW);Alt;25/08/2010 00:00:00
DE LA BARCA MARIA;VERDA;EXCEL-LENT;Mar plana;NO;24,10;24,10;vent fluix;Mestral(NW);Alt;25/08/2010 00:00:00
DE LA MORA;VERDA;EXCEL-LENT;Mar plana;NO;23,20;26,60;vent fluixet;Mestral(NW);Alt;26/08/2010 00:00:00
DEL COCO;VERDA;EXCEL-LENT;Mar plana;NO;23,20;26,60;vent fluixet;Mestral(NW);Alt;26/08/2010 00:00:00
DEL PONT DEL PETROLI;VERDA;EXCEL-LENT;Mar plana;NO;23,20;26,60;vent fluixet;Mestral(NW);Alt;26/08/2010 00:00:00
DE L ESTACIÓ;VERDA;EXCEL-LENT;Mar plana;NO;23,20;26,60;vent fluixet;Mestral(NW);Alt;26/08/2010 00:00:00
DEL PATí DE VELA;VERDA;EXCEL-LENT;Mar plana;NO;23,20;26,60;vent fluixet;Mestral(NW);Alt;26/08/2010 00:00:00
DELS PESCADORS;VERDA;EXCEL-LENT;Mar plana;NO;23,20;26,60;vent fluixet;Mestral(NW);Alt;26/08/2010 00:00:00
DEL PONT D EN BOTIFARRETA;VERDA;EXCEL-LENT;Mar plana;NO;23,20;26,60;vent fluixet;Mestral(NW);Alt;26/08/2010 00:00:00
DEL CRISTALL;VERDA;EXCEL-LENT;Mar plana;NO;23,20;26,60;vent fluixet;Mestral(NW);Alt;26/08/2010 00:00:00
DE LA BARCA MARIA;VERDA;EXCEL-LENT;Mar plana;NO;23,20;26,60;vent fluixet;Mestral(NW);Alt;26/08/2010 00:00:00
DE LA BARCA MARIA;VERDA;EXCEL-LENT;Maror;NO;22,50;23,00;vent fresquet;Llebeig o Grab¿(SW);Alt;26/08/2010 00:00:00
DEL CRISTALL;VERDA;EXCEL-LENT;Maror;NO;22,50;23,00;vent fresquet;Llebeig o Grab¿(SW);Alt;26/08/2010 00:00:00
DEL PONT D EN BOTIFARRETA;VERDA;EXCEL-LENT;Maror;NO;22,50;23,00;vent fresquet;Llebeig o Grab¿(SW);Alt;26/08/2010 00:00:00
DELS PESCADORS;VERDA;EXCEL-LENT;Maror;NO;22,50;23,00;vent fresquet;Llebeig o Grab¿(SW);Alt;26/08/2010 00:00:00
DEL PATí DE VELA;VERDA;EXCEL-LENT;Maror;NO;22,50;23,00;vent fresquet;Llebeig o Grab¿(SW);Alt;26/08/2010 00:00:00
DE L ESTACIÓ;VERDA;EXCEL-LENT;Maror;NO;22,50;23,00;vent fresquet;Llebeig o Grab¿(SW);Alt;26/08/2010 00:00:00
DEL PONT DEL PETROLI;VERDA;EXCEL-LENT;Maror;NO;22,50;23,00;vent fresquet;Llebeig o Grab¿(SW);Alt;26/08/2010 00:00:00
DEL COCO;VERDA;EXCEL-LENT;Maror;NO;22,50;23,00;vent fresquet;Llebeig o Grab¿(SW);Alt;26/08/2010 00:00:00
DE LA MORA;VERDA;EXCEL-LENT;Maror;NO;22,50;23,00;vent fresquet;Llebeig o Grab¿(SW);Alt;26/08/2010 00:00:00
DE LA MORA;GROGA;EXCEL-LENT;Maror;NO;22,50;23,00;vent fresquet;;Alt;26/08/2010 00:00:00
DEL COCO;GROGA;EXCEL-LENT;Maror;NO;22,50;23,00;vent fresquet;;Alt;26/08/2010 00:00:00
DEL PONT DEL PETROLI;GROGA;EXCEL-LENT;Maror;NO;22,50;23,00;vent fresquet;;Alt;26/08/2010 00:00:00
DE L ESTACIÓ;GROGA;EXCEL-LENT;Maror;NO;22,50;23,00;vent fresquet;;Alt;26/08/2010 00:00:00
DEL PATí DE VELA;GROGA;EXCEL-LENT;Maror;NO;22,50;23,00;vent fresquet;;Alt;26/08/2010 00:00:00
DELS PESCADORS;GROGA;EXCEL-LENT;Maror;NO;22,50;23,00;vent fresquet;;Alt;26/08/2010 00:00:00
DEL PONT D EN BOTIFARRETA;GROGA;EXCEL-LENT;Maror;NO;22,50;23,00;vent fresquet;;Alt;26/08/2010 00:00:00
DEL CRISTALL;GROGA;EXCEL-LENT;Maror;NO;22,50;23,00;vent fresquet;;Alt;26/08/2010 00:00:00
DE LA BARCA MARIA;GROGA;EXCEL-LENT;Maror;NO;22,50;23,00;vent fresquet;;Alt;26/08/2010 00:00:00
DE LA MORA;GROGA;EXCEL-LENT;Maror;NO;21,10;27,80;calma;Llebeig o Grab¿(SW);Alt;27/08/2010 00:00:00
DEL COCO;GROGA;EXCEL-LENT;Maror;NO;21,10;27,80;calma;Llebeig o Grab¿(SW);Alt;27/08/2010 00:00:00
DEL PONT DEL PETROLI;GROGA;EXCEL-LENT;Maror;NO;21,10;27,80;calma;Llebeig o Grab¿(SW);Alt;27/08/2010 00:00:00
DE L ESTACIÓ;GROGA;EXCEL-LENT;Maror;NO;21,10;27,80;calma;Llebeig o Grab¿(SW);Alt;27/08/2010 00:00:00
DEL PATí DE VELA;GROGA;EXCEL-LENT;Maror;NO;21,10;27,80;calma;Llebeig o Grab¿(SW);Alt;27/08/2010 00:00:00
DELS PESCADORS;GROGA;EXCEL-LENT;Maror;NO;21,10;27,80;calma;Llebeig o Grab¿(SW);Alt;27/08/2010 00:00:00
DEL PONT D EN BOTIFARRETA;GROGA;EXCEL-LENT;Maror;NO;21,10;27,80;calma;Llebeig o Grab¿(SW);Alt;27/08/2010 00:00:00
DEL CRISTALL;GROGA;EXCEL-LENT;Maror;NO;21,10;27,80;calma;Llebeig o Grab¿(SW);Alt;27/08/2010 00:00:00
DE LA BARCA MARIA;GROGA;EXCEL-LENT;Maror;NO;21,10;27,80;calma;Llebeig o Grab¿(SW);Alt;27/08/2010 00:00:00
DE LA BARCA MARIA;GROGA;EXCEL-LENT;Mar plana;NO;24,10;21,10;vent fluix;Ponent(W);Alt;28/08/2010 00:00:00
DEL CRISTALL;GROGA;EXCEL-LENT;Mar plana;NO;24,10;21,10;vent fluix;Ponent(W);Alt;28/08/2010 00:00:00
DEL PONT D EN BOTIFARRETA;GROGA;EXCEL-LENT;Mar plana;NO;24,10;21,10;vent fluix;Ponent(W);Alt;28/08/2010 00:00:00
DELS PESCADORS;GROGA;EXCEL-LENT;Mar plana;NO;24,10;21,10;vent fluix;Ponent(W);Alt;28/08/2010 00:00:00
DEL PATí DE VELA;GROGA;EXCEL-LENT;Mar plana;NO;24,10;21,10;vent fluix;Ponent(W);Alt;28/08/2010 00:00:00
DE L ESTACIÓ;GROGA;EXCEL-LENT;Mar plana;NO;24,10;21,10;vent fluix;Ponent(W);Alt;28/08/2010 00:00:00
DEL PONT DEL PETROLI;GROGA;EXCEL-LENT;Mar plana;NO;24,10;21,10;vent fluix;Ponent(W);Alt;28/08/2010 00:00:00
DEL COCO;GROGA;EXCEL-LENT;Mar plana;NO;24,10;21,10;vent fluix;Ponent(W);Alt;28/08/2010 00:00:00
DE LA MORA;GROGA;EXCEL-LENT;Mar plana;NO;24,10;21,10;vent fluix;Ponent(W);Alt;28/08/2010 00:00:00
DE LA MORA;VERDA;EXCEL-LENT;Mar plana;NO;24,10;21,10;vent fluix;Ponent(W);Alt;28/08/2010 00:00:00
DEL COCO;VERDA;EXCEL-LENT;Mar plana;NO;24,10;21,10;vent fluix;Ponent(W);Alt;28/08/2010 00:00:00
DEL PONT DEL PETROLI;VERDA;EXCEL-LENT;Mar plana;NO;24,10;21,10;vent fluix;Ponent(W);Alt;28/08/2010 00:00:00
DE L ESTACIÓ;VERDA;EXCEL-LENT;Mar plana;NO;24,10;21,10;vent fluix;Ponent(W);Alt;28/08/2010 00:00:00
DEL PATí DE VELA;VERDA;EXCEL-LENT;Mar plana;NO;24,10;21,10;vent fluix;Ponent(W);Alt;28/08/2010 00:00:00
DELS PESCADORS;VERDA;EXCEL-LENT;Mar plana;NO;24,10;21,10;vent fluix;Ponent(W);Alt;28/08/2010 00:00:00
DEL PONT D EN BOTIFARRETA;VERDA;EXCEL-LENT;Mar plana;NO;24,10;21,10;vent fluix;Ponent(W);Alt;28/08/2010 00:00:00
DEL CRISTALL;VERDA;EXCEL-LENT;Mar plana;NO;24,10;21,10;vent fluix;Ponent(W);Alt;28/08/2010 00:00:00
DE LA BARCA MARIA;VERDA;EXCEL-LENT;Mar plana;NO;24,10;21,10;vent fluix;Ponent(W);Alt;28/08/2010 00:00:00
DE LA BARCA MARIA;VERDA;EXCEL-LENT;Marejol;NO;24,10;21,10;vent moderat;Ponent(W);Alt;28/08/2010 00:00:00
DEL CRISTALL;VERDA;EXCEL-LENT;Marejol;NO;24,10;21,10;vent moderat;Ponent(W);Alt;28/08/2010 00:00:00
DEL PONT D EN BOTIFARRETA;VERDA;EXCEL-LENT;Marejol;NO;24,10;21,10;vent moderat;Ponent(W);Alt;28/08/2010 00:00:00
DELS PESCADORS;VERDA;EXCEL-LENT;Marejol;NO;24,10;21,10;vent moderat;Ponent(W);Alt;28/08/2010 00:00:00
DEL PATí DE VELA;VERDA;EXCEL-LENT;Marejol;NO;24,10;21,10;vent moderat;Ponent(W);Alt;28/08/2010 00:00:00
DE L ESTACIÓ;VERDA;EXCEL-LENT;Marejol;NO;24,10;21,10;vent moderat;Ponent(W);Alt;28/08/2010 00:00:00
DEL PONT DEL PETROLI;VERDA;EXCEL-LENT;Marejol;NO;24,10;21,10;vent moderat;Ponent(W);Alt;28/08/2010 00:00:00
DEL COCO;VERDA;EXCEL-LENT;Marejol;NO;24,10;21,10;vent moderat;Ponent(W);Alt;28/08/2010 00:00:00
DE LA MORA;VERDA;EXCEL-LENT;Marejol;NO;24,10;21,10;vent moderat;Ponent(W);Alt;28/08/2010 00:00:00
DE LA MORA;GROGA;EXCEL-LENT;Marejol;NO;24,10;21,10;vent moderat;Ponent(W);Alt;28/08/2010 00:00:00
DEL COCO;GROGA;EXCEL-LENT;Marejol;NO;24,10;21,10;vent moderat;Ponent(W);Alt;28/08/2010 00:00:00
DEL PONT DEL PETROLI;GROGA;EXCEL-LENT;Marejol;NO;24,10;21,10;vent moderat;Ponent(W);Alt;28/08/2010 00:00:00
DE L ESTACIÓ;GROGA;EXCEL-LENT;Marejol;NO;24,10;21,10;vent moderat;Ponent(W);Alt;28/08/2010 00:00:00
DEL PATí DE VELA;GROGA;EXCEL-LENT;Marejol;NO;24,10;21,10;vent moderat;Ponent(W);Alt;28/08/2010 00:00:00
DELS PESCADORS;GROGA;EXCEL-LENT;Marejol;NO;24,10;21,10;vent moderat;Ponent(W);Alt;28/08/2010 00:00:00
DEL PONT D EN BOTIFARRETA;GROGA;EXCEL-LENT;Marejol;NO;24,10;21,10;vent moderat;Ponent(W);Alt;28/08/2010 00:00:00
DEL CRISTALL;GROGA;EXCEL-LENT;Marejol;NO;24,10;21,10;vent moderat;Ponent(W);Alt;28/08/2010 00:00:00
DE LA BARCA MARIA;GROGA;EXCEL-LENT;Mar plana;NO;24,10;21,10;vent fluix;Ponent(W);Alt;28/08/2010 00:00:00
DE LA BARCA MARIA;GROGA;EXCEL-LENT;Mar arrissada;NO;25,40;24,00;vent fluixet;Llevant(E);Alt;29/08/2010 00:00:00
DEL CRISTALL;GROGA;EXCEL-LENT;Mar arrissada;NO;25,40;24,00;vent fluixet;Llevant(E);Alt;29/08/2010 00:00:00
DEL PONT D EN BOTIFARRETA;GROGA;EXCEL-LENT;Mar arrissada;NO;25,40;24,00;vent fluixet;Llevant(E);Alt;29/08/2010 00:00:00
DELS PESCADORS;GROGA;EXCEL-LENT;Mar arrissada;NO;25,40;24,00;vent fluixet;Llevant(E);Alt;29/08/2010 00:00:00
DEL PATí DE VELA;GROGA;EXCEL-LENT;Mar arrissada;NO;25,40;24,00;vent fluixet;Llevant(E);Alt;29/08/2010 00:00:00
DE L ESTACIÓ;GROGA;EXCEL-LENT;Mar arrissada;NO;25,40;24,00;vent fluixet;Llevant(E);Alt;29/08/2010 00:00:00
DEL PONT DEL PETROLI;GROGA;EXCEL-LENT;Mar arrissada;NO;25,40;24,00;vent fluixet;Llevant(E);Alt;29/08/2010 00:00:00
DEL COCO;GROGA;EXCEL-LENT;Mar arrissada;NO;25,40;24,00;vent fluixet;Llevant(E);Alt;29/08/2010 00:00:00
DE LA MORA;GROGA;EXCEL-LENT;Mar arrissada;NO;25,40;24,00;vent fluixet;Llevant(E);Alt;29/08/2010 00:00:00
DE LA MORA;VERDA;EXCEL-LENT;Mar arrissada;NO;25,40;24,00;vent fluixet;Llevant(E);Alt;29/08/2010 00:00:00
DEL COCO;VERDA;EXCEL-LENT;Mar arrissada;NO;25,40;24,00;vent fluixet;Llevant(E);Alt;29/08/2010 00:00:00
DEL PONT DEL PETROLI;VERDA;EXCEL-LENT;Mar arrissada;NO;25,40;24,00;vent fluixet;Llevant(E);Alt;29/08/2010 00:00:00
DE L ESTACIÓ;VERDA;EXCEL-LENT;Mar arrissada;NO;25,40;24,00;vent fluixet;Llevant(E);Alt;29/08/2010 00:00:00
DEL PATí DE VELA;VERDA;EXCEL-LENT;Mar arrissada;NO;25,40;24,00;vent fluixet;Llevant(E);Alt;29/08/2010 00:00:00
DELS PESCADORS;VERDA;EXCEL-LENT;Mar arrissada;NO;25,40;24,00;vent fluixet;Llevant(E);Alt;29/08/2010 00:00:00
DEL PONT D EN BOTIFARRETA;VERDA;EXCEL-LENT;Mar arrissada;NO;25,40;24,00;vent fluixet;Llevant(E);Alt;29/08/2010 00:00:00
DEL CRISTALL;VERDA;EXCEL-LENT;Mar arrissada;NO;25,40;24,00;vent fluixet;Llevant(E);Alt;29/08/2010 00:00:00
DE LA BARCA MARIA;VERDA;EXCEL-LENT;Mar arrissada;NO;25,40;24,00;vent fluixet;Llevant(E);Alt;29/08/2010 00:00:00
DE LA BARCA MARIA;VERDA;EXCEL-LENT;Marejol;NO;25,40;23,10;vent fluixet;Xaloc(SE);Alt;29/08/2010 00:00:00
DEL CRISTALL;VERDA;EXCEL-LENT;Marejol;NO;25,40;23,10;vent fluixet;Xaloc(SE);Alt;29/08/2010 00:00:00
DEL PONT D EN BOTIFARRETA;VERDA;EXCEL-LENT;Marejol;NO;25,40;23,10;vent fluixet;Xaloc(SE);Alt;29/08/2010 00:00:00
DELS PESCADORS;VERDA;EXCEL-LENT;Marejol;NO;25,40;23,10;vent fluixet;Xaloc(SE);Alt;29/08/2010 00:00:00
DEL PATí DE VELA;VERDA;EXCEL-LENT;Marejol;NO;25,40;23,10;vent fluixet;Xaloc(SE);Alt;29/08/2010 00:00:00
DE L ESTACIÓ;VERDA;EXCEL-LENT;Marejol;NO;25,40;23,10;vent fluixet;Xaloc(SE);Alt;29/08/2010 00:00:00
DEL PONT DEL PETROLI;VERDA;EXCEL-LENT;Marejol;NO;25,40;23,10;vent fluixet;Xaloc(SE);Alt;29/08/2010 00:00:00
DEL COCO;VERDA;EXCEL-LENT;Marejol;NO;25,40;23,10;vent fluixet;Xaloc(SE);Alt;29/08/2010 00:00:00
DE LA MORA;VERDA;EXCEL-LENT;Marejol;NO;25,40;23,10;vent fluixet;Xaloc(SE);Alt;29/08/2010 00:00:00
DE LA MORA;GROGA;EXCEL-LENT;Marejol;NO;25,40;23,10;vent fluixet;Xaloc(SE);Alt;29/08/2010 00:00:00
DEL COCO;GROGA;EXCEL-LENT;Marejol;NO;25,40;23,10;vent fluixet;Xaloc(SE);Alt;29/08/2010 00:00:00
DEL PONT DEL PETROLI;GROGA;EXCEL-LENT;Marejol;NO;25,40;23,10;vent fluixet;Xaloc(SE);Alt;29/08/2010 00:00:00
DE L ESTACIÓ;GROGA;EXCEL-LENT;Marejol;NO;25,40;23,10;vent fluixet;Xaloc(SE);Alt;29/08/2010 00:00:00
DEL PATí DE VELA;GROGA;EXCEL-LENT;Marejol;NO;25,40;23,10;vent fluixet;Xaloc(SE);Alt;29/08/2010 00:00:00
DELS PESCADORS;GROGA;EXCEL-LENT;Marejol;NO;25,40;23,10;vent fluixet;Xaloc(SE);Alt;29/08/2010 00:00:00
DEL PONT D EN BOTIFARRETA;GROGA;EXCEL-LENT;Marejol;NO;25,40;23,10;vent fluixet;Xaloc(SE);Alt;29/08/2010 00:00:00
DEL CRISTALL;GROGA;EXCEL-LENT;Marejol;NO;25,40;23,10;vent fluixet;Xaloc(SE);Alt;29/08/2010 00:00:00
DE LA BARCA MARIA;GROGA;EXCEL-LENT;Marejol;NO;25,40;23,10;vent fluixet;Xaloc(SE);Alt;29/08/2010 00:00:00
DE LA MORA;GROGA;EXCEL-LENT;Marejol;NO;25,30;21,50;vent fluix;Llevant(E);Baix;30/08/2010 00:00:00
DEL COCO;GROGA;EXCEL-LENT;Marejol;NO;25,30;21,50;vent fluix;Llevant(E);Baix;30/08/2010 00:00:00
DEL PONT DEL PETROLI;GROGA;EXCEL-LENT;Marejol;NO;25,30;21,50;vent fluix;Llevant(E);Baix;30/08/2010 00:00:00
DE L ESTACIÓ;GROGA;EXCEL-LENT;Marejol;NO;25,30;21,50;vent fluix;Llevant(E);Baix;30/08/2010 00:00:00
DEL PATí DE VELA;GROGA;EXCEL-LENT;Marejol;NO;25,30;21,50;vent fluix;Llevant(E);Baix;30/08/2010 00:00:00
DELS PESCADORS;GROGA;EXCEL-LENT;Marejol;NO;25,30;21,50;vent fluix;Llevant(E);Baix;30/08/2010 00:00:00
DEL PONT D EN BOTIFARRETA;GROGA;EXCEL-LENT;Marejol;NO;25,30;21,50;vent fluix;Llevant(E);Baix;30/08/2010 00:00:00
DEL CRISTALL;GROGA;EXCEL-LENT;Marejol;NO;25,30;21,50;vent fluix;Llevant(E);Baix;30/08/2010 00:00:00
DE LA BARCA MARIA;GROGA;EXCEL-LENT;Marejol;NO;25,30;21,50;vent fluix;Llevant(E);Baix;30/08/2010 00:00:00
DE LA MORA;GROGA;EXCEL-LENT;Marejol;NO;25,00;20,70;vent fluixet;Ponent(W);Alt;31/08/2010 00:00:00
DEL COCO;GROGA;EXCEL-LENT;Marejol;NO;25,00;20,70;vent fluixet;Ponent(W);Alt;31/08/2010 00:00:00
DEL PONT DEL PETROLI;GROGA;EXCEL-LENT;Marejol;NO;25,00;20,70;vent fluixet;Ponent(W);Alt;31/08/2010 00:00:00
DE L ESTACIÓ;GROGA;EXCEL-LENT;Marejol;NO;25,00;20,70;vent fluixet;Ponent(W);Alt;31/08/2010 00:00:00
DEL PATí DE VELA;GROGA;EXCEL-LENT;Marejol;NO;25,00;20,70;vent fluixet;Ponent(W);Alt;31/08/2010 00:00:00
DELS PESCADORS;GROGA;EXCEL-LENT;Marejol;NO;25,00;20,70;vent fluixet;Ponent(W);Alt;31/08/2010 00:00:00
DEL PONT D EN BOTIFARRETA;GROGA;EXCEL-LENT;Marejol;NO;25,00;20,70;vent fluixet;Ponent(W);Alt;31/08/2010 00:00:00
DEL CRISTALL;GROGA;EXCEL-LENT;Marejol;NO;25,00;20,70;vent fluixet;Ponent(W);Alt;31/08/2010 00:00:00
DE LA BARCA MARIA;GROGA;EXCEL-LENT;Marejol;NO;25,00;20,70;vent fluixet;Ponent(W);Alt;31/08/2010 00:00:00
DE LA BARCA MARIA;GROGA;EXCEL-LENT;Marejol;NO;25,20;21,80;vent fluix;Gregal(NE);Moderat;01/09/2010 00:00:00
DEL CRISTALL;GROGA;EXCEL-LENT;Marejol;NO;25,20;21,80;vent fluix;Gregal(NE);Moderat;01/09/2010 00:00:00
DEL PONT D EN BOTIFARRETA;GROGA;EXCEL-LENT;Marejol;NO;25,20;21,80;vent fluix;Gregal(NE);Moderat;01/09/2010 00:00:00
DELS PESCADORS;GROGA;EXCEL-LENT;Marejol;NO;25,20;21,80;vent fluix;Gregal(NE);Moderat;01/09/2010 00:00:00
DEL PATí DE VELA;GROGA;EXCEL-LENT;Marejol;NO;25,20;21,80;vent fluix;Gregal(NE);Moderat;01/09/2010 00:00:00
DE L ESTACIÓ;GROGA;EXCEL-LENT;Marejol;NO;25,20;21,80;vent fluix;Gregal(NE);Moderat;01/09/2010 00:00:00
DEL PONT DEL PETROLI;GROGA;EXCEL-LENT;Marejol;NO;25,20;21,80;vent fluix;Gregal(NE);Moderat;01/09/2010 00:00:00
DEL COCO;GROGA;EXCEL-LENT;Marejol;NO;25,20;21,80;vent fluix;Gregal(NE);Moderat;01/09/2010 00:00:00
DE LA MORA;GROGA;EXCEL-LENT;Marejol;NO;25,20;21,80;vent fluix;Gregal(NE);Moderat;01/09/2010 00:00:00
DE LA MORA;VERDA;EXCEL-LENT;Marejol;NO;25,20;21,80;vent fluix;Gregal(NE);Moderat;01/09/2010 00:00:00
DEL COCO;VERDA;EXCEL-LENT;Marejol;NO;25,20;21,80;vent fluix;Gregal(NE);Moderat;01/09/2010 00:00:00
DEL PONT DEL PETROLI;VERDA;EXCEL-LENT;Marejol;NO;25,20;21,80;vent fluix;Gregal(NE);Moderat;01/09/2010 00:00:00
DE L ESTACIÓ;VERDA;EXCEL-LENT;Marejol;NO;25,20;21,80;vent fluix;Gregal(NE);Moderat;01/09/2010 00:00:00
DEL PATí DE VELA;VERDA;EXCEL-LENT;Marejol;NO;25,20;21,80;vent fluix;Gregal(NE);Moderat;01/09/2010 00:00:00
DELS PESCADORS;VERDA;EXCEL-LENT;Marejol;NO;25,20;21,80;vent fluix;Gregal(NE);Moderat;01/09/2010 00:00:00
DEL PONT D EN BOTIFARRETA;VERDA;EXCEL-LENT;Marejol;NO;25,20;21,80;vent fluix;Gregal(NE);Moderat;01/09/2010 00:00:00
DEL CRISTALL;VERDA;EXCEL-LENT;Marejol;NO;25,20;21,80;vent fluix;Gregal(NE);Moderat;01/09/2010 00:00:00
DE LA BARCA MARIA;VERDA;EXCEL-LENT;Marejol;NO;25,20;21,80;vent fluix;Gregal(NE);Moderat;01/09/2010 00:00:00
DE LA MORA;VERDA;EXCEL-LENT;Mar arrissada;NO;25,40;24,40;vent fluixet;Llevant(E);Alt;02/09/2010 00:00:00
DEL COCO;VERDA;EXCEL-LENT;Mar arrissada;NO;25,40;24,40;vent fluixet;Llevant(E);Alt;02/09/2010 00:00:00
DEL PONT DEL PETROLI;VERDA;EXCEL-LENT;Mar arrissada;NO;25,40;24,40;vent fluixet;Llevant(E);Alt;02/09/2010 00:00:00
DE L ESTACIÓ;VERDA;EXCEL-LENT;Mar arrissada;NO;25,40;24,40;vent fluixet;Llevant(E);Alt;02/09/2010 00:00:00
DEL PATí DE VELA;VERDA;EXCEL-LENT;Mar arrissada;NO;25,40;24,40;vent fluixet;Llevant(E);Alt;02/09/2010 00:00:00
DELS PESCADORS;VERDA;EXCEL-LENT;Mar arrissada;NO;25,40;24,40;vent fluixet;Llevant(E);Alt;02/09/2010 00:00:00
DEL PONT D EN BOTIFARRETA;VERDA;EXCEL-LENT;Mar arrissada;NO;25,40;24,40;vent fluixet;Llevant(E);Alt;02/09/2010 00:00:00
DEL CRISTALL;VERDA;EXCEL-LENT;Mar arrissada;NO;25,40;24,40;vent fluixet;Llevant(E);Alt;02/09/2010 00:00:00
DE LA BARCA MARIA;VERDA;EXCEL-LENT;Mar arrissada;NO;25,40;24,40;vent fluixet;Llevant(E);Alt;02/09/2010 00:00:00
DE LA MORA;VERDA;EXCEL-LENT;Mar arrissada;NO;25,70;22,40;vent fluixet;Ponent(W);Alt;03/09/2010 00:00:00
DE LA MORA;VERDA;EXCEL-LENT;Mar arrissada;NO;25,69;22,40;vent fluixet;Ponent(W);Alt;03/09/2010 00:00:00
DE LA BARCA MARIA;VERDA;EXCEL-LENT;Mar arrissada;NO;25,70;22,40;vent fluixet;Ponent(W);Alt;03/09/2010 00:00:00
DEL CRISTALL;VERDA;EXCEL-LENT;Mar arrissada;NO;25,70;22,40;vent fluixet;Ponent(W);Alt;03/09/2010 00:00:00
DEL PONT D EN BOTIFARRETA;VERDA;EXCEL-LENT;Mar arrissada;NO;25,70;22,40;vent fluixet;Ponent(W);Alt;03/09/2010 00:00:00
DELS PESCADORS;VERDA;EXCEL-LENT;Mar arrissada;NO;25,70;22,40;vent fluixet;Ponent(W);Alt;03/09/2010 00:00:00
DEL PATí DE VELA;VERDA;EXCEL-LENT;Mar arrissada;NO;25,70;22,40;vent fluixet;Ponent(W);Alt;03/09/2010 00:00:00
DE LA BARCA MARIA;GROGA;EXCEL-LENT;Mar arrissada;NO;25,70;22,40;vent fluixet;Ponent(W);Alt;03/09/2010 00:00:00
DEL CRISTALL;GROGA;EXCEL-LENT;Mar arrissada;NO;25,70;22,40;vent fluixet;Ponent(W);Alt;03/09/2010 00:00:00
DEL PONT D EN BOTIFARRETA;GROGA;EXCEL-LENT;Mar arrissada;NO;25,70;22,40;vent fluixet;Ponent(W);Alt;03/09/2010 00:00:00
DELS PESCADORS;GROGA;EXCEL-LENT;Mar arrissada;NO;25,70;22,40;vent fluixet;Ponent(W);Alt;03/09/2010 00:00:00
DEL PATí DE VELA;GROGA;EXCEL-LENT;Mar arrissada;NO;25,70;22,40;vent fluixet;Ponent(W);Alt;03/09/2010 00:00:00
DEL PATí DE VELA;GROGA;EXCEL-LENT;Maror;NO;25,70;22,40;vent fluixet;Ponent(W);Alt;03/09/2010 00:00:00
DE LA BARCA MARIA;GROGA;EXCEL-LENT;Maror;NO;25,70;22,40;vent fluixet;Ponent(W);Alt;03/09/2010 00:00:00
DEL CRISTALL;GROGA;EXCEL-LENT;Maror;NO;25,70;22,40;vent fluixet;Ponent(W);Alt;03/09/2010 00:00:00
DEL PONT D EN BOTIFARRETA;GROGA;EXCEL-LENT;Maror;NO;25,70;22,40;vent fluixet;Ponent(W);Alt;03/09/2010 00:00:00
DELS PESCADORS;GROGA;EXCEL-LENT;Maror;NO;25,70;22,40;vent fluixet;Ponent(W);Alt;03/09/2010 00:00:00
DE LA MORA;VERDA;EXCEL-LENT;Mar arrissada;NO;25,70;22,40;vent fluixet;Ponent(W);Alt;03/09/2010 00:00:00
DEL COCO;VERDA;EXCEL-LENT;Mar arrissada;NO;25,70;22,40;vent fluixet;Ponent(W);Alt;03/09/2010 00:00:00
DEL PONT DEL PETROLI;VERDA;EXCEL-LENT;Mar arrissada;NO;25,70;22,40;vent fluixet;Ponent(W);Alt;03/09/2010 00:00:00
DE L ESTACIÓ;VERDA;EXCEL-LENT;Mar arrissada;NO;25,70;22,40;vent fluixet;Ponent(W);Alt;03/09/2010 00:00:00
DEL PATí DE VELA;GROGA;EXCEL-LENT;Maror;NO;25,70;22,40;vent fluixet;Ponent(W);Alt;06/09/2010 00:00:00
