CODI_DIVISIO_TERRITORIAL;ANY;EPIGRAF;SECCIO;DESCRIPCIO_EPIGRAF;TOTAL
EN EL MUNICIPI;2002;731;2;ABOGADOS;139
EN EL MUNICIPI;2002;436;1;ACABADO DE TEXTILES;7
EN EL MUNICIPI;2002;4685;1;ACTIV. ANEXAS IND. MUEBLE;20
EN EL MUNICIPI;2002;756;1;ACTIV. AUXILIARES Y COMPLEMENTARIAS TTE.;28
EN EL MUNICIPI;2002;475;1;ACTIVIDADES ANEXAS ARTES GRAFICAS;25
EN EL MUNICIPI;2002;019;3;ACTIVIDADES CINE,TEATRO, Y CIRCO NCOP;2
EN EL MUNICIPI;2002;013;3;ACTORES DE CINE Y TEATRO;1
EN EL MUNICIPI;2002;841;2;ACUPUNTORES, NATUROPATAS Y OTROS;10
EN EL MUNICIPI;2002;9794;1;ADIESTRAMIENTO Y CUIDADOS DE ANIMALES;2
EN EL MUNICIPI;2002;723;2;ADMINISTRADORES DE FINCAS;9
EN EL MUNICIPI;2002;8321;1;AGENCIAS DE SEGUROS Y CORREDURIAS;33
EN EL MUNICIPI;2002;755;1;AGENCIAS DE VIAJES;26
EN EL MUNICIPI;2002;974;1;AGENCIAS PRESTACION SERV. DOMESTICOS;1
EN EL MUNICIPI;2002;771;2;AGENTES COBRADORES;1
EN EL MUNICIPI;2002;721;2;AGENTES COLEGIADOS PROPIEDAD IND.E INMOB;7
EN EL MUNICIPI;2002;853;2;AGENTES COLOCADORES ARTISTAS;1
EN EL MUNICIPI;2002;511;2;AGENTES COMERCIALES;140
EN EL MUNICIPI;2002;728;2;AGENTES DE ADUANAS;2
EN EL MUNICIPI;2002;712;2;AGENTES Y CORREDORES DE SEGUROS;91
EN EL MUNICIPI;2002;5013;1;ALBAùILERIA Y PEQ. TRABAJOS CONSTRUCCION;397
EN EL MUNICIPI;2002;7544;1;ALMACENES FRIGORIFICOS;1
EN EL MUNICIPI;2002;7545;1;ALMACENES Y DEPOSITOS DE LIQUIDOS;1
EN EL MUNICIPI;2002;8541;1;ALQUILER AUTOMOVILES SIN CONDUCTOR;8
EN EL MUNICIPI;2002;854;1;ALQUILER AUTOMOVILES SIN CONDUCTOR;1
EN EL MUNICIPI;2002;8561;1;ALQUILER DE BIENES DE CONSUMO;10
EN EL MUNICIPI;2002;8552;1;ALQUILER DE EMBARCACIONES;1
EN EL MUNICIPI;2002;8562;1;ALQUILER DE PELICULAS DE VIDEO;43
EN EL MUNICIPI;2002;853;1;ALQUILER MAQ. Y EQUIPO CONTABLE;1
EN EL MUNICIPI;2002;852;1;ALQUILER MAQUINARIA Y EQUIP. CONSTRUCC.;15
EN EL MUNICIPI;2002;859;1;ALQUILER OTROS BIENES MUEBLES NCOP;11
EN EL MUNICIPI;2002;8559;1;ALQUILER OTROS MEDIOS TRANSP. N.C.O.P.;1
EN EL MUNICIPI;2002;048;3;ARBITROS DE ESPECTACULOS DEPORTIVOS;2
EN EL MUNICIPI;2002;411;2;ARQUITECTOS;64
EN EL MUNICIPI;2002;421;2;ARQUITECTOS TECNICOS Y APAREJADORES;52
EN EL MUNICIPI;2002;474;1;ARTES GRAFICAS (IMPRESION GRAFICA);85
EN EL MUNICIPI;2002;822;1;ASEGURADORAS DE ENFERMEDAD Y RIESGOS;9
EN EL MUNICIPI;2002;952;1;ASIST. Y SERV. DISMINUIDOS NO RESIDENC.;7
EN EL MUNICIPI;2002;951;1;ASISTENCIA Y SERV. SOCIALES DISMINUIDOS;6
EN EL MUNICIPI;2002;881;2;ASTROLOGOS Y SIMILARES;1
EN EL MUNICIPI;2002;747;2;AUDITORES DE CUENTAS Y CENSORES JURADOS;2
EN EL MUNICIPI;2002;024;2;AUXILIARES Y AYUDANTES VETERINARIA;1
EN EL MUNICIPI;2002;836;2;AYUD. TECN. SANITARIOS Y FISIOTERAPEUTAS;38
EN EL MUNICIPI;2002;811;1;BANCA;40
EN EL MUNICIPI;2002;6731;1;BARES CATEGORIA ESPECIAL;17
EN EL MUNICIPI;2002;4912;1;BISUTERIA;8
EN EL MUNICIPI;2002;6745;1;CAFE-BAR SOCIEDADES,CASINOS,CLUBES...;21
EN EL MUNICIPI;2002;6746;1;CAFE-BAR TEATROS Y CINES;4
EN EL MUNICIPI;2002;675;1;CAFES-BARES EN QUIOSCOS,CAJONES,BARRACAS;1
EN EL MUNICIPI;2002;6723;1;CAFETERIAS DE UNA TAZA;3
EN EL MUNICIPI;2002;812;1;CAJAS DE AHORRO;100
EN EL MUNICIPI;2002;5055;1;CARPINTERIA Y CERRAJERIA;148
EN EL MUNICIPI;2002;676;1;CHOCOLATERIAS,HELADERIAS Y HORCHATERIAS;1
EN EL MUNICIPI;2002;5024;1;CIMENTACIONES Y PAVIMENTACIONES;2
EN EL MUNICIPI;2002;8491;1;COBROS DE DEUDAS Y CONFECCION FACTURAS;2
EN EL MUNICIPI;2002;5054;1;COLOCACION DE AISLAMIENTOS EN EDIFICIOS;59
EN EL MUNICIPI;2002;6153;1;COM. MAY. APARATOS ELECTRODOMESTICOS;30
EN EL MUNICIPI;2002;6144;1;COM. MAY. PRODUCTOS ZOOSANITARIOS;1
EN EL MUNICIPI;2002;611;1;COM. MAY. TODA CLASE DE MERCANCIAS;1
EN EL MUNICIPI;2002;6124;1;COM.MAY. CARNES,HUEVOS,AVES Y CAZA;21
EN EL MUNICIPI;2002;6172;1;COM.MAY. CUEROS Y PIELES EN BRUTO;3
EN EL MUNICIPI;2002;6152;1;COM.MAY. DE MUEBLES;6
EN EL MUNICIPI;2002;6162;1;COM.MAY. HIERRO Y ACERO;5
EN EL MUNICIPI;2002;6192;1;COM.MAY. INSTRUM. MEDICOS Y ORTOPEDICOS;3
EN EL MUNICIPI;2002;6191;1;COM.MAY. JUGUETES Y ARTICULOS DEPORTE;4
EN EL MUNICIPI;2002;6196;1;COM.MAY. LIBROS, PERIODICOS Y REVISTAS;4
EN EL MUNICIPI;2002;6173;1;COM.MAY. MADERA Y CORCHO;9
EN EL MUNICIPI;2002;6176;1;COM.MAY. MAQUINARIA AGRICOLA;2
EN EL MUNICIPI;2002;6175;1;COM.MAY. MAQUINARIA PARA MADERA Y METAL;19
EN EL MUNICIPI;2002;6177;1;COM.MAY. MAQUINARIA TEXTIL;2
EN EL MUNICIPI;2002;6178;1;COM.MAY. MAQUINAS Y MATERIAL OFICINA;9
EN EL MUNICIPI;2002;6174;1;COM.MAY. MATERIALES CONSTRUCCION;23
EN EL MUNICIPI;2002;6164;1;COM.MAY. METALES NO FERREOS;3
EN EL MUNICIPI;2002;6193;1;COM.MAY. METALES PRECIOSOS, Y JOYERIA;6
EN EL MUNICIPI;2002;6128;1;COM.MAY. PESCADOS;5
EN EL MUNICIPI;2002;6165;1;COM.MAY. PETROLEO Y LUBRICANTES;7
EN EL MUNICIPI;2002;6133;1;COM.MAY. PRENDAS EXTERIORES VESTIR;38
EN EL MUNICIPI;2002;6127;1;COM.MAY. VINOS Y VINAGRES DEL PAIS;4
EN EL MUNICIPI;2002;6139;1;COM.MAY.ACCESORIOS VESTIDO NCOP;6
EN EL MUNICIPI;2002;6154;1;COM.MAY.APAR.Y MAT. ELECTRONICO;12
EN EL MUNICIPI;2002;6195;1;COM.MAY.ART.PAPELERIA Y ESCRITORIO;13
EN EL MUNICIPI;2002;6126;1;COM.MAY.BEBIDAS Y TABACO;10
EN EL MUNICIPI;2002;6134;1;COM.MAY.CALZADO,PELETERIA,MARROQUINERIA;10
EN EL MUNICIPI;2002;6135;1;COM.MAY.CAMISERIA,LENCERIA,MERCERIA,...;30
EN EL MUNICIPI;2002;6122;1;COM.MAY.CEREALES,PLANTAS,ABONOS,ANIMALES;4
EN EL MUNICIPI;2002;621;1;COM.MAY.CHATARRA Y METALES DESECHO;15
EN EL MUNICIPI;2002;6171;1;COM.MAY.FIBRAS TEXTILES BRUTAS;1
EN EL MUNICIPI;2002;6123;1;COM.MAY.FRUTAS Y VERDURAS;6
EN EL MUNICIPI;2002;6197;1;COM.MAY.INSTRUM.PRECISION Y MEDIDA;9
EN EL MUNICIPI;2002;6179;1;COM.MAY.INTERINDUSTRIAL EXCEP. QUIMICA;74
EN EL MUNICIPI;2002;6125;1;COM.MAY.LECHE,PTOS.LACTEOS, MIEL, ACEITE;7
EN EL MUNICIPI;2002;6159;1;COM.MAY.OTROS ART. CONSUMO DURADERO NCOP;13
EN EL MUNICIPI;2002;6199;1;COM.MAY.OTROS PRODUCTOS NCOP;3
EN EL MUNICIPI;2002;6129;1;COM.MAY.OTROS PTOS. ALIMENT.,HELADOS ETC;54
EN EL MUNICIPI;2002;622;1;COM.MAY.OTROS PTOS. RECUPERACION;10
EN EL MUNICIPI;2002;6194;1;COM.MAY.PTOS. DE PAPEL Y CARTON;9
EN EL MUNICIPI;2002;6166;1;COM.MAY.PTOS. QUIMICOS INDUSTRIALES;10
EN EL MUNICIPI;2002;6121;1;COM.MAY.PTOS.ALIMENTIC.BEBIDAS Y TABACOS;11
EN EL MUNICIPI;2002;6141;1;COM.MAY.PTOS.FARMACEUTICOS Y MEDICAMENTO;4
EN EL MUNICIPI;2002;6169;1;COM.MAY.PTOS.INTERINDUSTRIALES Y QUIMIC.;1
EN EL MUNICIPI;2002;6143;1;COM.MAY.PTOS.MANTENIMIENTO HOGAR;9
EN EL MUNICIPI;2002;6142;1;COM.MAY.PTOS.PERFUMERIA,DROGUERIA;29
EN EL MUNICIPI;2002;6131;1;COM.MAY.PTOS.TEXTILES,CONFECC, Y CALZADO;7
EN EL MUNICIPI;2002;6132;1;COM.MAY.TEJIDOS POR METROS, ALFOMBRAS;21
EN EL MUNICIPI;2002;6151;1;COM.MAY.VEHICULOS Y SUS ACCESORIOS;21
EN EL MUNICIPI;2002;6468;1;COM.MEN. ARTICULOS PARA FUMADORES;1
EN EL MUNICIPI;2002;657;1;COM.MEN. INSTRUMENTOS MUSICA Y ACCESORIO;1
EN EL MUNICIPI;2002;6542;1;COM.MEN.ACCESORIOS Y RECAMBIOS VEHICULOS;24
EN EL MUNICIPI;2002;6613;1;COM.MEN.ALMACENES POPULARES;3
EN EL MUNICIPI;2002;6532;1;COM.MEN.APARATOS DE USO DOMESTICO;129
EN EL MUNICIPI;2002;6593;1;COM.MEN.APARATOS MEDICOS, ORTOPEDICOS;56
EN EL MUNICIPI;2002;6649;1;COM.MEN.ART.DIVERSOS EN MAQUINAS;2
EN EL MUNICIPI;2002;6539;1;COM.MEN.ART.HOGAR NCOP;18
EN EL MUNICIPI;2002;6595;1;COM.MEN.ART.JOYERIA,RELOJERIA,BISUTERIA;57
EN EL MUNICIPI;2002;6533;1;COM.MEN.ART.MENAJE,FERRETERIA,ADORNO;132
EN EL MUNICIPI;2002;6432;1;COM.MEN.BACALAO Y SALAZONES;7
EN EL MUNICIPI;2002;6445;1;COM.MEN.BOMBONES Y CARAMELOS;2
EN EL MUNICIPI;2002;6633;1;COM.MEN.CALZADO SIN ESTABLECIMIENTO;1
EN EL MUNICIPI;2002;6516;1;COM.MEN.CALZADO Y COMPLEMENTOS PIEL;60
EN EL MUNICIPI;2002;6553;1;COM.MEN.CARBURANTES Y ACEITES VEHICULOS;11
EN EL MUNICIPI;2002;6421;1;COM.MEN.CARNES,HUEVOS,CAZA Y GRANJA;8
EN EL MUNICIPI;2002;6424;1;COM.MEN.CARNICERIAS;80
EN EL MUNICIPI;2002;6422;1;COM.MEN.CARNICERIAS-CHARCUTERIAS;58
EN EL MUNICIPI;2002;6423;1;COM.MEN.CARNICERIAS-SALCHICHERIAS;42
EN EL MUNICIPI;2002;6426;1;COM.MEN.CASQUERIAS;8
EN EL MUNICIPI;2002;6517;1;COM.MEN.CONFECCIONES DE PELETERIA;4
EN EL MUNICIPI;2002;6546;1;COM.MEN.CUBIERTAS,BANDAS Y CAMARAS AIRE;7
EN EL MUNICIPI;2002;6545;1;COM.MEN.DE TODA CLASE DE MAQUINARIA;32
EN EL MUNICIPI;2002;6634;1;COM.MEN.DROGUERIA SIN ESTABLECIMIENTO;3
EN EL MUNICIPI;2002;6621;1;COM.MEN.EN ECONOMATOS Y COOP. DE CONSUMO;1
EN EL MUNICIPI;2002;6612;1;COM.MEN.EN HIPERMERCADOS;3
EN EL MUNICIPI;2002;641;1;COM.MEN.FRUTAS,VERDURAS;106
EN EL MUNICIPI;2002;6552;1;COM.MEN.GASES COMBUSTIBLES;3
EN EL MUNICIPI;2002;6611;1;COM.MEN.GRANDES ALMACENES;1
EN EL MUNICIPI;2002;6444;1;COM.MEN.HELADOS;5
EN EL MUNICIPI;2002;6425;1;COM.MEN.HUEVOS,AVES,GRANJA Y CAZA;51
EN EL MUNICIPI;2002;6596;1;COM.MEN.JUGUETES,ART.DEPORTE,ARMAS...;61
EN EL MUNICIPI;2002;6513;1;COM.MEN.LENCERIA Y CORSETERIA;37
EN EL MUNICIPI;2002;6594;1;COM.MEN.LIBROS,PERIODICOS,REVISTAS.;114
EN EL MUNICIPI;2002;6446;1;COM.MEN.MASAS FRITAS;39
EN EL MUNICIPI;2002;6534;1;COM.MEN.MATERIALES DE CONSTRUCCION;51
EN EL MUNICIPI;2002;6514;1;COM.MEN.MERCERIA Y PAQUETERIA;33
EN EL MUNICIPI;2002;6531;1;COM.MEN.MUEBLES (EXCEPTO OFICINA);93
EN EL MUNICIPI;2002;6592;1;COM.MEN.MUEBLES Y MAQUINAS DE OFICINA;62
EN EL MUNICIPI;2002;6639;1;COM.MEN.OTRAS MERCANCIAS SIN ESTABLECIM.;20
EN EL MUNICIPI;2002;6599;1;COM.MEN.OTROS PTOS. NCOP;4
EN EL MUNICIPI;2002;6441;1;COM.MEN.PAN,PASTELES,CONFITERIA,LACTEOS;173
EN EL MUNICIPI;2002;6431;1;COM.MEN.PESCADOS;96
EN EL MUNICIPI;2002;6524;1;COM.MEN.PLANTAS Y HIERBAS,HERBORARIOS;30
EN EL MUNICIPI;2002;665;1;COM.MEN.POR CORREO O CATALOGO;1
EN EL MUNICIPI;2002;6512;1;COM.MEN.PRENDAS DE VESTIR Y TOCADO;238
EN EL MUNICIPI;2002;6515;1;COM.MEN.PRENDAS ESPECIALES;3
EN EL MUNICIPI;2002;6472;1;COM.MEN.PTOS.ALIMENTICIOS MENOS 120 M2;83
EN EL MUNICIPI;2002;6631;1;COM.MEN.PTOS.ALIMENTICIOS SIN ESTABLEC.;4
EN EL MUNICIPI;2002;6474;1;COM.MEN.PTOS.ALIMENTICIOS SUP.400 M2;5
EN EL MUNICIPI;2002;6471;1;COM.MEN.PTOS.ALIMENTICIOS Y BEBIDAS;184
EN EL MUNICIPI;2002;6473;1;COM.MEN-PTOS.ALIMENTICIOS 120 - 399 M2;41
EN EL MUNICIPI;2002;6522;1;COM.MEN.PTOS.DROGUERIA,PERFUMERIA;73
EN EL MUNICIPI;2002;6443;1;COM.MEN.PTOS.PASTELERIA,BOLLERIA;27
EN EL MUNICIPI;2002;6523;1;COM.MEN.PTOS.PERFUMERIA Y COSMETICA;34
EN EL MUNICIPI;2002;6511;1;COM.MEN.PTOS.TEXTILES PARA EL HOGAR;41
EN EL MUNICIPI;2002;6535;1;COM.MEN.PUERTAS,VENTANAS Y PERSIANAS;29
EN EL MUNICIPI;2002;6591;1;COM.MEN.SELLOS,MONEDAS,MEDALLAS,COLECC.;3
EN EL MUNICIPI;2002;6597;1;COM.MEN.SEMILLAS,ABONOS,FLORES,PLANTAS;57
EN EL MUNICIPI;2002;6598;1;COM.MEN. SEX-SHOP ;2
EN EL MUNICIPI;2002;6464;1;COM.MEN.TABACO CON VENTA POR RECARGO;162
EN EL MUNICIPI;2002;6463;1;COM.MEN.TABACO EXPENDIDURIAS COMPLEMENT.;2
EN EL MUNICIPI;2002;6465;1;COM.MEN.TABACO MAQUINAS AUTOMATICAS;463
EN EL MUNICIPI;2002;6461;1;COM.MEN.TABACOS EN EXPENDIDURIA;26
EN EL MUNICIPI;2002;6632;1;COM.MEN.TEXTILES Y CONFECC.SIN ESTABLEC.;8
EN EL MUNICIPI;2002;6622;1;COM.MEN.TODA CLASE ART. EN OTROS LOCALES;62
EN EL MUNICIPI;2002;6544;1;COM.MEN.VEHICULOS FLUVIALES Y MARITIMOS;2
EN EL MUNICIPI;2002;6541;1;COM.MEN.VEHICULOS TERRESTRES;64
EN EL MUNICIPI;2002;645;1;COM.MEN.VINOS Y BEBIDAS;7
EN EL MUNICIPI;2002;612;2;CONDUCTORES DE VEHICULOS TERRESTRES;1
EN EL MUNICIPI;2002;4551;1;CONFECC. ART. TEXTILES HOGAR/TAPICERIA;12
EN EL MUNICIPI;2002;454;1;CONFECC. MEDIDA PRENDAS VESTIR;10
EN EL MUNICIPI;2002;4559;1;CONFECC. OTROS ART. TEXTILES NCOP;12
EN EL MUNICIPI;2002;453;1;CONFECC. TODA CLASE PRENDAS VESTIR;453
EN EL MUNICIPI;2002;3221;1;CONS. MAQUINAS PARA TRABAJAR METALES;13
EN EL MUNICIPI;2002;330;1;CONS.MAQ.DE OFICINA Y ORDENADORES;9
EN EL MUNICIPI;2002;5022;1;CONSOLIDACION Y PREPARACION DE TERRENOS;9
EN EL MUNICIPI;2002;3254;1;CONST. MAQ. ELEVACION Y MANIPULACION;11
EN EL MUNICIPI;2002;3291;1;CONST. MAQ. IND. PAPEL, CARTON Y AA.GG.;2
EN EL MUNICIPI;2002;3294;1;CONST. MAQ. MANIPULACION DE FLUIDOS;5
EN EL MUNICIPI;2002;3253;1;CONST. MAQ. PARA SIDERURGIA Y FUNDICION;1
EN EL MUNICIPI;2002;3252;1;CONST. MAQUINAS IND. MINERALES NO METAL;4
EN EL MUNICIPI;2002;3231;1;CONST. MAQUINAS TEXTILES Y ACCESORIOS;5
EN EL MUNICIPI;2002;3299;1;CONST. OTRAS MAQ. Y EQUIPOS NCOP;28
EN EL MUNICIPI;2002;3251;1;CONST.MAQ. MINERIA Y CONSTRUCCION;4
EN EL MUNICIPI;2002;3243;1;CONST.MAQ.IND._DEL CAUCHO Y PLASTICOS;2
EN EL MUNICIPI;2002;3242;1;CONST.MAQUINAS PARA INDUSTRIA QUIMICA;6
EN EL MUNICIPI;2002;362;1;CONSTRUCC. CARROCERIAS, REMOLQUES...;1
EN EL MUNICIPI;2002;5012;1;CONSTRUCC. COMPLETA OBRAS CIVILES;7
EN EL MUNICIPI;2002;315;1;CONSTRUCC. DEPOSITOS Y CALDERERIA;18
EN EL MUNICIPI;2002;389;1;CONSTRUCC. OTRO MATERIAL TRANSPORTE NCOP;1
EN EL MUNICIPI;2002;5011;1;CONSTRUCCION COMPLETA, REPAR. Y CONSERV.;166
EN EL MUNICIPI;2002;507;1;CONSTRUCCION DE TODA CLASE DE OBRAS;1
EN EL MUNICIPI;2002;361;1;CONSTRUCCION DE VEHICULOS AUTOMOVILES;2
EN EL MUNICIPI;2002;382;1;CONSTRUCC.REPARACION, MANT. AERONAVES;1
EN EL MUNICIPI;2002;943;1;CONSULTAS CLINICAS ESTOMAT. Y ODONTOLOG.;29
EN EL MUNICIPI;2002;945;1;CONSULTAS Y CLINICAS VETERINARIAS;5
EN EL MUNICIPI;2002;9421;1;CONSULTORIOS MEDICOS, SANITARIOS...;19
EN EL MUNICIPI;2002;4391;1;CORDELERIA;1
EN EL MUNICIPI;2002;441;1;CURTICION Y ACABADO DE CUEROS Y PIELES;5
EN EL MUNICIPI;2002;9613;1;DECORACIONES ESCENICAS PELICULAS;1
EN EL MUNICIPI;2002;432;2;DECORADORES-DISEùADORES DE INTERIORES;15
EN EL MUNICIPI;2002;431;2;DELINEANTES;13
EN EL MUNICIPI;2002;5021;1;DEMOLICIONES Y DERRIBOS EN GENERAL;4
EN EL MUNICIPI;2002;7541;1;DEPOSITOS Y ALMACENES GENERALES;3
EN EL MUNICIPI;2002;6442;1;DESPACHOS PAN, PAN ESPECIAL, Y BOLLERIA;14
EN EL MUNICIPI;2002;773;2;DETECTIVES PRIVADOS, VIGILANCIA, PROTECC;3
EN EL MUNICIPI;2002;224;2;DIBUJANTES TECNICOS;3
EN EL MUNICIPI;2002;744;2;DIPLOMADOS EN CIENCIAS EMPRESARIALES;4
EN EL MUNICIPI;2002;764;2;DIPLOMADOS EN INFORMATICA;2
EN EL MUNICIPI;2002;1614;1;DISTRIBUCION DE AGUA EN NUCLEOS URBANOS;2
EN EL MUNICIPI;2002;9621;1;DISTRIBUCION Y VENTA DE PELICULAS;2
EN EL MUNICIPI;2002;9612;1;DOBLAJE, MONTAJE DE PELICULAS;2
EN EL MUNICIPI;2002;775;2;DOCTORES Y LICENCIADOS EN FILOSOFIA;7
EN EL MUNICIPI;2002;761;2;DOCTORES Y LICENCIADOS EXACTAS Y ESTAD.;1
EN EL MUNICIPI;2002;762;2;DOCTORES,LICENCIADOS,INGENIEROS INFORMAT;1
EN EL MUNICIPI;2002;776;2;DRES.LICENC.POLITICAS,SOCIALES,LETRAS;31
EN EL MUNICIPI;2002;111;2;DRES.Y LICENCIADOS FISICAS Y GEOLOGICAS;1
EN EL MUNICIPI;2002;741;2;ECONOMISTAS;7
EN EL MUNICIPI;2002;4761;1;EDICION DE LIBROS;2
EN EL MUNICIPI;2002;4762;1;EDICION DE PERIODICOS Y REVISTAS;10
EN EL MUNICIPI;2002;3552;1;EDICION SOPORTES AUDIO,VIDEO,INFORMATICA;5
EN EL MUNICIPI;2002;4231;1;ELAB. CAFE, TE, Y SUCEDANEOS;1
EN EL MUNICIPI;2002;4239;1;ELAB. OTROS PTOS. ALIMENTICIOS NCOP;22
EN EL MUNICIPI;2002;4212;1;ELABORACION PTOS. CONFITERIA;1
EN EL MUNICIPI;2002;4224;1;ELAB.PIENSOS COMP. ANIMALES DOMESTICOS;1
EN EL MUNICIPI;2002;9654;1;EMPRESAS DE ESPECTACULOS;4
EN EL MUNICIPI;2002;846;1;EMPRESAS DE ESTUDIO DE MERCADO;5
EN EL MUNICIPI;2002;7515;1;ENGRASE Y LAVADO DE VEHICULOS;14
EN EL MUNICIPI;2002;9331;1;ENSEù. CONDUCCION VEHICULOS;33
EN EL MUNICIPI;2002;9312;1;ENSEùANZA EDUCACION GENERAL BASICA;3
EN EL MUNICIPI;2002;9321;1;ENSEùANZA FORMACION PROF. NO SUPERIOR;21
EN EL MUNICIPI;2002;821;1;ENTIDADES ASEGURADORES DE VIDA Y CAPIT.;5
EN EL MUNICIPI;2002;9672;1;ESCUELAS Y SERV. PERFECC. DEL DEPORTE;20
EN EL MUNICIPI;2002;777;2;ESPECIALISTAS ORIENTACION Y ANALISIS PER;3
EN EL MUNICIPI;2002;9652;1;ESPECTACULOS AL AIRE LIBRE;1
EN EL MUNICIPI;2002;9651;1;ESPECTACULOS EN SALAS Y LOCALES;2
EN EL MUNICIPI;2002;772;2;ESTENOTIPISTAS, TAQUIMECANOGRAFOS,...;10
EN EL MUNICIPI;2002;833;2;ESTOMATOLOGOS;19
EN EL MUNICIPI;2002;9631;1;EXHIBICION DE PELICULAS CINEMATOGRAFICAS;3
EN EL MUNICIPI;2002;873;2;EXPENDEDORES NO OFICIALES APUESTAS;3
EN EL MUNICIPI;2002;871;2;EXPENDEDORES OFICIALES LOTERIAS;22
EN EL MUNICIPI;2002;845;1;EXPLOTACION ELECTRONICA POR TERCEROS;34
EN EL MUNICIPI;2002;9213;1;EXTERMINIO ANIMALES DAùINOS Y DESIFECC.;4
EN EL MUNICIPI;2002;2313;1;EXTRACC. ARENAS Y GRAVAS CONSTRUCCION;1
EN EL MUNICIPI;2002;2536;1;FAB. ACEITES ESENCIALES Y SUST. AROMAT.;1
EN EL MUNICIPI;2002;4282;1;FAB. AGUAS GASEOSAS Y OTRAS BEBIDAS SIN;3
EN EL MUNICIPI;2002;4371;1;FAB. ALFOMBRAS Y TAPICES;1
EN EL MUNICIPI;2002;345;1;FAB. APARATOS ELECTRODOMESTICOS;2
EN EL MUNICIPI;2002;3922;1;FAB. APARATOS PROTESIS Y ORTOPEDIA;12
EN EL MUNICIPI;2002;352;1;FAB. APARATOS USO PROFESIONAL CIENTIFICO;1
EN EL MUNICIPI;2002;4822;1;FAB. ART. ACABADOS MATERIAS PLASTICAS;39
EN EL MUNICIPI;2002;3141;1;FAB. ART. CARPINTERIA METALICA;92
EN EL MUNICIPI;2002;4942;1;FAB. ART. DEPORTE;1
EN EL MUNICIPI;2002;4951;1;FAB. ART. ESCRITORIO;3
EN EL MUNICIPI;2002;467;1;FAB. ART. JUNCO, CAùA Y CESTERIA;2
EN EL MUNICIPI;2002;3164;1;FAB. ART. MENAJE;1
EN EL MUNICIPI;2002;4733;1;FAB. ART. OFICINA, ESCRITORIO, EN PAPEL;3
EN EL MUNICIPI;2002;3162;1;FAB. ARTICULOS DE FERRETERIA/CERRAJERIA;28
EN EL MUNICIPI;2002;2435;1;FAB. ARTICULOS DERIVADOS YESO Y ESCAYOLA;1
EN EL MUNICIPI;2002;2471;1;FAB. ARTICULOS REFRACTARIOS;2
EN EL MUNICIPI;2002;2473;1;FAB. BALDOSAS ESMALTADAS PARA PAVIMENTOS;1
EN EL MUNICIPI;2002;4731;1;FAB. CARTON ONDULADO Y SUS ARTICULOS;3
EN EL MUNICIPI;2002;2537;1;FAB. COLAS Y GELATINAS;8
EN EL MUNICIPI;2002;416;1;FAB. CONSERVAS PESCADO;1
EN EL MUNICIPI;2002;344;1;FAB. CONTADORES Y APARATOS DE MEDIDA;1
EN EL MUNICIPI;2002;245;1;FAB. DE ABRASIVOS;3
EN EL MUNICIPI;2002;2522;1;FAB. DE PLAGUICIDAS;1
EN EL MUNICIPI;2002;2534;1;FAB. DE TINTAS DE IMPRENTA;2
EN EL MUNICIPI;2002;464;1;FAB. ENVASES Y EMBALAJES DE MADERA;4
EN EL MUNICIPI;2002;2542;1;FAB. ESPECIALIDADES FARMACEUTICAS;6
EN EL MUNICIPI;2002;3142;1;FAB. ESTRUCTURAS METALICAS;13
EN EL MUNICIPI;2002;4351;1;FAB. GENEROS DE PUNTO EN PIEZA;8
EN EL MUNICIPI;2002;3161;1;FAB. HERRAMIENTAS MANUALES;8
EN EL MUNICIPI;2002;2431;1;FAB. HORMIGONES PREPARADOS;4
EN EL MUNICIPI;2002;2551;1;FAB. JABONES COMUNES, DETERGENTES, LEJIA;1
EN EL MUNICIPI;2002;2552;1;FAB. JABONES TOCADOR Y PTOS. PERFUMERIA;5
EN EL MUNICIPI;2002;346;1;FAB. LAMPARAS Y MATERIAL DE ALUMBRADO;8
EN EL MUNICIPI;2002;3921;1;FAB. MATERIAL MEDICO-QUIRURGICO;1
EN EL MUNICIPI;2002;4681;1;FAB. MOBILIARIO DE MADERA PARA EL HOGAR;65
EN EL MUNICIPI;2002;3166;1;FAB. MOBILIARIO METALICO;10
EN EL MUNICIPI;2002;3932;1;FAB. MONTURAS PARA GAFAS (PLASTICO NO);1
EN EL MUNICIPI;2002;4683;1;FAB. MUEBLES DIV. MADERA, JUNCO, MIMBRE;7
EN EL MUNICIPI;2002;465;1;FAB. OBJETOS DIVERSOS DE MADERA;11
EN EL MUNICIPI;2002;4819;1;FAB. OTROS ART. CAUCHO NCOP;4
EN EL MUNICIPI;2002;4959;1;FAB. OTROS ART. NCOP;13
EN EL MUNICIPI;2002;4732;1;FAB. OTROS ART. Y ENVASES PAPEL Y CARTON;6
EN EL MUNICIPI;2002;4429;1;FAB. OTROS ARTICULOS DE CUERO NCOP;2
EN EL MUNICIPI;2002;2433;1;FAB. OTROS ARTICULOS DERIVADOS CEMENTO;1
EN EL MUNICIPI;2002;4739;1;FAB. OTROS MANIPULADOS PAPEL Y CARTON;4
EN EL MUNICIPI;2002;2479;1;FAB. OTROS PTOS. CERAMICOS NCOP;2
EN EL MUNICIPI;2002;2512;1;FAB. OTROS PTOS. QUIMICOS ORGANICOS;1
EN EL MUNICIPI;2002;2539;1;FAB. OTROS PTOS. QUIMICOS USO INDUSTRIAL;2
EN EL MUNICIPI;2002;472;1;FAB. PAPEL Y CARTON;1
EN EL MUNICIPI;2002;2533;1;FAB. PINTURAS, BARNICES Y LACAS;5
EN EL MUNICIPI;2002;4354;1;FAB. PRENDAS EXTERIORES DE PUNTO;24
EN EL MUNICIPI;2002;4353;1;FAB. PRENDAS INTERIORES PUNTO;2
EN EL MUNICIPI;2002;2513;1;FAB. PTOS. QUIMICOS INORGANICOS;1
EN EL MUNICIPI;2002;4821;1;FAB. PTOS. SEMIELABORADOS PLASTICO;8
EN EL MUNICIPI;2002;3551;1;FAB. RECEPTORES RADIO, TV, Y SONIDO;3
EN EL MUNICIPI;2002;3167;1;FAB. RECIPIENTES Y ENVASES METALICOS;9
EN EL MUNICIPI;2002;399;1;FAB. RELOJES Y OTROS INSTRUMENTOS NCOP;5
EN EL MUNICIPI;2002;463;1;FAB. SERIE PIEZAS DE CARPINTERIA;37
EN EL MUNICIPI;2002;2474;1;FAB. VAJILLAS Y ARTICULOS PARA EL HOGAR;4
EN EL MUNICIPI;2002;2462;1;FAB. VIDRIO HUECO;4
EN EL MUNICIPI;2002;2463;1;FAB. VIDRIO TECNICO;3
EN EL MUNICIPI;2002;3512;1;FAB.APARATOS TELECOMUNICACION RADIODIF.;2
EN EL MUNICIPI;2002;353;1;FAB.APARAT.SEùALIZACION,CONTROL;9
EN EL MUNICIPI;2002;4421;1;FAB.ART. MARROQUINERIA Y VIAJE;11
EN EL MUNICIPI;2002;354;1;FAB.COMPONENTES ELECTRONICOS Y CIRCUITOS;8
EN EL MUNICIPI;2002;3261;1;FAB.ENGRANAJES,CADENAS DE TRANSMISION;6
EN EL MUNICIPI;2002;363;1;FAB.EQUIPO,COMPONENTES,REPUESTOS, COCHES;4
EN EL MUNICIPI;2002;341;1;FAB.HILOS Y CABLES ELECTRICOS;2
EN EL MUNICIPI;2002;391;1;FAB.INSTRUM. PRECISION,MEDIDA,CONTROL;2
EN EL MUNICIPI;2002;342;1;FAB.MATERIAL ELECTRICO DE USO Y EQUIP.;19
EN EL MUNICIPI;2002;4132;1;FAB.PTOS.CARNICOS DE TODAS CLASES;8
EN EL MUNICIPI;2002;162;1;FABRICACION DE HIELO PARA LA VENTA;2
EN EL MUNICIPI;2002;3223;1;FAB.UTILES PARA MAQUINAS HERRAMIENTAS;8
EN EL MUNICIPI;2002;835;2;FARMACEUTICOS;3
EN EL MUNICIPI;2002;6521;1;FARMACIAS;53
EN EL MUNICIPI;2002;312;1;FORJA,ESTAMPADO,EMBUTICION,TROQUELADO;16
EN EL MUNICIPI;2002;3111;1;FUNDICION PIEZAS DE HIERRO Y ACERO;2
EN EL MUNICIPI;2002;3112;1;FUNDICION PIEZAS METALES NO FERREOS;2
EN EL MUNICIPI;2002;722;2;GESTORES ADMINISTRATIVOS;9
EN EL MUNICIPI;2002;765;2;GRABADORES, Y OTROS PROF. INFORMATICA;5
EN EL MUNICIPI;2002;726;2;GRADUADOS SOCIALES;10
EN EL MUNICIPI;2002;7546;1;GUARDAMUEBLES;3
EN EL MUNICIPI;2002;9311;1;GUARDERIA Y ENSE#ANZA INFANTIL,EXCLUSIV.;35
EN EL MUNICIPI;2002;7511;1;GUARDIA Y CUSTODIA VEHICULOS EN GARAJES;10
EN EL MUNICIPI;2002;7513;1;GUARDIA Y CUSTODIA VEHICULOS EN SOLARES;2
EN EL MUNICIPI;2002;7512;1;GUARDIA Y CUSTODIA VEHICULOS  PARKING ;17
EN EL MUNICIPI;2002;882;2;GUIAS DE TURISMO;1
EN EL MUNICIPI;2002;4312;1;HILADO Y RETORCIDO DEL ALGODON;1
EN EL MUNICIPI;2002;684;1;HOSPEDAJE EN APARTA-HOTELES;1
EN EL MUNICIPI;2002;682;1;HOSPEDAJE EN HOSTALES Y PENSIONES;3
EN EL MUNICIPI;2002;681;1;HOSPEDAJE EN HOTELES Y MOTELES;2
EN EL MUNICIPI;2002;683;1;HOSPEDAJES EN FONDAS Y CASAS HUESPEDES;1
EN EL MUNICIPI;2002;6771;1;HOSTELERIA Y RESTAURACION SIN ESTABLEC.;2
EN EL MUNICIPI;2002;016;3;HUMORISTAS,CARICATOS,EXCENTRICOS;1
EN EL MUNICIPI;2002;4192;1;INDUST. BOLLERIA Y PASTELERIA;12
EN EL MUNICIPI;2002;4193;1;INDUST. ELABORACION MASAS FRITAS;4
EN EL MUNICIPI;2002;433;1;INDUSTRIA DE LA SEDA NATURAL;6
EN EL MUNICIPI;2002;4191;1;INDUSTRIA DEL PAN Y BOLLERIA;16
EN EL MUNICIPI;2002;244;1;INDUSTRIAS DE LA PIEDRA NATURAL;6
EN EL MUNICIPI;2002;412;2;INGENIEROS CAMINOS, CANALES Y PUERTOS;1
EN EL MUNICIPI;2002;311;2;INGENIEROS INDUSTRIALES Y TEXTILES;14
EN EL MUNICIPI;2002;022;2;INGENIEROS TEC. AGRICOLAS Y FORESTALES;1
EN EL MUNICIPI;2002;321;2;INGENIEROS TEC. INDUSTRIALES Y TEXTILES;18
EN EL MUNICIPI;2002;222;2;INGENIEROS TEC. TELECOMUNICACIONES;2
EN EL MUNICIPI;2002;213;2;INGENIEROS TELECOMUNICACION;3
EN EL MUNICIPI;2002;8436;1;INSPECCION TECNICA DE VEHICULOS;1
EN EL MUNICIPI;2002;9681;1;INSTALAC. CELEB. ESPECTACULOS DEPORTIVOS;1
EN EL MUNICIPI;2002;5046;1;INSTALACION APARATOS ELEVADORES;5
EN EL MUNICIPI;2002;5045;1;INSTALACION COCINAS;10
EN EL MUNICIPI;2002;5060;1;INSTALACION DE ANDAMIOS, CIMBRAS, ETC.;14
EN EL MUNICIPI;2002;9671;1;INSTALACIONES DEPORTIVAS;7
EN EL MUNICIPI;2002;5041;1;INSTALACIONES ELECTRICAS EN GENERAL;296
EN EL MUNICIPI;2002;5042;1;INSTALACIONES FONTANERIA;64
EN EL MUNICIPI;2002;5043;1;INSTALACIONES FRIO Y CALOR;68
EN EL MUNICIPI;2002;5044;1;INSTALACIONES PARARRAYOS;1
EN EL MUNICIPI;2002;5047;1;INSTALACIONES TELEFONICAS;28
EN EL MUNICIPI;2002;8191;1;INSTITUCIONES DE CREDITO;1
EN EL MUNICIPI;2002;631;1;INTERMEDIARIOS DEL COMERCIO;45
EN EL MUNICIPI;2002;724;2;INTERMEDIARIOS PROMOCION EDIFICACIONES;15
EN EL MUNICIPI;2002;032;3;INTERPRETES DE INSTRUMENTOS MUSICALES;2
EN EL MUNICIPI;2002;9812;1;JARDINES DE RECREO;3
EN EL MUNICIPI;2002;4911;1;JOYERIA;12
EN EL MUNICIPI;2002;9695;1;JUEGOS BILLAR, PING-PONG, BOLOS Y OTROS;60
EN EL MUNICIPI;2002;9693;1;JUEGOS DE BINGO;2
EN EL MUNICIPI;2002;493;1;LABORATORIOS FOTOGRAFICOS Y CINEMAT.;1
EN EL MUNICIPI;2002;2465;1;MANIPULADO DE VIDRIO;15
EN EL MUNICIPI;2002;887;2;MAQUILLADORES Y ESTETICISTAS;17
EN EL MUNICIPI;2002;9732;1;MAQUINAS AUTOMAT. FOTOGRAFIAS Y FOTOCOP.;2
EN EL MUNICIPI;2002;3241;1;MAQUINAS IND. ALIMENT.,BEBIDAS Y TAB.;7
EN EL MUNICIPI;2002;9694;1;MAQUINAS RECREATIVAS Y DE AZAR;6
EN EL MUNICIPI;2002;839;2;MASAJISTAS, DIETISTAS, Y AUX.ENFERMERIA;12
EN EL MUNICIPI;2002;832;2;MEDICOS ESPECIALISTAS;60
EN EL MUNICIPI;2002;831;2;MEDICOS MEDICINA GENERAL;84
EN EL MUNICIPI;2002;5033;1;MONTAJE ESTRUC. METALICAS TTE. Y OBRAS;3
EN EL MUNICIPI;2002;5048;1;MONTAJES METALICOS E INSTALAC. INDUSTR.;14
EN EL MUNICIPI;2002;733;2;NOTARIOS;5
EN EL MUNICIPI;2002;5034;1;OBRAS SIN MAQUINAS Y SIN MAS 4 OBREROS;1
EN EL MUNICIPI;2002;4243;1;OBTENC. AGUARDIENTES COMPUESTOS;1
EN EL MUNICIPI;2002;834;2;ODONTOLOGOS;31
EN EL MUNICIPI;2002;838;2;OPTICOS-OPTOMETRISTAS Y PODOLOGOS;24
EN EL MUNICIPI;2002;9683;1;ORGANIZ.ESPECT.DEPORT. FEDERAC. Y CLUBES;2
EN EL MUNICIPI;2002;039;3;OTRAS ACTIV. RELAC. MUSICA  NCOP;10
EN EL MUNICIPI;2002;049;3;OTRAS ACTIV. RELACIONADAS DEPORTE NCOP;1
EN EL MUNICIPI;2002;4769;1;OTRAS EDICIONES NCOP;6
EN EL MUNICIPI;2002;823;1;OTRAS ENTIDADES ASEGURADORAS;1
EN EL MUNICIPI;2002;4399;1;OTRAS INDUSTRIAS TEXTILES NCOP;3
EN EL MUNICIPI;2002;9697;1;OTRAS MAQUINAS AUTOMATICAS;74
EN EL MUNICIPI;2002;699;1;OTRAS REPARACIONES NCOP;42
EN EL MUNICIPI;2002;9339;1;OTROS ACTIV. ENSEùANZA;30
EN EL MUNICIPI;2002;3169;1;OTROS ART. ACABADOS EN METALES NCOP;56
EN EL MUNICIPI;2002;6732;1;OTROS CAFES Y BARES;663
EN EL MUNICIPI;2002;7549;1;OTROS DEPOSITOS ESPECIALES NCOP;2
EN EL MUNICIPI;2002;799;2;OTROS PROF. ACTIV. FINANC. JURID. SEGUR.;38
EN EL MUNICIPI;2002;599;2;OTROS PROF. RELAC. COMERCIO Y HOSTELERIA;77
EN EL MUNICIPI;2002;899;2;OTROS PROF. RELACIONADOS CON SERVICIOS;27
EN EL MUNICIPI;2002;499;2;OTROS PROFES. RELACIONADOS CONSTRUCCION;5
EN EL MUNICIPI;2002;399;2;OTROS PROFESIONALES INDUSTRIAS MANUFAC.;11
EN EL MUNICIPI;2002;699;2;OTROS PROFESIONALES RELAC. TRANSPORTE;1
EN EL MUNICIPI;2002;299;2;OTROS PROF.RELACION AERONAUTICA,COMUNIC.;2
EN EL MUNICIPI;2002;6779;1;OTROS SERV. ALIMENTACION - RESTAURACION;24
EN EL MUNICIPI;2002;8329;1;OTROS SERV. AUXILIARES DE SEGUROS;6
EN EL MUNICIPI;2002;9429;1;OTROS SERV. SANITARIOS;28
EN EL MUNICIPI;2002;9669;1;OTROS SERVICIOS CULTURALES NCOP;8
EN EL MUNICIPI;2002;9219;1;OTROS SERVICIOS DE SANEAMIENTO N.C.O.P.;10
EN EL MUNICIPI;2002;8499;1;OTROS SERVICIOS INDEPENDIENTES NCOP;54
EN EL MUNICIPI;2002;999;1;OTROS SERVICIOS N.C.O.P.;29
EN EL MUNICIPI;2002;9799;1;OTROS SERVICIOS PERSONALES NCOP;6
EN EL MUNICIPI;2002;8439;1;OTROS SERVICIOS TECNICOS NCOP;20
EN EL MUNICIPI;2002;9813;1;PARQUES DE ATRACCIONES (TAMB. ACUATICOS);1
EN EL MUNICIPI;2002;4562;1;PELETERIA ARTIFICIAL;1
EN EL MUNICIPI;2002;4561;1;PELETERIA NATURAL;8
EN EL MUNICIPI;2002;743;2;PERITOS MERCANTILES;1
EN EL MUNICIPI;2002;884;2;PERITOS TASADORES:SEGUROS,ALHAJAS,...;8
EN EL MUNICIPI;2002;822;2;PERSONAL DOCENTE ENSEùANZA MEDIA;1
EN EL MUNICIPI;2002;821;2;PERSONAL DOCENTE ENSEùANZA SUPERIOR;2
EN EL MUNICIPI;2002;826;2;PERSONAL DOCENTE ENSEùANZAS DIVERSAS;25
EN EL MUNICIPI;2002;043;3;PILOTOS,ENTRENADORES MOTO Y AUTOCICLISMO;1
EN EL MUNICIPI;2002;861;2;PINTORES,ESCULTORES,CERAMISTAS,ARTESANOS;31
EN EL MUNICIPI;2002;5056;1;PINTURA Y REVESTIMIENTO CON PAPEL,TEJIDO;146
EN EL MUNICIPI;2002;5032;1;PREP. ESTRUC. CUBIERTAS EN OBRAS CIVILES;1
EN EL MUNICIPI;2002;4311;1;PREP. FIBRAS DE ALGODON;1
EN EL MUNICIPI;2002;5031;1;PREP. MONTAJE ESTRUCTURAS Y CUBIERTAS;20
EN EL MUNICIPI;2002;4281;1;PREP. Y ENVASADO DE AGUAS MINERALES;1
EN EL MUNICIPI;2002;732;2;PROCURADORES;10
EN EL MUNICIPI;2002;2251;1;PROD. Y PRIM. TRANSFORMACION ALUMINIO;1
EN EL MUNICIPI;2002;153;1;PRODUCC. Y DISTRIB. VAPOR Y AGUA CALIENT;1
EN EL MUNICIPI;2002;1512;1;PRODUCCION ENERGIA TERMOELECTRICA;2
EN EL MUNICIPI;2002;9611;1;PRODUCCION PELICULAS CINEMATOGRAFICAS;3
EN EL MUNICIPI;2002;811;2;PROFESIONALES LIMPIEZA;7
EN EL MUNICIPI;2002;751;2;PROFESIONALES PUBLICIDAD, RELAC.PUBLICAS;12
EN EL MUNICIPI;2002;824;2;PROFESORES FORMACION PROFESIONAL;4
EN EL MUNICIPI;2002;763;2;PROGRAMADORES Y ANALISTAS INFORMATICA;21
EN EL MUNICIPI;2002;8332;1;PROMOCION INMOBILIARIA DE EDIFICACIONES;187
EN EL MUNICIPI;2002;8331;1;PROMOCION INMOBILIARIA DE TERRENOS;14
EN EL MUNICIPI;2002;837;2;PROTESICOS E HIGIENISTAS DENTALES;3
EN EL MUNICIPI;2002;6475;1;PTOS.ALIMENTICIOS Y BEB. MAQUINAS;17
EN EL MUNICIPI;2002;623;1;RECUPERACION Y COM. RESIDUOS SIN ESTABL.;7
EN EL MUNICIPI;2002;6911;1;REPARACION ART. ELECTRODOMESTICOS;39
EN EL MUNICIPI;2002;6912;1;REPARACION AUTOMOVILES Y BICICLETAS;205
EN EL MUNICIPI;2002;692;1;REPARACION DE MAQUINARIA INDUSTRIAL;74
EN EL MUNICIPI;2002;6919;1;REPARACION OTROS BIENES CONSUMO NCOP;55
EN EL MUNICIPI;2002;372;1;REPARACION Y MANTENIMIENTO DE BUQUES;2
EN EL MUNICIPI;2002;862;2;RESTAURADORES OBRAS DE ARTE;1
EN EL MUNICIPI;2002;6714;1;RESTAURANTES DE DOS TENEDORES;24
EN EL MUNICIPI;2002;6713;1;RESTAURANTES DE TRES TENEDORES;1
EN EL MUNICIPI;2002;6715;1;RESTAURANTES DE UN TENEDOR;60
EN EL MUNICIPI;2002;5051;1;REVESTIMIENTOS EXTERIORES E INTERIORES;52
EN EL MUNICIPI;2002;4131;1;SACRIFICIO Y DESPIECE DE GANADO;4
EN EL MUNICIPI;2002;9691;1;SALAS DE BAILE Y DISCOTECAS;8
EN EL MUNICIPI;2002;4133;1;SALAS DESPIECE AUTONOMAS;1
EN EL MUNICIPI;2002;9722;1;SALONES E INSTITUTOS DE BELLEZA;49
EN EL MUNICIPI;2002;9696;1;SALONES RECREATIVOS Y DE JUEGO;4
EN EL MUNICIPI;2002;9733;1;SERV. COPIAS DOCUMENTOS MAQ.FOTOCOPIA;27
EN EL MUNICIPI;2002;8494;1;SERV. CUSTODIA, SEGURIDAD Y PROTECCION;1
EN EL MUNICIPI;2002;8497;1;SERV. GESTION ADMINISTRATIVA;16
EN EL MUNICIPI;2002;9211;1;SERV. LIMPIEZA VIARIA Y JARDINES;4
EN EL MUNICIPI;2002;8492;1;SERV. MECANOGRAFICOS, TAQUIGRAFICOS, ETC;4
EN EL MUNICIPI;2002;9892;1;SERV. ORGANIZ. CONGRESOS,ASAMBLEAS, ...;3
EN EL MUNICIPI;2002;9721;1;SERV. PELUQUERIA SEùORAS Y CABALLEROS;249
EN EL MUNICIPI;2002;9791;1;SERV. POMPAS FUNEBRES;2
EN EL MUNICIPI;2002;834;1;SERV. PROPIEDAD INMOBILIARIA E INDUSTRIA;74
EN EL MUNICIPI;2002;9217;1;SERV. PROTECCION CONTRA INCENDIOS;2
EN EL MUNICIPI;2002;9212;1;SERV. RECOGIDA DE BASURAS Y DESECHOS;9
EN EL MUNICIPI;2002;8322;1;SERV. TASACION Y TARIFICACION SEGUROS;1
EN EL MUNICIPI;2002;8432;1;SERV. TEC. DE ARQUITECTURA;4
EN EL MUNICIPI;2002;8433;1;SERV. TEC. PROSPECCIONES Y GEOLOGIA;1
EN EL MUNICIPI;2002;8435;1;SERV. TECNICOS DE DELINEACION;4
EN EL MUNICIPI;2002;8434;1;SERV. TECNICOS DE TOPOGRAFIA;2
EN EL MUNICIPI;2002;8493;1;SERV. TRADUCCION Y SIMILARES;1
EN EL MUNICIPI;2002;9214;1;SERV.ALCANTARILLADO, EVACUACION AGUAS;2
EN EL MUNICIPI;2002;8496;1;SERV.COLOCACION Y SUMINISTRO DE PERSONAL;9
EN EL MUNICIPI;2002;911;1;SERVICIOS AGRICOLAS Y GANADEROS;6
EN EL MUNICIPI;2002;7516;1;SERVICIOS DE CARGA Y DESCARGA MERCANCIAS;1
EN EL MUNICIPI;2002;975;1;SERVICIOS DE ENMARCACION;1
EN EL MUNICIPI;2002;922;1;SERVICIOS DE LIMPIEZA;50
EN EL MUNICIPI;2002;9641;1;SERVICIOS DE RADIODIFUSION;1
EN EL MUNICIPI;2002;9642;1;SERVICIOS DE TELEVISION;1
EN EL MUNICIPI;2002;842;1;SERVICIOS FINANCIEROS Y CONTABLES;53
EN EL MUNICIPI;2002;9731;1;SERVICIOS FOTOGRAFICOS;37
EN EL MUNICIPI;2002;841;1;SERVICIOS JURIDICOS;12
EN EL MUNICIPI;2002;844;1;SERVICIOS PUBLICIDAD, RELACIONES PUBLIC.;28
EN EL MUNICIPI;2002;8495;1;SERVICIOS RECAD.,REPARTO Y MANIP. CORRES;18
EN EL MUNICIPI;2002;8431;1;SERVICIOS TECNICOS DE INGENIERIA;15
EN EL MUNICIPI;2002;761;1;SERVICIOS TELEFONICOS;1
EN EL MUNICIPI;2002;221;1;SIDERURGIA INTEGRAL;3
EN EL MUNICIPI;2002;5052;1;SOLADOS Y PAVIMENTOS;31
EN EL MUNICIPI;2002;5053;1;SOLADOS Y PAVIMENTOS DE MADERA;17
EN EL MUNICIPI;2002;3191;1;TALLERES DE MECANICA EN GENERAL;78
EN EL MUNICIPI;2002;3199;1;TALLERES MECANICOS NCOP;10
EN EL MUNICIPI;2002;322;2;TECNICOS EN ARTES GRAFICAS;5
EN EL MUNICIPI;2002;4323;1;TEJIDO DE LANA;1
EN EL MUNICIPI;2002;9711;1;TINTE,LIMP. SECO, LAVADO Y PLANCHADO;37
EN EL MUNICIPI;2002;9822;1;TOMBOLAS Y RIFAS AUTOR. SIN ESTABLECIM.;1
EN EL MUNICIPI;2002;3163;1;TORNILLERIA Y ART. DERIVADOS ALAMBRE;13
EN EL MUNICIPI;2002;774;2;TRADUCTORES E INTERPRETES;17
EN EL MUNICIPI;2002;313;1;TRATAMIENTO Y RECUBRIMIENTO DE METALES;35
EN EL MUNICIPI;2002;224;1;TREFILADO,ESTIRADO Y LAMINADO DE ACERO;2
EN EL MUNICIPI;2002;722;1;TTE. MERCANCIAS POR CARRETERA;176
EN EL MUNICIPI;2002;7211;1;TTE. URBANO COLECTIVO;3
EN EL MUNICIPI;2002;013;2;VETERINARIOS;9
EN EL MUNICIPI;2002;5057;1;YESO, ESCAYOLA Y DECORACION;15
EN EL MUNICIPI;2002;9713;1;ZURCIDO Y REPARACION DE ROPAS;5
S-01001;2002;453;1;CONFECC. TODA CLASE PRENDAS VESTIR;1
S-01001;2002;224;2;DIBUJANTES TECNICOS;1
S-01001;2002;4762;1;EDICION DE PERIODICOS Y REVISTAS;1
S-01001;2002;9672;1;ESCUELAS Y SERV. PERFECC. DEL DEPORTE;1
S-01001;2002;354;1;FAB.COMPONENTES ELECTRONICOS Y CIRCUITOS;1
S-01001;2002;3241;1;MAQUINAS IND. ALIMENT.,BEBIDAS Y TAB.;1
S-01001;2002;842;1;SERVICIOS FINANCIEROS Y CONTABLES;1
S-01002;2002;731;2;ABOGADOS;2
S-01002;2002;6533;1;COM.MEN.ART.MENAJE,FERRETERIA,ADORNO;1
S-01002;2002;641;1;COM.MEN.FRUTAS,VERDURAS;1
S-01002;2002;6513;1;COM.MEN.LENCERIA Y CORSETERIA;1
S-01002;2002;6594;1;COM.MEN.LIBROS,PERIODICOS,REVISTAS.;1
S-01002;2002;6441;1;COM.MEN.PAN,PASTELES,CONFITERIA,LACTEOS;2
S-01002;2002;6512;1;COM.MEN.PRENDAS DE VESTIR Y TOCADO;1
S-01002;2002;6472;1;COM.MEN.PTOS.ALIMENTICIOS MENOS 120 M2;1
S-01002;2002;6471;1;COM.MEN.PTOS.ALIMENTICIOS Y BEBIDAS;2
S-01002;2002;6522;1;COM.MEN.PTOS.DROGUERIA,PERFUMERIA;1
S-01002;2002;6597;1;COM.MEN.SEMILLAS,ABONOS,FLORES,PLANTAS;1
S-01002;2002;6622;1;COM.MEN.TODA CLASE ART. EN OTROS LOCALES;1
S-01002;2002;3299;1;CONST. OTRAS MAQ. Y EQUIPOS NCOP;1
S-01002;2002;4239;1;ELAB. OTROS PTOS. ALIMENTICIOS NCOP;1
S-01002;2002;9313;1;ENSEùANZA BACHILLERATO, F.P., Y C.O.U.;1
S-01002;2002;9321;1;ENSEùANZA FORMACION PROF. NO SUPERIOR;1
S-01002;2002;9611;1;PRODUCCION PELICULAS CINEMATOGRAFICAS;1
S-01002;2002;9722;1;SALONES E INSTITUTOS DE BELLEZA;1
S-01002;2002;9721;1;SERV. PELUQUERIA SEùORAS Y CABALLEROS;1
S-01002;2002;975;1;SERVICIOS DE ENMARCACION;1
S-01002;2002;9711;1;TINTE,LIMP. SECO, LAVADO Y PLANCHADO;1
S-01003;2002;731;2;ABOGADOS;1
S-01003;2002;9794;1;ADIESTRAMIENTO Y CUIDADOS DE ANIMALES;1
S-01003;2002;6595;1;COM.MEN.ART.JOYERIA,RELOJERIA,BISUTERIA;1
S-01003;2002;6516;1;COM.MEN.CALZADO Y COMPLEMENTOS PIEL;2
S-01003;2002;6596;1;COM.MEN.JUGUETES,ART.DEPORTE,ARMAS...;1
S-01003;2002;6513;1;COM.MEN.LENCERIA Y CORSETERIA;1
S-01003;2002;6531;1;COM.MEN.MUEBLES (EXCEPTO OFICINA);2
S-01003;2002;6512;1;COM.MEN.PRENDAS DE VESTIR Y TOCADO;5
S-01003;2002;6597;1;COM.MEN.SEMILLAS,ABONOS,FLORES,PLANTAS;2
S-01003;2002;776;2;DRES.LICENC.POLITICAS,SOCIALES,LETRAS;1
S-01003;2002;999;1;OTROS SERVICIOS N.C.O.P.;1
S-01003;2002;861;2;PINTORES,ESCULTORES,CERAMISTAS,ARTESANOS;1
S-01003;2002;6714;1;RESTAURANTES DE DOS TENEDORES;1
S-01003;2002;834;1;SERV. PROPIEDAD INMOBILIARIA E INDUSTRIA;1
S-01004;2002;731;2;ABOGADOS;2
S-01004;2002;8321;1;AGENCIAS DE SEGUROS Y CORREDURIAS;1
S-01004;2002;712;2;AGENTES Y CORREDORES DE SEGUROS;2
S-01004;2002;859;1;ALQUILER OTROS BIENES MUEBLES NCOP;1
S-01004;2002;411;2;ARQUITECTOS;1
S-01004;2002;6595;1;COM.MEN.ART.JOYERIA,RELOJERIA,BISUTERIA;1
S-01004;2002;6533;1;COM.MEN.ART.MENAJE,FERRETERIA,ADORNO;3
S-01004;2002;6516;1;COM.MEN.CALZADO Y COMPLEMENTOS PIEL;3
S-01004;2002;6513;1;COM.MEN.LENCERIA Y CORSETERIA;2
S-01004;2002;6514;1;COM.MEN.MERCERIA Y PAQUETERIA;1
S-01004;2002;6531;1;COM.MEN.MUEBLES (EXCEPTO OFICINA);1
S-01004;2002;6441;1;COM.MEN.PAN,PASTELES,CONFITERIA,LACTEOS;2
S-01004;2002;6431;1;COM.MEN.PESCADOS;1
S-01004;2002;6524;1;COM.MEN.PLANTAS Y HIERBAS,HERBORARIOS;1
S-01004;2002;6512;1;COM.MEN.PRENDAS DE VESTIR Y TOCADO;6
S-01004;2002;6473;1;COM.MEN-PTOS.ALIMENTICIOS 120 - 399 M2;1
S-01004;2002;6522;1;COM.MEN.PTOS.DROGUERIA,PERFUMERIA;1
S-01004;2002;6523;1;COM.MEN.PTOS.PERFUMERIA Y COSMETICA;3
S-01004;2002;6511;1;COM.MEN.PTOS.TEXTILES PARA EL HOGAR;1
S-01004;2002;833;2;ESTOMATOLOGOS;1
S-01004;2002;4733;1;FAB. ART. OFICINA, ESCRITORIO, EN PAPEL;1
S-01004;2002;682;1;HOSPEDAJE EN HOSTALES Y PENSIONES;1
S-01004;2002;9339;1;OTROS ACTIV. ENSEùANZA;1
S-01004;2002;6732;1;OTROS CAFES Y BARES;2
S-01004;2002;799;2;OTROS PROF. ACTIV. FINANC. JURID. SEGUR.;1
S-01004;2002;599;2;OTROS PROF. RELAC. COMERCIO Y HOSTELERIA;1
S-01004;2002;861;2;PINTORES,ESCULTORES,CERAMISTAS,ARTESANOS;1
S-01004;2002;6715;1;RESTAURANTES DE UN TENEDOR;1
S-01004;2002;9722;1;SALONES E INSTITUTOS DE BELLEZA;1
S-01004;2002;9721;1;SERV. PELUQUERIA SEùORAS Y CABALLEROS;1
S-01004;2002;834;1;SERV. PROPIEDAD INMOBILIARIA E INDUSTRIA;1
S-01004;2002;842;1;SERVICIOS FINANCIEROS Y CONTABLES;1
S-01005;2002;6175;1;COM.MAY. MAQUINARIA PARA MADERA Y METAL;1
S-01005;2002;6516;1;COM.MEN.CALZADO Y COMPLEMENTOS PIEL;1
S-01005;2002;6592;1;COM.MEN.MUEBLES Y MAQUINAS DE OFICINA;1
S-01005;2002;943;1;CONSULTAS CLINICAS ESTOMAT. Y ODONTOLOG.;1
S-01005;2002;776;2;DRES.LICENC.POLITICAS,SOCIALES,LETRAS;1
S-01005;2002;831;2;MEDICOS MEDICINA GENERAL;1
S-01005;2002;6732;1;OTROS CAFES Y BARES;1
S-01005;2002;842;1;SERVICIOS FINANCIEROS Y CONTABLES;1
S-01007;2002;731;2;ABOGADOS;1
S-01007;2002;421;2;ARQUITECTOS TECNICOS Y APAREJADORES;1
S-01007;2002;474;1;ARTES GRAFICAS (IMPRESION GRAFICA);1
S-01007;2002;6135;1;COM.MAY.CAMISERIA,LENCERIA,MERCERIA,...;1
S-01007;2002;6596;1;COM.MEN.JUGUETES,ART.DEPORTE,ARMAS...;1
S-01007;2002;6592;1;COM.MEN.MUEBLES Y MAQUINAS DE OFICINA;1
S-01007;2002;6471;1;COM.MEN.PTOS.ALIMENTICIOS Y BEBIDAS;1
S-01007;2002;733;2;NOTARIOS;1
S-01007;2002;999;1;OTROS SERVICIOS N.C.O.P.;1
S-01007;2002;6919;1;REPARACION OTROS BIENES CONSUMO NCOP;1
S-01007;2002;9721;1;SERV. PELUQUERIA SEùORAS Y CABALLEROS;1
S-01008;2002;421;2;ARQUITECTOS TECNICOS Y APAREJADORES;1
S-01008;2002;6127;1;COM.MAY. VINOS Y VINAGRES DEL PAIS;2
S-01008;2002;6595;1;COM.MEN.ART.JOYERIA,RELOJERIA,BISUTERIA;2
S-01008;2002;6533;1;COM.MEN.ART.MENAJE,FERRETERIA,ADORNO;1
S-01008;2002;6516;1;COM.MEN.CALZADO Y COMPLEMENTOS PIEL;1
S-01008;2002;6596;1;COM.MEN.JUGUETES,ART.DEPORTE,ARMAS...;1
S-01008;2002;6594;1;COM.MEN.LIBROS,PERIODICOS,REVISTAS.;1
S-01008;2002;6531;1;COM.MEN.MUEBLES (EXCEPTO OFICINA);1
S-01008;2002;6592;1;COM.MEN.MUEBLES Y MAQUINAS DE OFICINA;1
S-01008;2002;6441;1;COM.MEN.PAN,PASTELES,CONFITERIA,LACTEOS;1
S-01008;2002;6471;1;COM.MEN.PTOS.ALIMENTICIOS Y BEBIDAS;1
S-01008;2002;6461;1;COM.MEN.TABACOS EN EXPENDIDURIA;1
S-01008;2002;453;1;CONFECC. TODA CLASE PRENDAS VESTIR;1
S-01008;2002;5043;1;INSTALACIONES FRIO Y CALOR;1
S-01008;2002;4911;1;JOYERIA;2
S-01008;2002;999;1;OTROS SERVICIOS N.C.O.P.;1
S-01008;2002;975;1;SERVICIOS DE ENMARCACION;1
S-02001;2002;731;2;ABOGADOS;1
S-02001;2002;841;2;ACUPUNTORES, NATUROPATAS Y OTROS;1
S-02001;2002;8321;1;AGENCIAS DE SEGUROS Y CORREDURIAS;1
S-02001;2002;6153;1;COM. MAY. APARATOS ELECTRODOMESTICOS;1
S-02001;2002;6152;1;COM.MAY. DE MUEBLES;1
S-02001;2002;6139;1;COM.MAY.ACCESORIOS VESTIDO NCOP;2
S-02001;2002;6596;1;COM.MEN.JUGUETES,ART.DEPORTE,ARMAS...;1
S-02001;2002;6599;1;COM.MEN.OTROS PTOS. NCOP;1
S-02001;2002;6441;1;COM.MEN.PAN,PASTELES,CONFITERIA,LACTEOS;1
S-02001;2002;6522;1;COM.MEN.PTOS.DROGUERIA,PERFUMERIA;1
S-02001;2002;6541;1;COM.MEN.VEHICULOS TERRESTRES;1
S-02001;2002;330;1;CONS.MAQ.DE OFICINA Y ORDENADORES;1
S-02001;2002;3167;1;FAB. RECIPIENTES Y ENVASES METALICOS;1
S-02001;2002;3169;1;OTROS ART. ACABADOS EN METALES NCOP;1
S-02001;2002;6732;1;OTROS CAFES Y BARES;2
S-02001;2002;6779;1;OTROS SERV. ALIMENTACION - RESTAURACION;1
S-02001;2002;8499;1;OTROS SERVICIOS INDEPENDIENTES NCOP;3
S-02001;2002;861;2;PINTORES,ESCULTORES,CERAMISTAS,ARTESANOS;1
S-02001;2002;6912;1;REPARACION AUTOMOVILES Y BICICLETAS;2
S-02001;2002;9892;1;SERV. ORGANIZ. CONGRESOS,ASAMBLEAS, ...;1
S-02001;2002;9721;1;SERV. PELUQUERIA SEùORAS Y CABALLEROS;2
S-02001;2002;313;1;TRATAMIENTO Y RECUBRIMIENTO DE METALES;1
S-02002;2002;712;2;AGENTES Y CORREDORES DE SEGUROS;1
S-02002;2002;952;1;ASIST. Y SERV. DISMINUIDOS NO RESIDENC.;1
S-02002;2002;6522;1;COM.MEN.PTOS.DROGUERIA,PERFUMERIA;1
S-02002;2002;6597;1;COM.MEN.SEMILLAS,ABONOS,FLORES,PLANTAS;1
S-02002;2002;6464;1;COM.MEN.TABACO CON VENTA POR RECARGO;1
S-02002;2002;453;1;CONFECC. TODA CLASE PRENDAS VESTIR;1
S-02002;2002;463;1;FAB. SERIE PIEZAS DE CARPINTERIA;1
S-02002;2002;6732;1;OTROS CAFES Y BARES;4
S-02002;2002;6779;1;OTROS SERV. ALIMENTACION - RESTAURACION;1
S-02002;2002;6912;1;REPARACION AUTOMOVILES Y BICICLETAS;1
S-02002;2002;844;1;SERVICIOS PUBLICIDAD, RELACIONES PUBLIC.;1
S-02003;2002;9672;1;ESCUELAS Y SERV. PERFECC. DEL DEPORTE;1
S-02004;2002;731;2;ABOGADOS;2
S-02004;2002;756;1;ACTIV. AUXILIARES Y COMPLEMENTARIAS TTE.;1
S-02004;2002;8321;1;AGENCIAS DE SEGUROS Y CORREDURIAS;2
S-02004;2002;721;2;AGENTES COLEGIADOS PROPIEDAD IND.E INMOB;1
S-02004;2002;822;1;ASEGURADORAS DE ENFERMEDAD Y RIESGOS;1
S-02004;2002;952;1;ASIST. Y SERV. DISMINUIDOS NO RESIDENC.;1
S-02004;2002;6731;1;BARES CATEGORIA ESPECIAL;1
S-02004;2002;812;1;CAJAS DE AHORRO;1
S-02004;2002;6154;1;COM.MAY.APAR.Y MAT. ELECTRONICO;1
S-02004;2002;6129;1;COM.MAY.OTROS PTOS. ALIMENT.,HELADOS ETC;1
S-02004;2002;6121;1;COM.MAY.PTOS.ALIMENTIC.BEBIDAS Y TABACOS;1
S-02004;2002;6151;1;COM.MAY.VEHICULOS Y SUS ACCESORIOS;1
S-02004;2002;6532;1;COM.MEN.APARATOS DE USO DOMESTICO;2
S-02004;2002;6546;1;COM.MEN.CUBIERTAS,BANDAS Y CAMARAS AIRE;1
S-02004;2002;641;1;COM.MEN.FRUTAS,VERDURAS;1
S-02004;2002;6596;1;COM.MEN.JUGUETES,ART.DEPORTE,ARMAS...;1
S-02004;2002;6531;1;COM.MEN.MUEBLES (EXCEPTO OFICINA);2
S-02004;2002;6592;1;COM.MEN.MUEBLES Y MAQUINAS DE OFICINA;1
S-02004;2002;6441;1;COM.MEN.PAN,PASTELES,CONFITERIA,LACTEOS;2
S-02004;2002;6512;1;COM.MEN.PRENDAS DE VESTIR Y TOCADO;3
S-02004;2002;6472;1;COM.MEN.PTOS.ALIMENTICIOS MENOS 120 M2;1
S-02004;2002;6535;1;COM.MEN.PUERTAS,VENTANAS Y PERSIANAS;1
S-02004;2002;6597;1;COM.MEN.SEMILLAS,ABONOS,FLORES,PLANTAS;1
S-02004;2002;6464;1;COM.MEN.TABACO CON VENTA POR RECARGO;1
S-02004;2002;6541;1;COM.MEN.VEHICULOS TERRESTRES;3
S-02004;2002;453;1;CONFECC. TODA CLASE PRENDAS VESTIR;3
S-02004;2002;776;2;DRES.LICENC.POLITICAS,SOCIALES,LETRAS;2
S-02004;2002;833;2;ESTOMATOLOGOS;1
S-02004;2002;871;2;EXPENDEDORES OFICIALES LOTERIAS;1
S-02004;2002;6521;1;FARMACIAS;1
S-02004;2002;726;2;GRADUADOS SOCIALES;1
S-02004;2002;9311;1;GUARDERIA Y ENSE#ANZA INFANTIL,EXCLUSIV.;1
S-02004;2002;4312;1;HILADO Y RETORCIDO DEL ALGODON;1
S-02004;2002;839;2;MASAJISTAS, DIETISTAS, Y AUX.ENFERMERIA;1
S-02004;2002;831;2;MEDICOS MEDICINA GENERAL;2
S-02004;2002;838;2;OPTICOS-OPTOMETRISTAS Y PODOLOGOS;1
S-02004;2002;6732;1;OTROS CAFES Y BARES;3
S-02004;2002;799;2;OTROS PROF. ACTIV. FINANC. JURID. SEGUR.;1
S-02004;2002;8499;1;OTROS SERVICIOS INDEPENDIENTES NCOP;1
S-02004;2002;732;2;PROCURADORES;1
S-02004;2002;6911;1;REPARACION ART. ELECTRODOMESTICOS;1
S-02004;2002;6912;1;REPARACION AUTOMOVILES Y BICICLETAS;2
S-02004;2002;8494;1;SERV. CUSTODIA, SEGURIDAD Y PROTECCION;1
S-02004;2002;9721;1;SERV. PELUQUERIA SEùORAS Y CABALLEROS;1
S-02004;2002;834;1;SERV. PROPIEDAD INMOBILIARIA E INDUSTRIA;1
S-02004;2002;8496;1;SERV.COLOCACION Y SUMINISTRO DE PERSONAL;2
S-02004;2002;842;1;SERVICIOS FINANCIEROS Y CONTABLES;1
S-02004;2002;844;1;SERVICIOS PUBLICIDAD, RELACIONES PUBLIC.;4
S-02004;2002;8495;1;SERVICIOS RECAD.,REPARTO Y MANIP. CORRES;1
S-02005;2002;6464;1;COM.MEN.TABACO CON VENTA POR RECARGO;1
S-02005;2002;3141;1;FAB. ART. CARPINTERIA METALICA;1
S-02005;2002;9812;1;JARDINES DE RECREO;1
S-02005;2002;3169;1;OTROS ART. ACABADOS EN METALES NCOP;1
S-02005;2002;6732;1;OTROS CAFES Y BARES;1
S-02005;2002;599;2;OTROS PROF. RELAC. COMERCIO Y HOSTELERIA;1
S-02005;2002;6912;1;REPARACION AUTOMOVILES Y BICICLETAS;1
S-02005;2002;774;2;TRADUCTORES E INTERPRETES;1
S-02008;2002;6197;1;COM.MAY.INSTRUM.PRECISION Y MEDIDA;1
S-02008;2002;6472;1;COM.MEN.PTOS.ALIMENTICIOS MENOS 120 M2;1
S-02008;2002;6473;1;COM.MEN-PTOS.ALIMENTICIOS 120 - 399 M2;1
S-02008;2002;4391;1;CORDELERIA;1
S-02009;2002;436;1;ACABADO DE TEXTILES;1
S-02009;2002;836;2;AYUD. TECN. SANITARIOS Y FISIOTERAPEUTAS;1
S-02009;2002;812;1;CAJAS DE AHORRO;1
S-02009;2002;6424;1;COM.MEN.CARNICERIAS;1
S-02009;2002;641;1;COM.MEN.FRUTAS,VERDURAS;2
S-02009;2002;6441;1;COM.MEN.PAN,PASTELES,CONFITERIA,LACTEOS;1
S-02009;2002;6512;1;COM.MEN.PRENDAS DE VESTIR Y TOCADO;2
S-02009;2002;6471;1;COM.MEN.PTOS.ALIMENTICIOS Y BEBIDAS;1
S-02009;2002;6522;1;COM.MEN.PTOS.DROGUERIA,PERFUMERIA;1
S-02009;2002;330;1;CONS.MAQ.DE OFICINA Y ORDENADORES;1
S-02009;2002;832;2;MEDICOS ESPECIALISTAS;1
S-02009;2002;6732;1;OTROS CAFES Y BARES;3
S-02009;2002;9721;1;SERV. PELUQUERIA SEùORAS Y CABALLEROS;2
S-02010;2002;474;1;ARTES GRAFICAS (IMPRESION GRAFICA);1
S-02010;2002;6153;1;COM. MAY. APARATOS ELECTRODOMESTICOS;1
S-02010;2002;6174;1;COM.MAY. MATERIALES CONSTRUCCION;1
S-02010;2002;6594;1;COM.MEN.LIBROS,PERIODICOS,REVISTAS.;1
S-02010;2002;6441;1;COM.MEN.PAN,PASTELES,CONFITERIA,LACTEOS;1
S-02010;2002;6522;1;COM.MEN.PTOS.DROGUERIA,PERFUMERIA;1
S-02010;2002;453;1;CONFECC. TODA CLASE PRENDAS VESTIR;2
S-02010;2002;3141;1;FAB. ART. CARPINTERIA METALICA;2
S-02010;2002;4681;1;FAB. MOBILIARIO DE MADERA PARA EL HOGAR;2
S-02010;2002;2474;1;FAB. VAJILLAS Y ARTICULOS PARA EL HOGAR;1
S-02010;2002;4192;1;INDUST. BOLLERIA Y PASTELERIA;1
S-02010;2002;4191;1;INDUSTRIA DEL PAN Y BOLLERIA;1
S-02010;2002;887;2;MAQUILLADORES Y ESTETICISTAS;1
S-02010;2002;6732;1;OTROS CAFES Y BARES;3
S-02010;2002;5051;1;REVESTIMIENTOS EXTERIORES E INTERIORES;1
S-02010;2002;3191;1;TALLERES DE MECANICA EN GENERAL;1
S-02011;2002;8321;1;AGENCIAS DE SEGUROS Y CORREDURIAS;1
S-02011;2002;8562;1;ALQUILER DE PELICULAS DE VIDEO;1
S-02011;2002;6142;1;COM.MAY.PTOS.PERFUMERIA,DROGUERIA;1
S-02011;2002;6151;1;COM.MAY.VEHICULOS Y SUS ACCESORIOS;1
S-02011;2002;6542;1;COM.MEN.ACCESORIOS Y RECAMBIOS VEHICULOS;1
S-02011;2002;6594;1;COM.MEN.LIBROS,PERIODICOS,REVISTAS.;2
S-02011;2002;6592;1;COM.MEN.MUEBLES Y MAQUINAS DE OFICINA;1
S-02011;2002;6441;1;COM.MEN.PAN,PASTELES,CONFITERIA,LACTEOS;2
S-02011;2002;6431;1;COM.MEN.PESCADOS;1
S-02011;2002;6512;1;COM.MEN.PRENDAS DE VESTIR Y TOCADO;2
S-02011;2002;6522;1;COM.MEN.PTOS.DROGUERIA,PERFUMERIA;1
S-02011;2002;6597;1;COM.MEN.SEMILLAS,ABONOS,FLORES,PLANTAS;1
S-02011;2002;6464;1;COM.MEN.TABACO CON VENTA POR RECARGO;2
S-02011;2002;6541;1;COM.MEN.VEHICULOS TERRESTRES;1
S-02011;2002;9331;1;ENSEù. CONDUCCION VEHICULOS;1
S-02011;2002;838;2;OPTICOS-OPTOMETRISTAS Y PODOLOGOS;1
S-02011;2002;6732;1;OTROS CAFES Y BARES;6
S-02011;2002;8329;1;OTROS SERV. AUXILIARES DE SEGUROS;1
S-02011;2002;6912;1;REPARACION AUTOMOVILES Y BICICLETAS;1
S-02011;2002;692;1;REPARACION DE MAQUINARIA INDUSTRIAL;1
S-02011;2002;9722;1;SALONES E INSTITUTOS DE BELLEZA;1
S-02011;2002;834;1;SERV. PROPIEDAD INMOBILIARIA E INDUSTRIA;1
S-02011;2002;842;1;SERVICIOS FINANCIEROS Y CONTABLES;2
S-02012;2002;4192;1;INDUST. BOLLERIA Y PASTELERIA;1
S-02012;2002;8329;1;OTROS SERV. AUXILIARES DE SEGUROS;1
S-02013;2002;6174;1;COM.MAY. MATERIALES CONSTRUCCION;1
S-02013;2002;6128;1;COM.MAY. PESCADOS;1
S-02013;2002;6539;1;COM.MEN.ART.HOGAR NCOP;1
S-02013;2002;6446;1;COM.MEN.MASAS FRITAS;1
S-02013;2002;6534;1;COM.MEN.MATERIALES DE CONSTRUCCION;1
S-02013;2002;6514;1;COM.MEN.MERCERIA Y PAQUETERIA;1
S-02013;2002;6512;1;COM.MEN.PRENDAS DE VESTIR Y TOCADO;1
S-02013;2002;6472;1;COM.MEN.PTOS.ALIMENTICIOS MENOS 120 M2;1
S-02013;2002;6597;1;COM.MEN.SEMILLAS,ABONOS,FLORES,PLANTAS;1
S-02013;2002;453;1;CONFECC. TODA CLASE PRENDAS VESTIR;1
S-02013;2002;833;2;ESTOMATOLOGOS;1
S-02013;2002;3141;1;FAB. ART. CARPINTERIA METALICA;2
S-02013;2002;4681;1;FAB. MOBILIARIO DE MADERA PARA EL HOGAR;1
S-02013;2002;463;1;FAB. SERIE PIEZAS DE CARPINTERIA;1
S-02013;2002;6521;1;FARMACIAS;1
S-02013;2002;765;2;GRABADORES, Y OTROS PROF. INFORMATICA;1
S-02013;2002;6732;1;OTROS CAFES Y BARES;1
S-02013;2002;6912;1;REPARACION AUTOMOVILES Y BICICLETAS;1
S-02013;2002;9721;1;SERV. PELUQUERIA SEùORAS Y CABALLEROS;1
S-02013;2002;922;1;SERVICIOS DE LIMPIEZA;1
S-02014;2002;8561;1;ALQUILER DE BIENES DE CONSUMO;1
S-02014;2002;812;1;CAJAS DE AHORRO;1
S-02014;2002;6595;1;COM.MEN.ART.JOYERIA,RELOJERIA,BISUTERIA;1
S-02014;2002;6592;1;COM.MEN.MUEBLES Y MAQUINAS DE OFICINA;1
S-02014;2002;6441;1;COM.MEN.PAN,PASTELES,CONFITERIA,LACTEOS;3
S-02014;2002;6524;1;COM.MEN.PLANTAS Y HIERBAS,HERBORARIOS;2
S-02014;2002;6512;1;COM.MEN.PRENDAS DE VESTIR Y TOCADO;1
S-02014;2002;6471;1;COM.MEN.PTOS.ALIMENTICIOS Y BEBIDAS;2
S-02014;2002;6443;1;COM.MEN.PTOS.PASTELERIA,BOLLERIA;1
S-02014;2002;6464;1;COM.MEN.TABACO CON VENTA POR RECARGO;2
S-02014;2002;6461;1;COM.MEN.TABACOS EN EXPENDIDURIA;1
S-02014;2002;833;2;ESTOMATOLOGOS;2
S-02014;2002;871;2;EXPENDEDORES OFICIALES LOTERIAS;1
S-02014;2002;6732;1;OTROS CAFES Y BARES;4
S-02014;2002;8499;1;OTROS SERVICIOS INDEPENDIENTES NCOP;1
S-02014;2002;6911;1;REPARACION ART. ELECTRODOMESTICOS;1
S-02014;2002;9721;1;SERV. PELUQUERIA SEùORAS Y CABALLEROS;1
S-02015;2002;6125;1;COM.MAY.LECHE,PTOS.LACTEOS, MIEL, ACEITE;1
S-02015;2002;6471;1;COM.MEN.PTOS.ALIMENTICIOS Y BEBIDAS;2
S-02015;2002;6464;1;COM.MEN.TABACO CON VENTA POR RECARGO;1
S-02015;2002;6521;1;FARMACIAS;1
S-02015;2002;6732;1;OTROS CAFES Y BARES;2
S-02015;2002;6912;1;REPARACION AUTOMOVILES Y BICICLETAS;2
S-02015;2002;9721;1;SERV. PELUQUERIA SEùORAS Y CABALLEROS;1
S-03001;2002;4822;1;FAB. ART. ACABADOS MATERIAS PLASTICAS;2
S-03001;2002;313;1;TRATAMIENTO Y RECUBRIMIENTO DE METALES;1
S-03002;2002;6153;1;COM. MAY. APARATOS ELECTRODOMESTICOS;1
S-03002;2002;6162;1;COM.MAY. HIERRO Y ACERO;1
S-03002;2002;6135;1;COM.MAY.CAMISERIA,LENCERIA,MERCERIA,...;1
S-03002;2002;6179;1;COM.MAY.INTERINDUSTRIAL EXCEP. QUIMICA;1
S-03002;2002;6143;1;COM.MAY.PTOS.MANTENIMIENTO HOGAR;1
S-03002;2002;6151;1;COM.MAY.VEHICULOS Y SUS ACCESORIOS;1
S-03002;2002;6596;1;COM.MEN.JUGUETES,ART.DEPORTE,ARMAS...;1
S-03002;2002;6441;1;COM.MEN.PAN,PASTELES,CONFITERIA,LACTEOS;1
S-03002;2002;453;1;CONFECC. TODA CLASE PRENDAS VESTIR;1
S-03002;2002;3221;1;CONS. MAQUINAS PARA TRABAJAR METALES;1
S-03002;2002;3299;1;CONST. OTRAS MAQ. Y EQUIPOS NCOP;2
S-03002;2002;4822;1;FAB. ART. ACABADOS MATERIAS PLASTICAS;2
S-03002;2002;3141;1;FAB. ART. CARPINTERIA METALICA;1
S-03002;2002;2534;1;FAB. DE TINTAS DE IMPRENTA;1
S-03002;2002;2542;1;FAB. ESPECIALIDADES FARMACEUTICAS;3
S-03002;2002;4681;1;FAB. MOBILIARIO DE MADERA PARA EL HOGAR;1
S-03002;2002;4819;1;FAB. OTROS ART. CAUCHO NCOP;1
S-03002;2002;4959;1;FAB. OTROS ART. NCOP;1
S-03002;2002;312;1;FORJA,ESTAMPADO,EMBUTICION,TROQUELADO;1
S-03002;2002;3241;1;MAQUINAS IND. ALIMENT.,BEBIDAS Y TAB.;2
S-03002;2002;699;1;OTRAS REPARACIONES NCOP;1
S-03002;2002;3169;1;OTROS ART. ACABADOS EN METALES NCOP;3
S-03002;2002;842;1;SERVICIOS FINANCIEROS Y CONTABLES;1
S-03002;2002;3163;1;TORNILLERIA Y ART. DERIVADOS ALAMBRE;1
S-03003;2002;841;2;ACUPUNTORES, NATUROPATAS Y OTROS;1
S-03003;2002;6123;1;COM.MAY.FRUTAS Y VERDURAS;1
S-03003;2002;6532;1;COM.MEN.APARATOS DE USO DOMESTICO;1
S-03003;2002;6441;1;COM.MEN.PAN,PASTELES,CONFITERIA,LACTEOS;1
S-03003;2002;6464;1;COM.MEN.TABACO CON VENTA POR RECARGO;1
S-03003;2002;453;1;CONFECC. TODA CLASE PRENDAS VESTIR;1
S-03003;2002;945;1;CONSULTAS Y CLINICAS VETERINARIAS;1
S-03003;2002;772;2;ESTENOTIPISTAS, TAQUIMECANOGRAFOS,...;1
S-03003;2002;3141;1;FAB. ART. CARPINTERIA METALICA;1
S-03003;2002;3167;1;FAB. RECIPIENTES Y ENVASES METALICOS;1
S-03003;2002;342;1;FAB.MATERIAL ELECTRICO DE USO Y EQUIP.;2
S-03003;2002;6732;1;OTROS CAFES Y BARES;1
S-03003;2002;9721;1;SERV. PELUQUERIA SEùORAS Y CABALLEROS;1
S-03005;2002;474;1;ARTES GRAFICAS (IMPRESION GRAFICA);1
S-03005;2002;6464;1;COM.MEN.TABACO CON VENTA POR RECARGO;1
S-03005;2002;453;1;CONFECC. TODA CLASE PRENDAS VESTIR;5
S-03005;2002;4681;1;FAB. MOBILIARIO DE MADERA PARA EL HOGAR;1
S-03005;2002;2462;1;FAB. VIDRIO HUECO;1
S-03005;2002;4132;1;FAB.PTOS.CARNICOS DE TODAS CLASES;1
S-03005;2002;433;1;INDUSTRIA DE LA SEDA NATURAL;1
S-03005;2002;6732;1;OTROS CAFES Y BARES;1
S-03005;2002;9219;1;OTROS SERVICIOS DE SANEAMIENTO N.C.O.P.;1
S-03005;2002;3191;1;TALLERES DE MECANICA EN GENERAL;1
S-03005;2002;9711;1;TINTE,LIMP. SECO, LAVADO Y PLANCHADO;1
S-03007;2002;731;2;ABOGADOS;1
S-03007;2002;836;2;AYUD. TECN. SANITARIOS Y FISIOTERAPEUTAS;1
S-03007;2002;6129;1;COM.MAY.OTROS PTOS. ALIMENT.,HELADOS ETC;1
S-03007;2002;6512;1;COM.MEN.PRENDAS DE VESTIR Y TOCADO;1
S-03007;2002;453;1;CONFECC. TODA CLASE PRENDAS VESTIR;1
S-03007;2002;432;2;DECORADORES-DISEùADORES DE INTERIORES;1
S-03007;2002;4762;1;EDICION DE PERIODICOS Y REVISTAS;1
S-03007;2002;6521;1;FARMACIAS;1
S-03007;2002;9311;1;GUARDERIA Y ENSE#ANZA INFANTIL,EXCLUSIV.;1
S-03007;2002;422;2;INGENIEROS TEC. OBRAS PUBLICAS;1
S-03007;2002;6732;1;OTROS CAFES Y BARES;1
S-03007;2002;9429;1;OTROS SERV. SANITARIOS;1
S-03007;2002;6912;1;REPARACION AUTOMOVILES Y BICICLETAS;1
S-03007;2002;9721;1;SERV. PELUQUERIA SEùORAS Y CABALLEROS;1
S-03007;2002;844;1;SERVICIOS PUBLICIDAD, RELACIONES PUBLIC.;1
S-03007;2002;8431;1;SERVICIOS TECNICOS DE INGENIERIA;1
S-03007;2002;3191;1;TALLERES DE MECANICA EN GENERAL;1
S-03008;2002;811;1;BANCA;1
S-03008;2002;6595;1;COM.MEN.ART.JOYERIA,RELOJERIA,BISUTERIA;1
S-03008;2002;6596;1;COM.MEN.JUGUETES,ART.DEPORTE,ARMAS...;1
S-03008;2002;6531;1;COM.MEN.MUEBLES (EXCEPTO OFICINA);1
S-03008;2002;6592;1;COM.MEN.MUEBLES Y MAQUINAS DE OFICINA;1
S-03008;2002;6441;1;COM.MEN.PAN,PASTELES,CONFITERIA,LACTEOS;1
S-03008;2002;6512;1;COM.MEN.PRENDAS DE VESTIR Y TOCADO;3
S-03008;2002;6511;1;COM.MEN.PTOS.TEXTILES PARA EL HOGAR;2
S-03008;2002;6597;1;COM.MEN.SEMILLAS,ABONOS,FLORES,PLANTAS;1
S-03008;2002;6464;1;COM.MEN.TABACO CON VENTA POR RECARGO;1
S-03008;2002;6732;1;OTROS CAFES Y BARES;1
S-03008;2002;6715;1;RESTAURANTES DE UN TENEDOR;1
S-03008;2002;834;1;SERV. PROPIEDAD INMOBILIARIA E INDUSTRIA;1
S-03008;2002;8496;1;SERV.COLOCACION Y SUMINISTRO DE PERSONAL;1
S-03009;2002;755;1;AGENCIAS DE VIAJES;2
S-03009;2002;511;2;AGENTES COMERCIALES;1
S-03009;2002;411;2;ARQUITECTOS;2
S-03009;2002;474;1;ARTES GRAFICAS (IMPRESION GRAFICA);1
S-03009;2002;6513;1;COM.MEN.LENCERIA Y CORSETERIA;1
S-03009;2002;6524;1;COM.MEN.PLANTAS Y HIERBAS,HERBORARIOS;1
S-03009;2002;6512;1;COM.MEN.PRENDAS DE VESTIR Y TOCADO;1
S-03009;2002;6464;1;COM.MEN.TABACO CON VENTA POR RECARGO;1
S-03009;2002;6622;1;COM.MEN.TODA CLASE ART. EN OTROS LOCALES;1
S-03009;2002;3243;1;CONST.MAQ.IND._DEL CAUCHO Y PLASTICOS;1
S-03009;2002;3161;1;FAB. HERRAMIENTAS MANUALES;1
S-03009;2002;4681;1;FAB. MOBILIARIO DE MADERA PARA EL HOGAR;1
S-03009;2002;4959;1;FAB. OTROS ART. NCOP;2
S-03009;2002;3223;1;FAB.UTILES PARA MAQUINAS HERRAMIENTAS;1
S-03009;2002;3112;1;FUNDICION PIEZAS METALES NO FERREOS;1
S-03009;2002;6732;1;OTROS CAFES Y BARES;1
S-03009;2002;9722;1;SALONES E INSTITUTOS DE BELLEZA;1
S-03009;2002;3191;1;TALLERES DE MECANICA EN GENERAL;2
S-03009;2002;313;1;TRATAMIENTO Y RECUBRIMIENTO DE METALES;2
S-03011;2002;859;1;ALQUILER OTROS BIENES MUEBLES NCOP;1
S-03012;2002;511;2;AGENTES COMERCIALES;1
S-03012;2002;411;2;ARQUITECTOS;1
S-03012;2002;421;2;ARQUITECTOS TECNICOS Y APAREJADORES;1
S-03012;2002;474;1;ARTES GRAFICAS (IMPRESION GRAFICA);1
S-03012;2002;6746;1;CAFE-BAR TEATROS Y CINES;1
S-03012;2002;6153;1;COM. MAY. APARATOS ELECTRODOMESTICOS;1
S-03012;2002;6195;1;COM.MAY.ART.PAPELERIA Y ESCRITORIO;1
S-03012;2002;6179;1;COM.MAY.INTERINDUSTRIAL EXCEP. QUIMICA;1
S-03012;2002;6532;1;COM.MEN.APARATOS DE USO DOMESTICO;1
S-03012;2002;6533;1;COM.MEN.ART.MENAJE,FERRETERIA,ADORNO;1
S-03012;2002;6545;1;COM.MEN.DE TODA CLASE DE MAQUINARIA;2
S-03012;2002;641;1;COM.MEN.FRUTAS,VERDURAS;1
S-03012;2002;6594;1;COM.MEN.LIBROS,PERIODICOS,REVISTAS.;2
S-03012;2002;6514;1;COM.MEN.MERCERIA Y PAQUETERIA;1
S-03012;2002;6531;1;COM.MEN.MUEBLES (EXCEPTO OFICINA);1
S-03012;2002;6592;1;COM.MEN.MUEBLES Y MAQUINAS DE OFICINA;1
S-03012;2002;6441;1;COM.MEN.PAN,PASTELES,CONFITERIA,LACTEOS;1
S-03012;2002;6431;1;COM.MEN.PESCADOS;1
S-03012;2002;6512;1;COM.MEN.PRENDAS DE VESTIR Y TOCADO;1
S-03012;2002;6473;1;COM.MEN-PTOS.ALIMENTICIOS 120 - 399 M2;1
S-03012;2002;6522;1;COM.MEN.PTOS.DROGUERIA,PERFUMERIA;2
S-03012;2002;6523;1;COM.MEN.PTOS.PERFUMERIA Y COSMETICA;1
S-03012;2002;6597;1;COM.MEN.SEMILLAS,ABONOS,FLORES,PLANTAS;2
S-03012;2002;6461;1;COM.MEN.TABACOS EN EXPENDIDURIA;1
S-03012;2002;945;1;CONSULTAS Y CLINICAS VETERINARIAS;1
S-03012;2002;4762;1;EDICION DE PERIODICOS Y REVISTAS;1
S-03012;2002;4231;1;ELAB. CAFE, TE, Y SUCEDANEOS;1
S-03012;2002;9331;1;ENSEù. CONDUCCION VEHICULOS;1
S-03012;2002;9672;1;ESCUELAS Y SERV. PERFECC. DEL DEPORTE;1
S-03012;2002;833;2;ESTOMATOLOGOS;1
S-03012;2002;845;1;EXPLOTACION ELECTRONICA POR TERCEROS;1
S-03012;2002;467;1;FAB. ART. JUNCO, CAùA Y CESTERIA;1
S-03012;2002;463;1;FAB. SERIE PIEZAS DE CARPINTERIA;1
S-03012;2002;765;2;GRABADORES, Y OTROS PROF. INFORMATICA;1
S-03012;2002;631;1;INTERMEDIARIOS DEL COMERCIO;2
S-03012;2002;839;2;MASAJISTAS, DIETISTAS, Y AUX.ENFERMERIA;1
S-03012;2002;832;2;MEDICOS ESPECIALISTAS;1
S-03012;2002;831;2;MEDICOS MEDICINA GENERAL;2
S-03012;2002;9339;1;OTROS ACTIV. ENSEùANZA;2
S-03012;2002;6732;1;OTROS CAFES Y BARES;1
S-03012;2002;899;2;OTROS PROF. RELACIONADOS CON SERVICIOS;1
S-03012;2002;9429;1;OTROS SERV. SANITARIOS;1
S-03012;2002;6715;1;RESTAURANTES DE UN TENEDOR;1
S-03012;2002;9722;1;SALONES E INSTITUTOS DE BELLEZA;1
S-03012;2002;9721;1;SERV. PELUQUERIA SEùORAS Y CABALLEROS;3
S-03012;2002;834;1;SERV. PROPIEDAD INMOBILIARIA E INDUSTRIA;2
S-03012;2002;922;1;SERVICIOS DE LIMPIEZA;1
S-03012;2002;9731;1;SERVICIOS FOTOGRAFICOS;1
S-03013;2002;4822;1;FAB. ART. ACABADOS MATERIAS PLASTICAS;1
S-04006;2002;474;1;ARTES GRAFICAS (IMPRESION GRAFICA);1
S-04006;2002;6152;1;COM.MAY. DE MUEBLES;1
S-04006;2002;6545;1;COM.MEN.DE TODA CLASE DE MAQUINARIA;1
S-04006;2002;6552;1;COM.MEN.GASES COMBUSTIBLES;1
S-04006;2002;3299;1;CONST. OTRAS MAQ. Y EQUIPOS NCOP;2
S-04006;2002;2465;1;MANIPULADO DE VIDRIO;1
S-04006;2002;699;1;OTRAS REPARACIONES NCOP;1
S-04006;2002;9892;1;SERV. ORGANIZ. CONGRESOS,ASAMBLEAS, ...;1
S-04008;2002;8321;1;AGENCIAS DE SEGUROS Y CORREDURIAS;1
S-04008;2002;511;2;AGENTES COMERCIALES;1
S-04008;2002;712;2;AGENTES Y CORREDORES DE SEGUROS;1
S-04008;2002;812;1;CAJAS DE AHORRO;1
S-04008;2002;6533;1;COM.MEN.ART.MENAJE,FERRETERIA,ADORNO;1
S-04008;2002;6424;1;COM.MEN.CARNICERIAS;1
S-04008;2002;6422;1;COM.MEN.CARNICERIAS-CHARCUTERIAS;3
S-04008;2002;6592;1;COM.MEN.MUEBLES Y MAQUINAS DE OFICINA;1
S-04008;2002;6441;1;COM.MEN.PAN,PASTELES,CONFITERIA,LACTEOS;3
S-04008;2002;6524;1;COM.MEN.PLANTAS Y HIERBAS,HERBORARIOS;1
S-04008;2002;6512;1;COM.MEN.PRENDAS DE VESTIR Y TOCADO;2
S-04008;2002;6471;1;COM.MEN.PTOS.ALIMENTICIOS Y BEBIDAS;2
S-04008;2002;6464;1;COM.MEN.TABACO CON VENTA POR RECARGO;1
S-04008;2002;6622;1;COM.MEN.TODA CLASE ART. EN OTROS LOCALES;1
S-04008;2002;453;1;CONFECC. TODA CLASE PRENDAS VESTIR;1
S-04008;2002;945;1;CONSULTAS Y CLINICAS VETERINARIAS;1
S-04008;2002;4822;1;FAB. ART. ACABADOS MATERIAS PLASTICAS;1
S-04008;2002;631;1;INTERMEDIARIOS DEL COMERCIO;1
S-04008;2002;6732;1;OTROS CAFES Y BARES;4
S-04008;2002;799;2;OTROS PROF. ACTIV. FINANC. JURID. SEGUR.;1
S-04008;2002;8497;1;SERV. GESTION ADMINISTRATIVA;1
S-04008;2002;9721;1;SERV. PELUQUERIA SEùORAS Y CABALLEROS;1
S-04008;2002;3191;1;TALLERES DE MECANICA EN GENERAL;1
S-04009;2002;6179;1;COM.MAY.INTERINDUSTRIAL EXCEP. QUIMICA;1
S-04009;2002;3922;1;FAB. APARATOS PROTESIS Y ORTOPEDIA;1
S-04009;2002;6732;1;OTROS CAFES Y BARES;1
S-04009;2002;922;1;SERVICIOS DE LIMPIEZA;1
S-04010;2002;6431;1;COM.MEN.PESCADOS;1
S-04010;2002;3141;1;FAB. ART. CARPINTERIA METALICA;1
S-04010;2002;6732;1;OTROS CAFES Y BARES;1
S-04010;2002;3191;1;TALLERES DE MECANICA EN GENERAL;1
S-04011;2002;6174;1;COM.MAY. MATERIALES CONSTRUCCION;1
S-04011;2002;6179;1;COM.MAY.INTERINDUSTRIAL EXCEP. QUIMICA;1
S-04011;2002;6159;1;COM.MAY.OTROS ART. CONSUMO DURADERO NCOP;1
S-04011;2002;6545;1;COM.MEN.DE TODA CLASE DE MAQUINARIA;1
S-04011;2002;6534;1;COM.MEN.MATERIALES DE CONSTRUCCION;1
S-04011;2002;6471;1;COM.MEN.PTOS.ALIMENTICIOS Y BEBIDAS;1
S-04011;2002;6535;1;COM.MEN.PUERTAS,VENTANAS Y PERSIANAS;1
S-04011;2002;6597;1;COM.MEN.SEMILLAS,ABONOS,FLORES,PLANTAS;1
S-04011;2002;453;1;CONFECC. TODA CLASE PRENDAS VESTIR;1
S-04011;2002;9331;1;ENSEù. CONDUCCION VEHICULOS;1
S-04011;2002;4822;1;FAB. ART. ACABADOS MATERIAS PLASTICAS;1
S-04011;2002;2435;1;FAB. ARTICULOS DERIVADOS YESO Y ESCAYOLA;1
S-04011;2002;4821;1;FAB. PTOS. SEMIELABORADOS PLASTICO;1
S-04011;2002;3223;1;FAB.UTILES PARA MAQUINAS HERRAMIENTAS;1
S-04011;2002;433;1;INDUSTRIA DE LA SEDA NATURAL;1
S-04011;2002;839;2;MASAJISTAS, DIETISTAS, Y AUX.ENFERMERIA;1
S-04011;2002;6732;1;OTROS CAFES Y BARES;2
S-04011;2002;9429;1;OTROS SERV. SANITARIOS;1
S-04011;2002;8499;1;OTROS SERVICIOS INDEPENDIENTES NCOP;2
S-04011;2002;8439;1;OTROS SERVICIOS TECNICOS NCOP;1
S-04011;2002;6912;1;REPARACION AUTOMOVILES Y BICICLETAS;3
S-04011;2002;9721;1;SERV. PELUQUERIA SEùORAS Y CABALLEROS;1
S-04011;2002;911;1;SERVICIOS AGRICOLAS Y GANADEROS;1
S-04012;2002;6424;1;COM.MEN.CARNICERIAS;1
S-04012;2002;6422;1;COM.MEN.CARNICERIAS-CHARCUTERIAS;1
S-04012;2002;641;1;COM.MEN.FRUTAS,VERDURAS;1
S-04012;2002;6425;1;COM.MEN.HUEVOS,AVES,GRANJA Y CAZA;1
S-04012;2002;6441;1;COM.MEN.PAN,PASTELES,CONFITERIA,LACTEOS;2
S-04012;2002;6431;1;COM.MEN.PESCADOS;1
S-04012;2002;6471;1;COM.MEN.PTOS.ALIMENTICIOS Y BEBIDAS;2
S-04012;2002;6597;1;COM.MEN.SEMILLAS,ABONOS,FLORES,PLANTAS;1
S-04012;2002;6464;1;COM.MEN.TABACO CON VENTA POR RECARGO;2
S-04012;2002;453;1;CONFECC. TODA CLASE PRENDAS VESTIR;1
S-04012;2002;6732;1;OTROS CAFES Y BARES;2
S-04012;2002;837;2;PROTESICOS E HIGIENISTAS DENTALES;1
S-04012;2002;692;1;REPARACION DE MAQUINARIA INDUSTRIAL;1
S-04014;2002;475;1;ACTIVIDADES ANEXAS ARTES GRAFICAS;1
S-04014;2002;6121;1;COM.MAY.PTOS.ALIMENTIC.BEBIDAS Y TABACOS;1
S-04014;2002;6532;1;COM.MEN.APARATOS DE USO DOMESTICO;1
S-04014;2002;845;1;EXPLOTACION ELECTRONICA POR TERCEROS;1
S-04014;2002;4353;1;FAB. PRENDAS INTERIORES PUNTO;1
S-04014;2002;463;1;FAB. SERIE PIEZAS DE CARPINTERIA;1
S-04015;2002;6193;1;COM.MAY. METALES PRECIOSOS, Y JOYERIA;1
S-04015;2002;6159;1;COM.MAY.OTROS ART. CONSUMO DURADERO NCOP;1
S-04015;2002;6131;1;COM.MAY.PTOS.TEXTILES,CONFECC, Y CALZADO;1
S-04015;2002;6732;1;OTROS CAFES Y BARES;1
S-04015;2002;9731;1;SERVICIOS FOTOGRAFICOS;1
S-04016;2002;453;1;CONFECC. TODA CLASE PRENDAS VESTIR;1
S-05001;2002;453;1;CONFECC. TODA CLASE PRENDAS VESTIR;1
S-05001;2002;7512;1;GUARDIA Y CUSTODIA VEHICULOS  PARKING ;1
S-05003;2002;4681;1;FAB. MOBILIARIO DE MADERA PARA EL HOGAR;1
S-05005;2002;6121;1;COM.MAY.PTOS.ALIMENTIC.BEBIDAS Y TABACOS;1
S-05005;2002;6143;1;COM.MAY.PTOS.MANTENIMIENTO HOGAR;1
S-05005;2002;315;1;CONSTRUCC. DEPOSITOS Y CALDERERIA;2
S-05005;2002;7541;1;DEPOSITOS Y ALMACENES GENERALES;1
S-05005;2002;6442;1;DESPACHOS PAN, PAN ESPECIAL, Y BOLLERIA;1
S-05005;2002;4822;1;FAB. ART. ACABADOS MATERIAS PLASTICAS;1
S-05005;2002;465;1;FAB. OBJETOS DIVERSOS DE MADERA;1
S-05005;2002;463;1;FAB. SERIE PIEZAS DE CARPINTERIA;1
S-05005;2002;312;1;FORJA,ESTAMPADO,EMBUTICION,TROQUELADO;1
S-05005;2002;6732;1;OTROS CAFES Y BARES;1
S-05005;2002;3191;1;TALLERES DE MECANICA EN GENERAL;1
S-06001;2002;3141;1;FAB. ART. CARPINTERIA METALICA;1
S-06001;2002;6732;1;OTROS CAFES Y BARES;1
S-06002;2002;859;1;ALQUILER OTROS BIENES MUEBLES NCOP;1
S-06002;2002;6154;1;COM.MAY.APAR.Y MAT. ELECTRONICO;1
S-06002;2002;6169;1;COM.MAY.PTOS.INTERINDUSTRIALES Y QUIMIC.;1
S-06002;2002;4822;1;FAB. ART. ACABADOS MATERIAS PLASTICAS;1
S-06002;2002;3141;1;FAB. ART. CARPINTERIA METALICA;1
S-06002;2002;4959;1;FAB. OTROS ART. NCOP;1
S-06002;2002;4911;1;JOYERIA;1
S-06002;2002;6732;1;OTROS CAFES Y BARES;1
S-06002;2002;692;1;REPARACION DE MAQUINARIA INDUSTRIAL;1
S-06002;2002;6715;1;RESTAURANTES DE UN TENEDOR;1
S-06002;2002;844;1;SERVICIOS PUBLICIDAD, RELACIONES PUBLIC.;1
S-07001;2002;812;1;CAJAS DE AHORRO;1
S-07001;2002;6142;1;COM.MAY.PTOS.PERFUMERIA,DROGUERIA;1
S-07001;2002;6532;1;COM.MEN.APARATOS DE USO DOMESTICO;2
S-07001;2002;6621;1;COM.MEN.EN ECONOMATOS Y COOP. DE CONSUMO;1
S-07001;2002;6441;1;COM.MEN.PAN,PASTELES,CONFITERIA,LACTEOS;1
S-07001;2002;6512;1;COM.MEN.PRENDAS DE VESTIR Y TOCADO;1
S-07001;2002;6473;1;COM.MEN-PTOS.ALIMENTICIOS 120 - 399 M2;1
S-07001;2002;6464;1;COM.MEN.TABACO CON VENTA POR RECARGO;1
S-07001;2002;6541;1;COM.MEN.VEHICULOS TERRESTRES;1
S-07001;2002;9331;1;ENSEù. CONDUCCION VEHICULOS;1
S-07001;2002;9321;1;ENSEùANZA FORMACION PROF. NO SUPERIOR;1
S-07001;2002;9672;1;ESCUELAS Y SERV. PERFECC. DEL DEPORTE;1
S-07001;2002;6521;1;FARMACIAS;1
S-07001;2002;5043;1;INSTALACIONES FRIO Y CALOR;1
S-07001;2002;834;2;ODONTOLOGOS;2
S-07001;2002;9339;1;OTROS ACTIV. ENSEùANZA;1
S-07001;2002;6732;1;OTROS CAFES Y BARES;2
S-07001;2002;899;2;OTROS PROF. RELACIONADOS CON SERVICIOS;1
S-07001;2002;6912;1;REPARACION AUTOMOVILES Y BICICLETAS;1
S-07001;2002;9721;1;SERV. PELUQUERIA SEùORAS Y CABALLEROS;1
S-07002;2002;841;2;ACUPUNTORES, NATUROPATAS Y OTROS;1
S-07002;2002;8541;1;ALQUILER AUTOMOVILES SIN CONDUCTOR;1
S-07002;2002;474;1;ARTES GRAFICAS (IMPRESION GRAFICA);2
S-07002;2002;6731;1;BARES CATEGORIA ESPECIAL;1
S-07002;2002;656;1;COM. MEN. DE BIENES USADOS;1
S-07002;2002;6179;1;COM.MAY.INTERINDUSTRIAL EXCEP. QUIMICA;1
S-07002;2002;6151;1;COM.MAY.VEHICULOS Y SUS ACCESORIOS;2
S-07002;2002;657;1;COM.MEN. INSTRUMENTOS MUSICA Y ACCESORIO;1
S-07002;2002;6532;1;COM.MEN.APARATOS DE USO DOMESTICO;2
S-07002;2002;6593;1;COM.MEN.APARATOS MEDICOS, ORTOPEDICOS;1
S-07002;2002;6595;1;COM.MEN.ART.JOYERIA,RELOJERIA,BISUTERIA;1
S-07002;2002;6594;1;COM.MEN.LIBROS,PERIODICOS,REVISTAS.;1
S-07002;2002;6446;1;COM.MEN.MASAS FRITAS;1
S-07002;2002;6531;1;COM.MEN.MUEBLES (EXCEPTO OFICINA);4
S-07002;2002;6441;1;COM.MEN.PAN,PASTELES,CONFITERIA,LACTEOS;1
S-07002;2002;6512;1;COM.MEN.PRENDAS DE VESTIR Y TOCADO;1
S-07002;2002;6473;1;COM.MEN-PTOS.ALIMENTICIOS 120 - 399 M2;1
S-07002;2002;6464;1;COM.MEN.TABACO CON VENTA POR RECARGO;1
S-07002;2002;6541;1;COM.MEN.VEHICULOS TERRESTRES;4
S-07002;2002;3242;1;CONST.MAQUINAS PARA INDUSTRIA QUIMICA;1
S-07002;2002;9331;1;ENSEù. CONDUCCION VEHICULOS;1
S-07002;2002;9672;1;ESCUELAS Y SERV. PERFECC. DEL DEPORTE;1
S-07002;2002;871;2;EXPENDEDORES OFICIALES LOTERIAS;1
S-07002;2002;3142;1;FAB. ESTRUCTURAS METALICAS;1
S-07002;2002;312;1;FORJA,ESTAMPADO,EMBUTICION,TROQUELADO;1
S-07002;2002;9311;1;GUARDERIA Y ENSE#ANZA INFANTIL,EXCLUSIV.;1
S-07002;2002;244;1;INDUSTRIAS DE LA PIEDRA NATURAL;1
S-07002;2002;3241;1;MAQUINAS IND. ALIMENT.,BEBIDAS Y TAB.;1
S-07002;2002;6732;1;OTROS CAFES Y BARES;6
S-07002;2002;399;2;OTROS PROFESIONALES INDUSTRIAS MANUFAC.;1
S-07002;2002;6912;1;REPARACION AUTOMOVILES Y BICICLETAS;3
S-07002;2002;8497;1;SERV. GESTION ADMINISTRATIVA;1
S-07002;2002;9721;1;SERV. PELUQUERIA SEùORAS Y CABALLEROS;3
S-07002;2002;834;1;SERV. PROPIEDAD INMOBILIARIA E INDUSTRIA;1
S-07002;2002;9731;1;SERVICIOS FOTOGRAFICOS;1
S-07002;2002;844;1;SERVICIOS PUBLICIDAD, RELACIONES PUBLIC.;1
S-07002;2002;3199;1;TALLERES MECANICOS NCOP;1
S-07004;2002;8561;1;ALQUILER DE BIENES DE CONSUMO;1
S-07004;2002;5055;1;CARPINTERIA Y CERRAJERIA;1
S-07004;2002;6159;1;COM.MAY.OTROS ART. CONSUMO DURADERO NCOP;1
S-07004;2002;6532;1;COM.MEN.APARATOS DE USO DOMESTICO;1
S-07004;2002;6593;1;COM.MEN.APARATOS MEDICOS, ORTOPEDICOS;2
S-07004;2002;6533;1;COM.MEN.ART.MENAJE,FERRETERIA,ADORNO;1
S-07004;2002;6545;1;COM.MEN.DE TODA CLASE DE MAQUINARIA;1
S-07004;2002;6592;1;COM.MEN.MUEBLES Y MAQUINAS DE OFICINA;1
S-07004;2002;6512;1;COM.MEN.PRENDAS DE VESTIR Y TOCADO;1
S-07004;2002;6522;1;COM.MEN.PTOS.DROGUERIA,PERFUMERIA;1
S-07004;2002;6443;1;COM.MEN.PTOS.PASTELERIA,BOLLERIA;1
S-07004;2002;6511;1;COM.MEN.PTOS.TEXTILES PARA EL HOGAR;1
S-07004;2002;6535;1;COM.MEN.PUERTAS,VENTANAS Y PERSIANAS;1
S-07004;2002;6464;1;COM.MEN.TABACO CON VENTA POR RECARGO;1
S-07004;2002;5011;1;CONSTRUCCION COMPLETA, REPAR. Y CONSERV.;1
S-07004;2002;6732;1;OTROS CAFES Y BARES;2
S-07004;2002;6779;1;OTROS SERV. ALIMENTACION - RESTAURACION;1
S-07004;2002;8499;1;OTROS SERVICIOS INDEPENDIENTES NCOP;1
S-07004;2002;6911;1;REPARACION ART. ELECTRODOMESTICOS;1
S-07004;2002;9722;1;SALONES E INSTITUTOS DE BELLEZA;1
S-07004;2002;9721;1;SERV. PELUQUERIA SEùORAS Y CABALLEROS;2
S-07006;2002;731;2;ABOGADOS;1
S-07006;2002;8321;1;AGENCIAS DE SEGUROS Y CORREDURIAS;3
S-07006;2002;822;1;ASEGURADORAS DE ENFERMEDAD Y RIESGOS;1
S-07006;2002;836;2;AYUD. TECN. SANITARIOS Y FISIOTERAPEUTAS;1
S-07006;2002;812;1;CAJAS DE AHORRO;3
S-07006;2002;6154;1;COM.MAY.APAR.Y MAT. ELECTRONICO;1
S-07006;2002;6532;1;COM.MEN.APARATOS DE USO DOMESTICO;1
S-07006;2002;6553;1;COM.MEN.CARBURANTES Y ACEITES VEHICULOS;1
S-07006;2002;6441;1;COM.MEN.PAN,PASTELES,CONFITERIA,LACTEOS;1
S-07006;2002;6461;1;COM.MEN.TABACOS EN EXPENDIDURIA;1
S-07006;2002;6541;1;COM.MEN.VEHICULOS TERRESTRES;2
S-07006;2002;9421;1;CONSULTORIOS MEDICOS, SANITARIOS...;1
S-07006;2002;224;2;DIBUJANTES TECNICOS;1
S-07006;2002;776;2;DRES.LICENC.POLITICAS,SOCIALES,LETRAS;1
S-07006;2002;9312;1;ENSEùANZA EDUCACION GENERAL BASICA;1
S-07006;2002;839;2;MASAJISTAS, DIETISTAS, Y AUX.ENFERMERIA;1
S-07006;2002;832;2;MEDICOS ESPECIALISTAS;2
S-07006;2002;831;2;MEDICOS MEDICINA GENERAL;2
S-07006;2002;838;2;OPTICOS-OPTOMETRISTAS Y PODOLOGOS;1
S-07006;2002;6732;1;OTROS CAFES Y BARES;4
S-07006;2002;799;2;OTROS PROF. ACTIV. FINANC. JURID. SEGUR.;1
S-07006;2002;6475;1;PTOS.ALIMENTICIOS Y BEB. MAQUINAS;2
S-07006;2002;6912;1;REPARACION AUTOMOVILES Y BICICLETAS;2
S-07006;2002;841;1;SERVICIOS JURIDICOS;1
S-07006;2002;844;1;SERVICIOS PUBLICIDAD, RELACIONES PUBLIC.;1
S-07009;2002;9311;1;GUARDERIA Y ENSE#ANZA INFANTIL,EXCLUSIV.;1
S-07010;2002;6535;1;COM.MEN.PUERTAS,VENTANAS Y PERSIANAS;1
S-07010;2002;4681;1;FAB. MOBILIARIO DE MADERA PARA EL HOGAR;1
S-07010;2002;6732;1;OTROS CAFES Y BARES;1
S-07010;2002;922;1;SERVICIOS DE LIMPIEZA;1
S-07012;2002;8562;1;ALQUILER DE PELICULAS DE VIDEO;1
S-07012;2002;6123;1;COM.MAY.FRUTAS Y VERDURAS;1
S-07012;2002;6595;1;COM.MEN.ART.JOYERIA,RELOJERIA,BISUTERIA;1
S-07012;2002;6594;1;COM.MEN.LIBROS,PERIODICOS,REVISTAS.;1
S-07012;2002;6441;1;COM.MEN.PAN,PASTELES,CONFITERIA,LACTEOS;1
S-07012;2002;6431;1;COM.MEN.PESCADOS;1
S-07012;2002;6512;1;COM.MEN.PRENDAS DE VESTIR Y TOCADO;1
S-07012;2002;6472;1;COM.MEN.PTOS.ALIMENTICIOS MENOS 120 M2;1
S-07012;2002;6622;1;COM.MEN.TODA CLASE ART. EN OTROS LOCALES;1
S-07012;2002;4911;1;JOYERIA;1
S-07012;2002;6732;1;OTROS CAFES Y BARES;1
S-07012;2002;763;2;PROGRAMADORES Y ANALISTAS INFORMATICA;1
S-07012;2002;692;1;REPARACION DE MAQUINARIA INDUSTRIAL;1
S-07012;2002;9733;1;SERV. COPIAS DOCUMENTOS MAQ.FOTOCOPIA;1
S-07012;2002;834;1;SERV. PROPIEDAD INMOBILIARIA E INDUSTRIA;1
S-07013;2002;8562;1;ALQUILER DE PELICULAS DE VIDEO;1
S-07013;2002;812;1;CAJAS DE AHORRO;1
S-07013;2002;6126;1;COM.MAY.BEBIDAS Y TABACO;1
S-07013;2002;6532;1;COM.MEN.APARATOS DE USO DOMESTICO;1
S-07013;2002;6545;1;COM.MEN.DE TODA CLASE DE MAQUINARIA;2
S-07013;2002;6513;1;COM.MEN.LENCERIA Y CORSETERIA;1
S-07013;2002;6594;1;COM.MEN.LIBROS,PERIODICOS,REVISTAS.;1
S-07013;2002;6446;1;COM.MEN.MASAS FRITAS;1
S-07013;2002;6534;1;COM.MEN.MATERIALES DE CONSTRUCCION;1
S-07013;2002;6514;1;COM.MEN.MERCERIA Y PAQUETERIA;1
S-07013;2002;6441;1;COM.MEN.PAN,PASTELES,CONFITERIA,LACTEOS;1
S-07013;2002;6431;1;COM.MEN.PESCADOS;1
S-07013;2002;6471;1;COM.MEN.PTOS.ALIMENTICIOS Y BEBIDAS;3
S-07013;2002;6511;1;COM.MEN.PTOS.TEXTILES PARA EL HOGAR;2
S-07013;2002;6597;1;COM.MEN.SEMILLAS,ABONOS,FLORES,PLANTAS;1
S-07013;2002;453;1;CONFECC. TODA CLASE PRENDAS VESTIR;23
S-07013;2002;6442;1;DESPACHOS PAN, PAN ESPECIAL, Y BOLLERIA;1
S-07013;2002;4233;1;ELAB. PTOS. DIETETICOS Y DE REGIMEN;1
S-07013;2002;3141;1;FAB. ART. CARPINTERIA METALICA;1
S-07013;2002;4681;1;FAB. MOBILIARIO DE MADERA PARA EL HOGAR;1
S-07013;2002;354;1;FAB.COMPONENTES ELECTRONICOS Y CIRCUITOS;1
S-07013;2002;6732;1;OTROS CAFES Y BARES;4
S-07013;2002;799;2;OTROS PROF. ACTIV. FINANC. JURID. SEGUR.;1
S-07013;2002;6911;1;REPARACION ART. ELECTRODOMESTICOS;1
S-07013;2002;6912;1;REPARACION AUTOMOVILES Y BICICLETAS;2
S-07013;2002;9721;1;SERV. PELUQUERIA SEùORAS Y CABALLEROS;2
S-07014;2002;6514;1;COM.MEN.MERCERIA Y PAQUETERIA;1
S-07014;2002;6512;1;COM.MEN.PRENDAS DE VESTIR Y TOCADO;1
S-07014;2002;3141;1;FAB. ART. CARPINTERIA METALICA;1
S-07017;2002;6139;1;COM.MAY.ACCESORIOS VESTIDO NCOP;1
S-07017;2002;465;1;FAB. OBJETOS DIVERSOS DE MADERA;1
S-07017;2002;6732;1;OTROS CAFES Y BARES;2
S-07017;2002;999;1;OTROS SERVICIOS N.C.O.P.;1
S-07017;2002;9721;1;SERV. PELUQUERIA SEùORAS Y CABALLEROS;1
S-07021;2002;812;1;CAJAS DE AHORRO;1
S-07021;2002;6159;1;COM.MAY.OTROS ART. CONSUMO DURADERO NCOP;1
S-07021;2002;6129;1;COM.MAY.OTROS PTOS. ALIMENT.,HELADOS ETC;1
S-07021;2002;641;1;COM.MEN.FRUTAS,VERDURAS;1
S-07021;2002;6521;1;FARMACIAS;1
S-07021;2002;9682;1;ORGANIZACION ESPECTACULOS DEPORTIVOS;1
S-07021;2002;6732;1;OTROS CAFES Y BARES;4
S-07021;2002;6912;1;REPARACION AUTOMOVILES Y BICICLETAS;1
S-07021;2002;9721;1;SERV. PELUQUERIA SEùORAS Y CABALLEROS;1
S-07022;2002;411;2;ARQUITECTOS;1
S-07022;2002;6542;1;COM.MEN.ACCESORIOS Y RECAMBIOS VEHICULOS;1
S-07022;2002;6471;1;COM.MEN.PTOS.ALIMENTICIOS Y BEBIDAS;1
S-07022;2002;6622;1;COM.MEN.TODA CLASE ART. EN OTROS LOCALES;1
S-07022;2002;6732;1;OTROS CAFES Y BARES;1
S-07023;2002;6731;1;BARES CATEGORIA ESPECIAL;1
S-07023;2002;6154;1;COM.MAY.APAR.Y MAT. ELECTRONICO;1
S-07023;2002;6649;1;COM.MEN.ART.DIVERSOS EN MAQUINAS;1
S-07023;2002;6546;1;COM.MEN.CUBIERTAS,BANDAS Y CAMARAS AIRE;1
S-07023;2002;6531;1;COM.MEN.MUEBLES (EXCEPTO OFICINA);1
S-07023;2002;6471;1;COM.MEN.PTOS.ALIMENTICIOS Y BEBIDAS;1
S-07023;2002;453;1;CONFECC. TODA CLASE PRENDAS VESTIR;1
S-07023;2002;833;2;ESTOMATOLOGOS;1
S-07023;2002;742;2;INTENDENTES Y PROFESORES MERCANTILES;1
S-07023;2002;6732;1;OTROS CAFES Y BARES;1
S-07023;2002;6779;1;OTROS SERV. ALIMENTACION - RESTAURACION;1
S-07023;2002;826;2;PERSONAL DOCENTE ENSEùANZAS DIVERSAS;1
S-07023;2002;6715;1;RESTAURANTES DE UN TENEDOR;1
S-07023;2002;9722;1;SALONES E INSTITUTOS DE BELLEZA;1
S-07023;2002;844;1;SERVICIOS PUBLICIDAD, RELACIONES PUBLIC.;1
S-07024;2002;6472;1;COM.MEN.PTOS.ALIMENTICIOS MENOS 120 M2;1
S-07024;2002;763;2;PROGRAMADORES Y ANALISTAS INFORMATICA;1
S-07024;2002;6912;1;REPARACION AUTOMOVILES Y BICICLETAS;1
S-07024;2002;9721;1;SERV. PELUQUERIA SEùORAS Y CABALLEROS;2
S-07025;2002;8562;1;ALQUILER DE PELICULAS DE VIDEO;1
S-07025;2002;812;1;CAJAS DE AHORRO;1
S-07025;2002;6532;1;COM.MEN.APARATOS DE USO DOMESTICO;1
S-07025;2002;6524;1;COM.MEN.PLANTAS Y HIERBAS,HERBORARIOS;1
S-07025;2002;699;1;OTRAS REPARACIONES NCOP;1
S-07025;2002;999;1;OTROS SERVICIOS N.C.O.P.;1
S-07025;2002;9722;1;SALONES E INSTITUTOS DE BELLEZA;1
S-07027;2002;731;2;ABOGADOS;1
S-07027;2002;6133;1;COM.MAY. PRENDAS EXTERIORES VESTIR;1
S-07027;2002;6516;1;COM.MEN.CALZADO Y COMPLEMENTOS PIEL;1
S-07027;2002;6441;1;COM.MEN.PAN,PASTELES,CONFITERIA,LACTEOS;1
S-07027;2002;6512;1;COM.MEN.PRENDAS DE VESTIR Y TOCADO;1
S-07027;2002;6471;1;COM.MEN.PTOS.ALIMENTICIOS Y BEBIDAS;1
S-07027;2002;6464;1;COM.MEN.TABACO CON VENTA POR RECARGO;1
S-07027;2002;453;1;CONFECC. TODA CLASE PRENDAS VESTIR;9
S-07027;2002;441;1;CURTICION Y ACABADO DE CUEROS Y PIELES;1
S-07027;2002;6732;1;OTROS CAFES Y BARES;2
S-07027;2002;9721;1;SERV. PELUQUERIA SEùORAS Y CABALLEROS;2
S-08001;2002;6464;1;COM.MEN.TABACO CON VENTA POR RECARGO;1
S-08001;2002;453;1;CONFECC. TODA CLASE PRENDAS VESTIR;3
S-08001;2002;4239;1;ELAB. OTROS PTOS. ALIMENTICIOS NCOP;1
S-08001;2002;4681;1;FAB. MOBILIARIO DE MADERA PARA EL HOGAR;1
S-08001;2002;465;1;FAB. OBJETOS DIVERSOS DE MADERA;1
S-08001;2002;6732;1;OTROS CAFES Y BARES;2
S-08003;2002;6133;1;COM.MAY. PRENDAS EXTERIORES VESTIR;7
S-08003;2002;6135;1;COM.MAY.CAMISERIA,LENCERIA,MERCERIA,...;1
S-08003;2002;6131;1;COM.MAY.PTOS.TEXTILES,CONFECC, Y CALZADO;1
S-08003;2002;453;1;CONFECC. TODA CLASE PRENDAS VESTIR;39
S-08003;2002;5041;1;INSTALACIONES ELECTRICAS EN GENERAL;1
S-08003;2002;7549;1;OTROS DEPOSITOS ESPECIALES NCOP;1
S-08007;2002;6532;1;COM.MEN.APARATOS DE USO DOMESTICO;1
S-08007;2002;6533;1;COM.MEN.ART.MENAJE,FERRETERIA,ADORNO;1
S-08007;2002;6513;1;COM.MEN.LENCERIA Y CORSETERIA;1
S-08007;2002;6514;1;COM.MEN.MERCERIA Y PAQUETERIA;1
S-08007;2002;6522;1;COM.MEN.PTOS.DROGUERIA,PERFUMERIA;1
S-08007;2002;6464;1;COM.MEN.TABACO CON VENTA POR RECARGO;2
S-08007;2002;453;1;CONFECC. TODA CLASE PRENDAS VESTIR;4
S-08007;2002;4822;1;FAB. ART. ACABADOS MATERIAS PLASTICAS;1
S-08007;2002;5041;1;INSTALACIONES ELECTRICAS EN GENERAL;1
S-08007;2002;6732;1;OTROS CAFES Y BARES;3
S-08007;2002;4561;1;PELETERIA NATURAL;1
S-08010;2002;6534;1;COM.MEN.MATERIALES DE CONSTRUCCION;1
S-08010;2002;6512;1;COM.MEN.PRENDAS DE VESTIR Y TOCADO;1
S-08010;2002;6464;1;COM.MEN.TABACO CON VENTA POR RECARGO;1
S-08010;2002;453;1;CONFECC. TODA CLASE PRENDAS VESTIR;1
S-08010;2002;432;2;DECORADORES-DISEùADORES DE INTERIORES;1
S-08010;2002;6732;1;OTROS CAFES Y BARES;1
S-08010;2002;9722;1;SALONES E INSTITUTOS DE BELLEZA;1
S-08012;2002;712;2;AGENTES Y CORREDORES DE SEGUROS;1
S-08012;2002;8562;1;ALQUILER DE PELICULAS DE VIDEO;1
S-08012;2002;811;1;BANCA;1
S-08012;2002;6191;1;COM.MAY. JUGUETES Y ARTICULOS DEPORTE;1
S-08012;2002;6133;1;COM.MAY. PRENDAS EXTERIORES VESTIR;5
S-08012;2002;6139;1;COM.MAY.ACCESORIOS VESTIDO NCOP;1
S-08012;2002;6135;1;COM.MAY.CAMISERIA,LENCERIA,MERCERIA,...;1
S-08012;2002;6532;1;COM.MEN.APARATOS DE USO DOMESTICO;2
S-08012;2002;6593;1;COM.MEN.APARATOS MEDICOS, ORTOPEDICOS;1
S-08012;2002;6595;1;COM.MEN.ART.JOYERIA,RELOJERIA,BISUTERIA;1
S-08012;2002;6533;1;COM.MEN.ART.MENAJE,FERRETERIA,ADORNO;1
S-08012;2002;6514;1;COM.MEN.MERCERIA Y PAQUETERIA;1
S-08012;2002;6592;1;COM.MEN.MUEBLES Y MAQUINAS DE OFICINA;2
S-08012;2002;6441;1;COM.MEN.PAN,PASTELES,CONFITERIA,LACTEOS;1
S-08012;2002;6512;1;COM.MEN.PRENDAS DE VESTIR Y TOCADO;1
S-08012;2002;6511;1;COM.MEN.PTOS.TEXTILES PARA EL HOGAR;1
S-08012;2002;453;1;CONFECC. TODA CLASE PRENDAS VESTIR;11
S-08012;2002;9331;1;ENSEù. CONDUCCION VEHICULOS;1
S-08012;2002;6732;1;OTROS CAFES Y BARES;8
S-08012;2002;899;2;OTROS PROF. RELACIONADOS CON SERVICIOS;1
S-08012;2002;8332;1;PROMOCION INMOBILIARIA DE EDIFICACIONES;1
S-08012;2002;6919;1;REPARACION OTROS BIENES CONSUMO NCOP;1
S-08012;2002;6714;1;RESTAURANTES DE DOS TENEDORES;1
S-08012;2002;9722;1;SALONES E INSTITUTOS DE BELLEZA;1
S-08012;2002;975;1;SERVICIOS DE ENMARCACION;1
S-08012;2002;841;1;SERVICIOS JURIDICOS;1
S-08012;2002;844;1;SERVICIOS PUBLICIDAD, RELACIONES PUBLIC.;1
S-08012;2002;9711;1;TINTE,LIMP. SECO, LAVADO Y PLANCHADO;2
S-09003;2002;474;1;ARTES GRAFICAS (IMPRESION GRAFICA);1
S-09003;2002;6124;1;COM.MAY. CARNES,HUEVOS,AVES Y CAZA;1
S-09003;2002;6126;1;COM.MAY.BEBIDAS Y TABACO;1
S-09003;2002;453;1;CONFECC. TODA CLASE PRENDAS VESTIR;1
S-09003;2002;4132;1;FAB.PTOS.CARNICOS DE TODAS CLASES;1
S-09003;2002;3169;1;OTROS ART. ACABADOS EN METALES NCOP;1
S-09003;2002;6715;1;RESTAURANTES DE UN TENEDOR;2
S-09003;2002;3163;1;TORNILLERIA Y ART. DERIVADOS ALAMBRE;1
S-09012;2002;6522;1;COM.MEN.PTOS.DROGUERIA,PERFUMERIA;1
S-09013;2002;812;1;CAJAS DE AHORRO;1
S-09013;2002;6135;1;COM.MAY.CAMISERIA,LENCERIA,MERCERIA,...;1
S-09013;2002;6532;1;COM.MEN.APARATOS DE USO DOMESTICO;1
S-09013;2002;6516;1;COM.MEN.CALZADO Y COMPLEMENTOS PIEL;1
S-09013;2002;6422;1;COM.MEN.CARNICERIAS-CHARCUTERIAS;1
S-09013;2002;6594;1;COM.MEN.LIBROS,PERIODICOS,REVISTAS.;1
S-09013;2002;6514;1;COM.MEN.MERCERIA Y PAQUETERIA;1
S-09013;2002;6512;1;COM.MEN.PRENDAS DE VESTIR Y TOCADO;1
S-09013;2002;6472;1;COM.MEN.PTOS.ALIMENTICIOS MENOS 120 M2;1
S-09013;2002;6522;1;COM.MEN.PTOS.DROGUERIA,PERFUMERIA;1
S-09013;2002;6622;1;COM.MEN.TODA CLASE ART. EN OTROS LOCALES;1
S-09013;2002;453;1;CONFECC. TODA CLASE PRENDAS VESTIR;1
S-09013;2002;9331;1;ENSEù. CONDUCCION VEHICULOS;1
S-09013;2002;9721;1;SERV. PELUQUERIA SEùORAS Y CABALLEROS;1
S-09013;2002;9731;1;SERVICIOS FOTOGRAFICOS;1
S-09016;2002;755;1;AGENCIAS DE VIAJES;1
S-09016;2002;8562;1;ALQUILER DE PELICULAS DE VIDEO;2
S-09016;2002;6532;1;COM.MEN.APARATOS DE USO DOMESTICO;1
S-09016;2002;6593;1;COM.MEN.APARATOS MEDICOS, ORTOPEDICOS;1
S-09016;2002;6533;1;COM.MEN.ART.MENAJE,FERRETERIA,ADORNO;1
S-09016;2002;6441;1;COM.MEN.PAN,PASTELES,CONFITERIA,LACTEOS;2
S-09016;2002;6512;1;COM.MEN.PRENDAS DE VESTIR Y TOCADO;3
S-09016;2002;6472;1;COM.MEN.PTOS.ALIMENTICIOS MENOS 120 M2;1
S-09016;2002;6522;1;COM.MEN.PTOS.DROGUERIA,PERFUMERIA;1
S-09016;2002;6535;1;COM.MEN.PUERTAS,VENTANAS Y PERSIANAS;1
S-09016;2002;6622;1;COM.MEN.TODA CLASE ART. EN OTROS LOCALES;1
S-09016;2002;453;1;CONFECC. TODA CLASE PRENDAS VESTIR;3
S-09016;2002;943;1;CONSULTAS CLINICAS ESTOMAT. Y ODONTOLOG.;1
S-09016;2002;871;2;EXPENDEDORES OFICIALES LOTERIAS;1
S-09016;2002;3141;1;FAB. ART. CARPINTERIA METALICA;2
S-09016;2002;6521;1;FARMACIAS;1
S-09016;2002;832;2;MEDICOS ESPECIALISTAS;2
S-09016;2002;6732;1;OTROS CAFES Y BARES;2
S-09016;2002;9721;1;SERV. PELUQUERIA SEùORAS Y CABALLEROS;1
S-09016;2002;922;1;SERVICIOS DE LIMPIEZA;1
S-09016;2002;9731;1;SERVICIOS FOTOGRAFICOS;1
S-09016;2002;844;1;SERVICIOS PUBLICIDAD, RELACIONES PUBLIC.;1
S-09017;2002;6461;1;COM.MEN.TABACOS EN EXPENDIDURIA;1
S-09017;2002;6732;1;OTROS CAFES Y BARES;2
S-09017;2002;6779;1;OTROS SERV. ALIMENTACION - RESTAURACION;1
S-09017;2002;9721;1;SERV. PELUQUERIA SEùORAS Y CABALLEROS;1
S-09018;2002;8562;1;ALQUILER DE PELICULAS DE VIDEO;1
S-09018;2002;6514;1;COM.MEN.MERCERIA Y PAQUETERIA;1
S-09018;2002;6441;1;COM.MEN.PAN,PASTELES,CONFITERIA,LACTEOS;1
S-09018;2002;6512;1;COM.MEN.PRENDAS DE VESTIR Y TOCADO;1
S-09018;2002;6622;1;COM.MEN.TODA CLASE ART. EN OTROS LOCALES;1
S-09018;2002;453;1;CONFECC. TODA CLASE PRENDAS VESTIR;2
S-09018;2002;6732;1;OTROS CAFES Y BARES;1
S-09021;2002;731;2;ABOGADOS;1
S-09021;2002;8562;1;ALQUILER DE PELICULAS DE VIDEO;1
S-09021;2002;474;1;ARTES GRAFICAS (IMPRESION GRAFICA);1
S-09021;2002;656;1;COM. MEN. DE BIENES USADOS;1
S-09021;2002;6596;1;COM.MEN.JUGUETES,ART.DEPORTE,ARMAS...;2
S-09021;2002;6513;1;COM.MEN.LENCERIA Y CORSETERIA;1
S-09021;2002;6441;1;COM.MEN.PAN,PASTELES,CONFITERIA,LACTEOS;3
S-09021;2002;6515;1;COM.MEN.PRENDAS ESPECIALES;1
S-09021;2002;6471;1;COM.MEN.PTOS.ALIMENTICIOS Y BEBIDAS;1
S-09021;2002;6464;1;COM.MEN.TABACO CON VENTA POR RECARGO;2
S-09021;2002;6541;1;COM.MEN.VEHICULOS TERRESTRES;3
S-09021;2002;463;1;FAB. SERIE PIEZAS DE CARPINTERIA;1
S-09021;2002;3223;1;FAB.UTILES PARA MAQUINAS HERRAMIENTAS;1
S-09021;2002;6521;1;FARMACIAS;1
S-09021;2002;4191;1;INDUSTRIA DEL PAN Y BOLLERIA;1
S-09021;2002;838;2;OPTICOS-OPTOMETRISTAS Y PODOLOGOS;1
S-09021;2002;6732;1;OTROS CAFES Y BARES;3
S-09021;2002;6912;1;REPARACION AUTOMOVILES Y BICICLETAS;1
S-09021;2002;6919;1;REPARACION OTROS BIENES CONSUMO NCOP;1
S-09021;2002;6715;1;RESTAURANTES DE UN TENEDOR;1
S-09021;2002;9722;1;SALONES E INSTITUTOS DE BELLEZA;1
S-09023;2002;6516;1;COM.MEN.CALZADO Y COMPLEMENTOS PIEL;1
S-09023;2002;6474;1;COM.MEN.PTOS.ALIMENTICIOS SUP.400 M2;1
S-09025;2002;6154;1;COM.MAY.APAR.Y MAT. ELECTRONICO;1
S-09025;2002;6471;1;COM.MEN.PTOS.ALIMENTICIOS Y BEBIDAS;1
S-09025;2002;453;1;CONFECC. TODA CLASE PRENDAS VESTIR;1
S-09025;2002;9696;1;SALONES RECREATIVOS Y DE JUEGO;1
S-09026;2002;4354;1;FAB. PRENDAS EXTERIORES DE PUNTO;1
S-09026;2002;9721;1;SERV. PELUQUERIA SEùORAS Y CABALLEROS;1
S-09028;2002;453;1;CONFECC. TODA CLASE PRENDAS VESTIR;1
S-09028;2002;6732;1;OTROS CAFES Y BARES;1
S-09032;2002;6472;1;COM.MEN.PTOS.ALIMENTICIOS MENOS 120 M2;1
S-09032;2002;4821;1;FAB. PTOS. SEMIELABORADOS PLASTICO;1
S-09032;2002;6732;1;OTROS CAFES Y BARES;2
S-09032;2002;6912;1;REPARACION AUTOMOVILES Y BICICLETAS;1
S-09033;2002;712;2;AGENTES Y CORREDORES DE SEGUROS;1
S-09033;2002;6594;1;COM.MEN.LIBROS,PERIODICOS,REVISTAS.;1
S-09033;2002;6514;1;COM.MEN.MERCERIA Y PAQUETERIA;1
S-09033;2002;6472;1;COM.MEN.PTOS.ALIMENTICIOS MENOS 120 M2;1
S-09033;2002;6597;1;COM.MEN.SEMILLAS,ABONOS,FLORES,PLANTAS;1
S-09033;2002;453;1;CONFECC. TODA CLASE PRENDAS VESTIR;1
S-09033;2002;887;2;MAQUILLADORES Y ESTETICISTAS;1
S-09033;2002;6732;1;OTROS CAFES Y BARES;1
S-09033;2002;799;2;OTROS PROF. ACTIV. FINANC. JURID. SEGUR.;1
S-09033;2002;6919;1;REPARACION OTROS BIENES CONSUMO NCOP;1
S-09033;2002;9733;1;SERV. COPIAS DOCUMENTOS MAQ.FOTOCOPIA;1
S-09033;2002;9721;1;SERV. PELUQUERIA SEùORAS Y CABALLEROS;1
S-09034;2002;731;2;ABOGADOS;1
S-09034;2002;6422;1;COM.MEN.CARNICERIAS-CHARCUTERIAS;1
S-09034;2002;6594;1;COM.MEN.LIBROS,PERIODICOS,REVISTAS.;1
S-09034;2002;6732;1;OTROS CAFES Y BARES;1
S-09035;2002;6153;1;COM. MAY. APARATOS ELECTRODOMESTICOS;1
S-09035;2002;6532;1;COM.MEN.APARATOS DE USO DOMESTICO;1
S-09035;2002;6534;1;COM.MEN.MATERIALES DE CONSTRUCCION;1
S-09035;2002;6531;1;COM.MEN.MUEBLES (EXCEPTO OFICINA);1
S-09035;2002;6441;1;COM.MEN.PAN,PASTELES,CONFITERIA,LACTEOS;1
S-09035;2002;6474;1;COM.MEN.PTOS.ALIMENTICIOS SUP.400 M2;1
S-09035;2002;6464;1;COM.MEN.TABACO CON VENTA POR RECARGO;2
S-09035;2002;6541;1;COM.MEN.VEHICULOS TERRESTRES;2
S-09035;2002;453;1;CONFECC. TODA CLASE PRENDAS VESTIR;1
S-09035;2002;9331;1;ENSEù. CONDUCCION VEHICULOS;1
S-09035;2002;3141;1;FAB. ART. CARPINTERIA METALICA;1
S-09035;2002;6732;1;OTROS CAFES Y BARES;4
S-09035;2002;999;1;OTROS SERVICIOS N.C.O.P.;1
S-09036;2002;731;2;ABOGADOS;1
S-09036;2002;6533;1;COM.MEN.ART.MENAJE,FERRETERIA,ADORNO;1
S-09036;2002;6441;1;COM.MEN.PAN,PASTELES,CONFITERIA,LACTEOS;2
S-09036;2002;6524;1;COM.MEN.PLANTAS Y HIERBAS,HERBORARIOS;1
S-09036;2002;6471;1;COM.MEN.PTOS.ALIMENTICIOS Y BEBIDAS;1
S-09036;2002;6511;1;COM.MEN.PTOS.TEXTILES PARA EL HOGAR;1
S-09036;2002;6535;1;COM.MEN.PUERTAS,VENTANAS Y PERSIANAS;1
S-09036;2002;838;2;OPTICOS-OPTOMETRISTAS Y PODOLOGOS;1
S-09036;2002;6732;1;OTROS CAFES Y BARES;2
S-09036;2002;6779;1;OTROS SERV. ALIMENTACION - RESTAURACION;1
S-09036;2002;6911;1;REPARACION ART. ELECTRODOMESTICOS;1
S-09036;2002;6715;1;RESTAURANTES DE UN TENEDOR;1
S-09036;2002;9721;1;SERV. PELUQUERIA SEùORAS Y CABALLEROS;2
S-09042;2002;6129;1;COM.MAY.OTROS PTOS. ALIMENT.,HELADOS ETC;1
S-09042;2002;6541;1;COM.MEN.VEHICULOS TERRESTRES;1
S-09043;2002;712;2;AGENTES Y CORREDORES DE SEGUROS;1
S-09043;2002;6539;1;COM.MEN.ART.HOGAR NCOP;1
S-09043;2002;6531;1;COM.MEN.MUEBLES (EXCEPTO OFICINA);1
S-09043;2002;6523;1;COM.MEN.PTOS.PERFUMERIA Y COSMETICA;1
S-09043;2002;6464;1;COM.MEN.TABACO CON VENTA POR RECARGO;1
S-09043;2002;6541;1;COM.MEN.VEHICULOS TERRESTRES;2
S-09043;2002;3261;1;FAB.ENGRANAJES,CADENAS DE TRANSMISION;1
S-09043;2002;724;2;INTERMEDIARIOS PROMOCION EDIFICACIONES;1
S-09043;2002;9339;1;OTROS ACTIV. ENSEùANZA;1
S-09043;2002;6732;1;OTROS CAFES Y BARES;2
S-09043;2002;6912;1;REPARACION AUTOMOVILES Y BICICLETAS;1
S-09043;2002;9721;1;SERV. PELUQUERIA SEùORAS Y CABALLEROS;1
S-09043;2002;834;1;SERV. PROPIEDAD INMOBILIARIA E INDUSTRIA;1
S-09044;2002;812;1;CAJAS DE AHORRO;1
S-09044;2002;6424;1;COM.MEN.CARNICERIAS;2
S-09044;2002;6441;1;COM.MEN.PAN,PASTELES,CONFITERIA,LACTEOS;1
S-09044;2002;6471;1;COM.MEN.PTOS.ALIMENTICIOS Y BEBIDAS;1
S-09044;2002;6473;1;COM.MEN-PTOS.ALIMENTICIOS 120 - 399 M2;1
S-09044;2002;6522;1;COM.MEN.PTOS.DROGUERIA,PERFUMERIA;2
S-09044;2002;6464;1;COM.MEN.TABACO CON VENTA POR RECARGO;1
S-09044;2002;6461;1;COM.MEN.TABACOS EN EXPENDIDURIA;1
S-09044;2002;945;1;CONSULTAS Y CLINICAS VETERINARIAS;1
S-09044;2002;6521;1;FARMACIAS;1
S-09044;2002;4193;1;INDUST. ELABORACION MASAS FRITAS;1
S-09044;2002;9339;1;OTROS ACTIV. ENSEùANZA;1
S-09044;2002;6732;1;OTROS CAFES Y BARES;4
S-09044;2002;6912;1;REPARACION AUTOMOVILES Y BICICLETAS;3
S-09047;2002;475;1;ACTIVIDADES ANEXAS ARTES GRAFICAS;1
S-09047;2002;712;2;AGENTES Y CORREDORES DE SEGUROS;1
S-09047;2002;6533;1;COM.MEN.ART.MENAJE,FERRETERIA,ADORNO;1
S-09047;2002;6464;1;COM.MEN.TABACO CON VENTA POR RECARGO;1
S-09047;2002;453;1;CONFECC. TODA CLASE PRENDAS VESTIR;4
S-09047;2002;5011;1;CONSTRUCCION COMPLETA, REPAR. Y CONSERV.;1
S-09047;2002;9331;1;ENSEù. CONDUCCION VEHICULOS;1
S-09047;2002;4681;1;FAB. MOBILIARIO DE MADERA PARA EL HOGAR;1
S-09047;2002;4192;1;INDUST. BOLLERIA Y PASTELERIA;1
S-09047;2002;6732;1;OTROS CAFES Y BARES;4
S-09047;2002;9721;1;SERV. PELUQUERIA SEùORAS Y CABALLEROS;3
S-09048;2002;665;1;COM.MEN.POR CORREO O CATALOGO;1
S-09048;2002;6472;1;COM.MEN.PTOS.ALIMENTICIOS MENOS 120 M2;1
S-09048;2002;6471;1;COM.MEN.PTOS.ALIMENTICIOS Y BEBIDAS;1
S-09048;2002;6473;1;COM.MEN-PTOS.ALIMENTICIOS 120 - 399 M2;1
S-09048;2002;6622;1;COM.MEN.TODA CLASE ART. EN OTROS LOCALES;1
S-09048;2002;453;1;CONFECC. TODA CLASE PRENDAS VESTIR;3
S-09048;2002;9331;1;ENSEù. CONDUCCION VEHICULOS;1
S-09048;2002;6521;1;FARMACIAS;1
S-09048;2002;9311;1;GUARDERIA Y ENSE#ANZA INFANTIL,EXCLUSIV.;1
S-09048;2002;6732;1;OTROS CAFES Y BARES;2
S-09048;2002;6911;1;REPARACION ART. ELECTRODOMESTICOS;1
S-09048;2002;6912;1;REPARACION AUTOMOVILES Y BICICLETAS;2
S-09049;2002;731;2;ABOGADOS;1
S-09049;2002;8561;1;ALQUILER DE BIENES DE CONSUMO;1
S-09049;2002;8562;1;ALQUILER DE PELICULAS DE VIDEO;1
S-09049;2002;812;1;CAJAS DE AHORRO;1
S-09049;2002;6532;1;COM.MEN.APARATOS DE USO DOMESTICO;1
S-09049;2002;6539;1;COM.MEN.ART.HOGAR NCOP;1
S-09049;2002;6553;1;COM.MEN.CARBURANTES Y ACEITES VEHICULOS;1
S-09049;2002;6423;1;COM.MEN.CARNICERIAS-SALCHICHERIAS;2
S-09049;2002;6531;1;COM.MEN.MUEBLES (EXCEPTO OFICINA);1
S-09049;2002;6512;1;COM.MEN.PRENDAS DE VESTIR Y TOCADO;3
S-09049;2002;6472;1;COM.MEN.PTOS.ALIMENTICIOS MENOS 120 M2;1
S-09049;2002;6471;1;COM.MEN.PTOS.ALIMENTICIOS Y BEBIDAS;2
S-09049;2002;6523;1;COM.MEN.PTOS.PERFUMERIA Y COSMETICA;1
S-09049;2002;6464;1;COM.MEN.TABACO CON VENTA POR RECARGO;2
S-09049;2002;6541;1;COM.MEN.VEHICULOS TERRESTRES;1
S-09049;2002;7515;1;ENGRASE Y LAVADO DE VEHICULOS;1
S-09049;2002;6521;1;FARMACIAS;1
S-09049;2002;683;1;HOSPEDAJES EN FONDAS Y CASAS HUESPEDES;1
S-09049;2002;9339;1;OTROS ACTIV. ENSEùANZA;1
S-09049;2002;6779;1;OTROS SERV. ALIMENTACION - RESTAURACION;1
S-09049;2002;6715;1;RESTAURANTES DE UN TENEDOR;1
S-09049;2002;9733;1;SERV. COPIAS DOCUMENTOS MAQ.FOTOCOPIA;1
S-09049;2002;834;1;SERV. PROPIEDAD INMOBILIARIA E INDUSTRIA;1
S-09049;2002;9731;1;SERVICIOS FOTOGRAFICOS;1
S-09050;2002;6173;1;COM.MAY. MADERA Y CORCHO;1
S-09050;2002;6532;1;COM.MEN.APARATOS DE USO DOMESTICO;1
S-09050;2002;6593;1;COM.MEN.APARATOS MEDICOS, ORTOPEDICOS;1
S-09050;2002;6596;1;COM.MEN.JUGUETES,ART.DEPORTE,ARMAS...;1
S-09050;2002;6594;1;COM.MEN.LIBROS,PERIODICOS,REVISTAS.;1
S-09050;2002;6441;1;COM.MEN.PAN,PASTELES,CONFITERIA,LACTEOS;2
S-09050;2002;6464;1;COM.MEN.TABACO CON VENTA POR RECARGO;1
S-09050;2002;6622;1;COM.MEN.TODA CLASE ART. EN OTROS LOCALES;1
S-09050;2002;833;2;ESTOMATOLOGOS;1
S-09050;2002;6732;1;OTROS CAFES Y BARES;2
S-09050;2002;6912;1;REPARACION AUTOMOVILES Y BICICLETAS;1
S-09050;2002;9721;1;SERV. PELUQUERIA SEùORAS Y CABALLEROS;1
S-09055;2002;4685;1;ACTIV. ANEXAS IND. MUEBLE;2
S-09055;2002;474;1;ARTES GRAFICAS (IMPRESION GRAFICA);3
S-09055;2002;4912;1;BISUTERIA;1
S-09055;2002;6179;1;COM.MAY.INTERINDUSTRIAL EXCEP. QUIMICA;1
S-09055;2002;453;1;CONFECC. TODA CLASE PRENDAS VESTIR;1
S-09055;2002;3221;1;CONS. MAQUINAS PARA TRABAJAR METALES;1
S-09055;2002;3299;1;CONST. OTRAS MAQ. Y EQUIPOS NCOP;1
S-09055;2002;4822;1;FAB. ART. ACABADOS MATERIAS PLASTICAS;4
S-09055;2002;4733;1;FAB. ART. OFICINA, ESCRITORIO, EN PAPEL;1
S-09055;2002;4351;1;FAB. GENEROS DE PUNTO EN PIEZA;1
S-09055;2002;3161;1;FAB. HERRAMIENTAS MANUALES;1
S-09055;2002;4681;1;FAB. MOBILIARIO DE MADERA PARA EL HOGAR;5
S-09055;2002;4819;1;FAB. OTROS ART. CAUCHO NCOP;1
S-09055;2002;4959;1;FAB. OTROS ART. NCOP;1
S-09055;2002;3167;1;FAB. RECIPIENTES Y ENVASES METALICOS;2
S-09055;2002;463;1;FAB. SERIE PIEZAS DE CARPINTERIA;3
S-09055;2002;2462;1;FAB. VIDRIO HUECO;1
S-09055;2002;4421;1;FAB.ART. MARROQUINERIA Y VIAJE;1
S-09055;2002;354;1;FAB.COMPONENTES ELECTRONICOS Y CIRCUITOS;3
S-09055;2002;3261;1;FAB.ENGRANAJES,CADENAS DE TRANSMISION;1
S-09055;2002;363;1;FAB.EQUIPO,COMPONENTES,REPUESTOS, COCHES;2
S-09055;2002;342;1;FAB.MATERIAL ELECTRICO DE USO Y EQUIP.;2
S-09055;2002;3223;1;FAB.UTILES PARA MAQUINAS HERRAMIENTAS;1
S-09055;2002;312;1;FORJA,ESTAMPADO,EMBUTICION,TROQUELADO;1
S-09055;2002;7512;1;GUARDIA Y CUSTODIA VEHICULOS  PARKING ;1
S-09055;2002;4192;1;INDUST. BOLLERIA Y PASTELERIA;1
S-09055;2002;4911;1;JOYERIA;1
S-09055;2002;3169;1;OTROS ART. ACABADOS EN METALES NCOP;3
S-09055;2002;199;2;OTROS PROF. RELAC. ENERGIA,MINERIA,QUIM.;1
S-09055;2002;6911;1;REPARACION ART. ELECTRODOMESTICOS;1
S-09055;2002;692;1;REPARACION DE MAQUINARIA INDUSTRIAL;2
S-09055;2002;3191;1;TALLERES DE MECANICA EN GENERAL;12
S-09055;2002;3163;1;TORNILLERIA Y ART. DERIVADOS ALAMBRE;1
S-09055;2002;313;1;TRATAMIENTO Y RECUBRIMIENTO DE METALES;6
S-09057;2002;712;2;AGENTES Y CORREDORES DE SEGUROS;1
S-09057;2002;8541;1;ALQUILER AUTOMOVILES SIN CONDUCTOR;1
S-09057;2002;8562;1;ALQUILER DE PELICULAS DE VIDEO;1
S-09057;2002;852;1;ALQUILER MAQUINARIA Y EQUIP. CONSTRUCC.;1
S-09057;2002;811;1;BANCA;1
S-09057;2002;812;1;CAJAS DE AHORRO;2
S-09057;2002;6613;1;COM.MEN.ALMACENES POPULARES;1
S-09057;2002;6532;1;COM.MEN.APARATOS DE USO DOMESTICO;3
S-09057;2002;6533;1;COM.MEN.ART.MENAJE,FERRETERIA,ADORNO;2
S-09057;2002;6545;1;COM.MEN.DE TODA CLASE DE MAQUINARIA;1
S-09057;2002;641;1;COM.MEN.FRUTAS,VERDURAS;1
S-09057;2002;6596;1;COM.MEN.JUGUETES,ART.DEPORTE,ARMAS...;1
S-09057;2002;6594;1;COM.MEN.LIBROS,PERIODICOS,REVISTAS.;2
S-09057;2002;6534;1;COM.MEN.MATERIALES DE CONSTRUCCION;1
S-09057;2002;6531;1;COM.MEN.MUEBLES (EXCEPTO OFICINA);5
S-09057;2002;6592;1;COM.MEN.MUEBLES Y MAQUINAS DE OFICINA;1
S-09057;2002;6441;1;COM.MEN.PAN,PASTELES,CONFITERIA,LACTEOS;3
S-09057;2002;6512;1;COM.MEN.PRENDAS DE VESTIR Y TOCADO;4
S-09057;2002;6474;1;COM.MEN.PTOS.ALIMENTICIOS SUP.400 M2;1
S-09057;2002;6522;1;COM.MEN.PTOS.DROGUERIA,PERFUMERIA;2
S-09057;2002;6464;1;COM.MEN.TABACO CON VENTA POR RECARGO;2
S-09057;2002;6541;1;COM.MEN.VEHICULOS TERRESTRES;2
S-09057;2002;945;1;CONSULTAS Y CLINICAS VETERINARIAS;1
S-09057;2002;776;2;DRES.LICENC.POLITICAS,SOCIALES,LETRAS;1
S-09057;2002;871;2;EXPENDEDORES OFICIALES LOTERIAS;1
S-09057;2002;4681;1;FAB. MOBILIARIO DE MADERA PARA EL HOGAR;1
S-09057;2002;4959;1;FAB. OTROS ART. NCOP;1
S-09057;2002;353;1;FAB.APARAT.SEùALIZACION,CONTROL;1
S-09057;2002;6521;1;FARMACIAS;1
S-09057;2002;726;2;GRADUADOS SOCIALES;2
S-09057;2002;7511;1;GUARDIA Y CUSTODIA VEHICULOS EN GARAJES;1
S-09057;2002;4191;1;INDUSTRIA DEL PAN Y BOLLERIA;1
S-09057;2002;724;2;INTERMEDIARIOS PROMOCION EDIFICACIONES;1
S-09057;2002;832;2;MEDICOS ESPECIALISTAS;1
S-09057;2002;831;2;MEDICOS MEDICINA GENERAL;1
S-09057;2002;6732;1;OTROS CAFES Y BARES;9
S-09057;2002;6779;1;OTROS SERV. ALIMENTACION - RESTAURACION;1
S-09057;2002;8499;1;OTROS SERVICIOS INDEPENDIENTES NCOP;1
S-09057;2002;6475;1;PTOS.ALIMENTICIOS Y BEB. MAQUINAS;1
S-09057;2002;9733;1;SERV. COPIAS DOCUMENTOS MAQ.FOTOCOPIA;2
S-09057;2002;9721;1;SERV. PELUQUERIA SEùORAS Y CABALLEROS;1
S-09057;2002;834;1;SERV. PROPIEDAD INMOBILIARIA E INDUSTRIA;2
S-09057;2002;922;1;SERVICIOS DE LIMPIEZA;1
S-09057;2002;841;1;SERVICIOS JURIDICOS;1
