CODI_CARRER;CODI_CARRER_INE;SIGLA;NOM_OFICIAL;NOM_CURT;NRE_MIN;NRE_MAX
00005;0801500005;CARRE;Abat Escarré;ABAT ESCARRE;0;39
00010;0801500010;CARRE;Acàcia;ACACIA;1;12
09202;0801509202;CARRE;Acer;ACER;1;48
09944;0801509944;MOLL;Adossat;ADOSSAT;1;999
00040;0801500040;AVGDA;Àfrica;AFRICA;0;0
00045;0801500045;CARRE;Afrodita;AFRODITA;2;38
00050;0801500050;CARRE;Àgueda Mompel;AGUEDA MOMPEL;22;72
00060;0801500060;CARRE;Agustí Montal;AGUSTI MONTAL;1;9999
00130;0801500130;CARRE;Alacant;ALACANT;0;14
03960;0801503960;PSAJE;Albert Llanas;ALBERT LLANAS;1;19
00070;0801500070;CARRE;Alcalde de Móstoles;ALCALDE DE MOSTOLES;0;6
00080;0801500080;PL;Alcalde Manent;ALCALDE MANENT;0;1
09085;0801509085;CARRE;Alcalde Martínez Écija;ALCALDE MARTINEZ ECIJA;1;47
01560;0801501560;PL;Alcalde Xifré;ALCALDE XIFRE;1;41
00100;0801500100;CARRE;Alella;ALELLA;2;6
00105;0801500105;CARRE;Alemanya;ALEMANYA;1;77
00110;0801500110;CARRE;Alfons XII;ALFONS XII;1;799
00120;0801500120;AVGDA;Alfons XIII;ALFONS XIII;0;628
00140;0801500140;AVGDA;Almeria;ALMERIA;0;61
00150;0801500150;CARRE;Almogàvers;ALMOGAVERS;0;15
00160;0801500160;CARRE;Alps;ALPS;2;2
00170;0801500170;CARRE;Alzina;ALZINA;1;8
00180;0801500180;CARRE;Amadeu Vives;AMADEU VIVES;1;41
00190;0801500190;AVGDA;Amèrica;AMERICA;0;102
00200;0801500200;AVGDA;Ametllers;AMETLLERS;1;28
01523;0801501523;PL;Amistat;AMISTAT;0;0
00220;0801500220;CARRE;Ample;AMPLE;1;21
00240;0801500240;PL;Andes;ANDES;1;1
00250;0801500250;CARRE;Andrés Segovia;ANDRES SEGOVIA;1;43
00260;0801500260;CARRE;Aneto;ANETO;1;15
00270;0801500270;CARRE;Àngel Guimerà;ANGEL GUIMERA;1;148
00275;0801500275;CARRE;Anna Tugas;ANNA TUGAS;1;86
00280;0801500280;CARRE;Anselm Clavé;ANSELM CLAVE;1;83
00285;0801500285;CARRE;Anselm Turmeda;ANSELM TURMEDA;0;18
01100;0801501100;CTRA;Antiga de València;ANTIGA DE VALENCIA;2;109
00290;0801500290;CARRE;Antoni Bori;ANTONI BORI;1;120
00295;0801500295;PSAJE;Antoni Bori;ANTONI BORI;35;37
00300;0801500300;CARRE;Antoni Botey;ANTONI BOTEY;1;103
00310;0801500310;CARRE;Antoni Maura;ANTONI MAURA;1;30
00289;0801500289;PL;Antònia Boada i Ros;ANTONIA BOADA I ROS;0;0
09002;0801509002;PL;Antonio Machado;ANTONIO MACHADO;0;0
00320;0801500320;CARRE;Apenins;APENINS;0;64
00030;0801500030;CARRE;Aqüeducte;AQUEDUCTE;1;26
00330;0801500330;PL;Aragó;ARAGO;32;48
00340;0801500340;CARRE;Arboç;ARBOÇ;2;4
02110;0801502110;CARRE;Arbres;ARBRES;1;53
00350;0801500350;CARRE;Arenys de Mar;ARENYS DE MAR;1;11
00360;0801500360;CARRE;Argentona;ARGENTONA;1;10
00090;0801500090;CARRE;Aribau;ARIBAU;1;28
00370;0801500370;CARRE;Arnús;ARNUS;0;93
00380;0801500380;CARRE;Arquimedes;ARQUIMEDES;2;30
00385;0801500385;CARRE;Arquitecte Fradera;ARQUITECTE FRADERA;0;0
00390;0801500390;CARRE;Arquitecte Gaudí;ARQUITECTE GAUDI;1;12
00395;0801500395;CARRE;Àrtemis;ARTEMIS;1;47
03160;0801503160;PL;Artigues;ARTIGAS;1;17
00410;0801500410;CARRE;Àsia;ASIA;0;82
03830;0801503830;PL;Assemblea de Catalunya;ASSEMBLEA CATALUNYA;2;14
00415;0801500415;CARRE;Astronomia;ASTRONOMIA;1;32
00420;0801500420;CARRE;Astúries;ASTURIES;1;20
00425;0801500425;CARRE;Atena;ATENA;1;24
00430;0801500430;CARRE;Atlàntida;ATLANTIDA;1;80
00440;0801500440;PASEO;Atzavares;ATZAVARES;1;17
00450;0801500450;CARRE;Ausiàs Marc;AUSIAS MARC;61;123
00460;0801500460;CARRE;Austràlia;AUSTRALIA;0;18
02130;0801502130;CARRE;Autonomia;AUTONOMIA;1;42
00470;0801500470;CARRE;Azorín;AZORIN;1;10
00480;0801500480;PL;Azorín;AZORIN;0;0
01275;0801501275;CARRE;Babord;BABORD;1;11
00730;0801500730;PL;Bac de Roda;BAC DE RODA;1;14
00710;0801500710;AVGDA;Bac de Roda;BAC DE RODA;1;69
00500;0801500500;CARRE;Badajoz;BADAJOZ;1;20
00510;0801500510;PL;Badalona;BADALONA;0;7
00520;0801500520;CARRE;Bailèn;BAILEN;1;40
00521;0801500521;PSAJE;Bailen A;BAILEN A;15;17
00522;0801500522;PSAJE;Bailen B;BAILEN B;11;13
00523;0801500523;PSAJE;Bailen C;BAILEN C;7;9
00524;0801500524;PSAJE;Bailen D;BAILEN D;3;5
00530;0801500530;CARRE;Baldomer Galofre;BALDOMER GALOFRE;1;28
00540;0801500540;CARRE;Baldomer Solà;BALDOMER SOLA;1;215
00550;0801500550;PL;Balears;BALEARS;19;31
00560;0801500560;CARRE;Balmes;BALMES;1;91
01280;0801501280;CARRE;Banyoles;BANYOLES;0;13
00590;0801500590;PL;Barberà;BARBERA;0;14
00570;0801500570;CRO;Barberà;BARBERA;6;11
00580;0801500580;PSAJE;Barberà;BARBERA;0;11
00600;0801500600;CARRE;Barcelona;BARCELONA;1;50
06510;0801506510;PL;Baró de Maldà;BARO DE MALDA;0;9
06680;0801506680;CARRE;Batista i Roca;BATISTA I ROCA;1;17
00610;0801500610;CARRE;Batllòria;BATLLORIA;0;60
00620;0801500620;CARRE;Beethoven;BEETHOVEN;1;11
00625;0801500625;CARRE;Bèlgica;BELGICA;1;84
00630;0801500630;CARRE;Bellavista;BELLAVISTA;1;66
00650;0801500650;CARRE;Berga;BERGA;1;5
00660;0801500660;CARRE;Berlín;BERLIN;1;6
00655;0801500655;CARRE;Bernat Metge;BERNAT METGE;0;45
03840;0801503840;PL;Bisbe Jubany;BISBE JUBANY;0;0
06640;0801506640;AVGDA;Biscaia;BISCAIA;1;40
00670;0801500670;CARRE;Bogatell;BOGATELL;1;21
00675;0801500675;CARRE;Boix;BOIX;1;14
00680;0801500680;CARRE;Bolívia;BOLIVIA;0;0
00750;0801500750;PSAJE;Bonavista;BONAVISTA;1;21
00740;0801500740;CARRE;Bonavista;BONAVISTA;1;54
00690;0801500690;CAMI;Bosc;BOSC;1;31
04445;0801504445;CARRE;Bòsnia i Hercegovina;BOSNIA I HERCEGOVINA;0;0
00700;0801500700;CARRE;Brasil;BRASIL;0;0
09203;0801509203;CARRE;Bronze;BRONZE;1;48
00720;0801500720;CARRE;Bruc;BRUC;1;40
00760;0801500760;CARRE;Buenos Aires;BUENOS AIRES;1;20
00770;0801500770;AVGDA;Bufalà;BUFALA;1;78
00780;0801500780;CARRE;Burdeus;BURDEUS;1;16
08000;0801508000;;Ca l'Amigo;CA L'AMIGO;0;119
08020;0801508020;;Ca l'Arquer;CA L'ARQUER;0;20
08030;0801508030;;Ca l'Artiller;CA L'ARTILLER;0;81
08330;0801508330;;Ca l'Oliver;CA L'OLIVER;0;0
09010;0801509010;;Ca l'Oms;CA L'OMS;0;0
00800;0801500800;CARRE;Càceres;CACERES;1;40
00810;0801500810;CARRE;Cadaqués;CADAQUES;1;29
00820;0801500820;CARRE;Cadis;CADIS;1;30
08220;0801508220;;Cal Dimoni;CAL DIMONI;0;84
08250;0801508250;;Cal Geperut;CAL GEPERUT;0;82
00830;0801500830;CAMI;Cal Viudet;CAL VIUDET;0;0
00850;0801500850;CARRE;Calderón de la Barca;CALDERON DE LA BARCA;1;142
00860;0801500860;CARRE;Calella;CALELLA;1;19
04620;0801504620;CARRE;Camèlia;CAMELIA;1;71
00875;0801500875;CARRE;Camí dels Xiprers;CAMI DELS XIPRERS;0;0
00880;0801500880;PSAJE;Camí Estret;CAMI ESTRET;1;1
00895;0801500895;CARRE;Campoamor;CAMPOAMOR;0;45
00900;0801500900;CARRE;Camprodon;CAMPRODON;1;55
08040;0801508040;;Can Barbeta;CAN BARBETA;0;74
09012;0801509012;;Can Bosca;CAN BOSCA;0;0
08080;0801508080;;Can Butinya;CAN BUTINYA;0;0
08100;0801508100;;Can Cabra;CAN CABRA;0;22
08110;0801508110;;Can Camas;CAN CAMAS;0;76
00915;0801500915;CAMI;Can Campmany;CAN CAMPMANY;0;10
08120;0801508120;;Can Campmany;CAN CAMPMANY;0;67
08140;0801508140;;Can Cervera;CAN CERVERA;0;120
08160;0801508160;;Can Coll;CAN COLL;0;73
08180;0801508180;;Can Colomer;CAN COLOMER;0;12
08170;0801508170;;Can Comes;CAN COMES;0;0
08175;0801508175;;Can Costa;CAN COSTA;0;118
08200;0801508200;;Can Devesa;CAN DEVESA;0;0
08210;0801508210;;Can Devesa (vell);CAN DEVESA (VELL);0;0
08230;0801508230;;Can Ferrater;CAN FERRATER;0;46
08240;0801508240;;Can Grapa;CAN GRAPA;0;99
00910;0801500910;CARRE;Can Llagosta;CAN LLAGOSTA;1;9999
08260;0801508260;;Can Mas;CAN MAS;0;0
08290;0801508290;;Can Miravitges;CAN MIRAVITGES;0;16
08300;0801508300;;Can Mora;CAN MORA;0;129
08305;0801508305;ZONA;Can Mora-Monestir Sant Jeroni;CAN MORA-MONESTIR SANT JERONI;0;0
08337;0801508337;;Can Nadal;CAN NADAL;0;104
08340;0801508340;;Can Perrot;CAN PERROT;0;0
08360;0801508360;;Can Pontons;CAN PONTONS;0;7
09035;0801509035;;Can Rafaller;CAN RAFALLER;0;0
09030;0801509030;;Can Ribo;CAN RIBO;0;0
09014;0801509014;;Can Ros;CAN ROS;0;102
09018;0801509018;CAMI;Can Ruti;CAN RUTI;1;17
00925;0801500925;;Can Ruti;CAN RUTI;0;0
08364;0801508364;CTRA;Can Ruti;CAN RUTI;0;0
08390;0801508390;;Can Sabata;CAN SABATA;0;78
08395;0801508395;;Can Savoia;CAN SAVOIA;0;0
00930;0801500930;CARRE;Can Tiano;CAN TIANO;0;67
08400;0801508400;;Can Tiano;CAN TIANO;0;0
09001;0801509001;;Can Trencalos;CAN TRENCALOS;0;0
08410;0801508410;;Can Trons;CAN TRONS;0;0
08420;0801508420;;Can Vestit;CAN VESTIT;0;0
00940;0801500940;PL;Canàries;CANARIES;15;22
00950;0801500950;CARRE;Canelones;CANELONES;1;30
00960;0801500960;CARRE;Canigó;CANIGO;1;30
00970;0801500970;CARRE;Canonge Baranera;CANONGE BARANERA;1;139
00972;0801500972;CARRE;Cantàbria;CANTABRIA;1;20
00980;0801500980;RIERA;Canyadó;CANYADO;0;25
01000;0801501000;CTRA;Canyet;CANYET;0;181
01010;0801501010;RIERA;Canyet;CANYET;0;45
09942;0801509942;MOLL;Capitania;CAPITANIA;1;999
01015;0801501015;ZONA;Caravana-Conreria;CARAVANA-CONRERIA;0;0
01030;0801501030;CARRE;Cardenal Cisneros;CARDENAL CISNEROS;1;21
01830;0801501830;AVGDA;Cardenal Vidal i Barraquer;CNAL VIDAL BARRAQUER;0;35
01050;0801501050;CARRE;Caritat;CARITAT;1;67
01060;0801501060;AVGDA;Caritg;CARITG;0;145
01070;0801501070;AVGDA;Carlemany;CARLEMANY;0;34
01080;0801501080;CARRE;Carles I;CARLES I;1;75
01090;0801501090;CARRE;Carme;CARME;1;84
01095;0801501095;CARRE;Carme Amaya;CARMEN AMAYA;1;18
04955;0801504955;ZONA;Carrer Palamos;CARRER PALAMOS;0;0
04700;0801504700;PL;Casagemes;CASAGEMAS;1;20
01120;0801501120;CARRE;Casas i Amigó;CASAS I AMIGO;1;92
01130;0801501130;AVGDA;Castanyers;CASTANYERS;1;23
08480;0801508480;;Castell de Gotmar;CASTELL DE GOTMAR;0;0
01140;0801501140;PL;Castella;CASTELLA;0;0
01150;0801501150;CARRE;Castillejos;CASTILLEJOS;1;32
00490;0801500490;CARRE;Catalònia;CATALONIA;0;13
01160;0801501160;AVGDA;Catalunya;CATALUNYA;1;91
01210;0801501210;CARRE;Centelles;CENTELLES;1;16
09201;0801509201;CARRE;Ceràmica;CERAMICA;0;47
01215;0801501215;AVGDA;Cerdanya;CERDANYA;0;101
01230;0801501230;CARRE;Cervantes;CERVANTES;0;292
01240;0801501240;CARRE;Cervereta;CERVERETA;0;21
01510;0801501510;CARRE;Chopin;CHOPIN;1;29
01245;0801501245;PL;Churruca;CHURRUCA;0;0
01250;0801501250;CARRE;Cid Campeador;CID CAMPEADOR;1;26
01255;0801501255;CARRE;Ciència;CIENCIA;0;15
01260;0801501260;CARRE;Circumval·lació;CIRCUMVAL·LACIO;2;148
01270;0801501270;CARRE;Cirerers;CIRERERS;1;7
09090;0801509090;PL;Ciutat de San Carlos de Nicaragua;C S CARLOS NICARAGUA;1;4
01290;0801501290;CARRE;Clavells;CLAVELLS;1;4
01310;0801501310;CARRE;Coll i Pujol;COLL I PUJOL;1;243
01300;0801501300;CARRE;Colom;COLOM;1;82
01325;0801501325;PSAJE;Comabona;COMA BONA;1;14
01330;0801501330;PSAJE;Comerç;COMERÇ;0;9999
01335;0801501335;AVGDA;Comunitat Europea;COMUNITAT EUROPEA;0;79
01340;0801501340;CARRE;Concha Espina;CONCHA ESPINA;1;27
01355;0801501355;CARRE;Concòrdia;CONCORDIA;0;6
01345;0801501345;AVGDA;Conflent;CONFLENT;0;47
01350;0801501350;AVGDA;Congrés Eucarístic;CONGRES EUCARISTIC;0;31
01360;0801501360;CARRE;Conquista;CONQUISTA;1;161
01370;0801501370;CTRA;Conreria;CONRERIA;0;0
09005;0801509005;RIERA;Conreria;CONRERIA;0;0
01380;0801501380;PL;Constitució;CONSTITUCIO;1;11
01525;0801501525;CARRE;Corders;CORDERS;1;28
01400;0801501400;CARRE;Còrdova;CORDOVA;1;37
01390;0801501390;CARRE;Còrsega;CORSEGA;0;60
01420;0801501420;CARRE;Cortijo;CORTIJO;1;13
01410;0801501410;CARRE;Corts;CORTS;0;43
01435;0801501435;CARRE;Cosidores;COSIDORES;0;0
01430;0801501430;CARRE;Costa;COSTA;1;52
01440;0801501440;CARRE;Covadonga;COVADONGA;0;16
01460;0801501460;CARRE;Creu;CREU;1;120
01470;0801501470;CARRE;Cuba;CUBA;1;65
01480;0801501480;PL;Cuba;CUBA;0;0
01490;0801501490;PSAJE;Cussó;CUSSO;0;0
01520;0801501520;CARRE;Dalt;DALT;1;53
02150;0801502150;CARRE;Democràcia;DEMOCRACIA;0;84
01540;0801501540;CARRE;Diagonal de la Costa Brava;DIAGONAL COSTA BRAVA;1;47
01535;0801501535;CARRE;Diana;DIANA;0;27
01545;0801501545;CARRE;Dinamarca;DINAMARCA;0;0
01530;0801501530;CARRE;Dipòsit;DIPOSIT;0;40
01580;0801501580;PL;Doctor Bassols;DOCTOR BASSOLS;0;0
01570;0801501570;AVGDA;Doctor Bassols;DOCTOR BASSOLS;0;180
01590;0801501590;CARRE;Doctor Daudí;DOCTOR DAUDI;0;25
01600;0801501600;CARRE;Doctor Ferran;DOCTOR FERRAN;1;12
01610;0801501610;PL;Doctor Fleming;DOCTOR FLEMING;0;16
00400;0801500400;CARRE;Doctor Modrego;DOCTOR MODREGO;0;37
06130;0801506130;CARRE;Doctor Robert;DOCTOR ROBERT;1;234
03780;0801503780;CARRE;Doctor Trueta;DOCTOR TRUETA;1;59
01640;0801501640;CARRE;Don Pelai;DON PELAYO;0;109
01645;0801501645;PSAJE;Dopla;DOPLA;1;19
01650;0801501650;CARRE;Dos de Maig;DOS DE MAIG;1;75
01595;0801501595;CARRE;Drac;DRAC;1;7
01660;0801501660;CARRE;Echegaray;ECHEGARAY;1;31
01670;0801501670;GRUP;Edificis de Sant Jordi;EDIFICIS SANT JORDI;0;0
01680;0801501680;CARRE;Eduard Flò;EDUARD FLO;0;3
01690;0801501690;CARRE;Eduard Maristany;EDUARD MARISTANY;0;434
01700;0801501700;CARRE;Eduard Marquina;EDUARD MARQUINA;0;51
02400;0801502400;CARRE;Eivissa;EIVISSA;1;32
09011;0801509011;;El Castellet;EL CASTELLET;0;0
01780;0801501780;CARRE;El Escorial;ESCORIAL;1;66
09204;0801509204;CARRE;Electrònica;ELECTRONICA;2;48
01710;0801501710;CARRE;Eliseu Meifrèn;ELISEU MEIFREN;1;50
01715;0801501715;CARRE;Elvis Presley;ELVIS PRESLEY;1;36
08450;0801508450;;Emissora r e eaj-15;EMISSORA R E EAJ-15;0;0
00210;0801500210;CARRE;Empordà;EMPORDA;1;52
03330;0801503330;PSAJE;Encants;ENCANTS;0;33
09205;0801509205;CARRE;Energia;ENERGIA;0;83
03275;0801503275;PL;Enginyer Deulofeu;ENGINYER DEULOFEU;0;0
03270;0801503270;CARRE;Enginyer Deulofeu;ENGINYER DEULOFEU;2;14
01720;0801501720;CARRE;Enric Borràs;ENRIC BORRAS;1;75
01730;0801501730;CARRE;Enric Granados;ENRIC GRANADOS;1;46
01740;0801501740;PL;Enric Morera;ENRIC MORERA;1;1
01760;0801501760;CARRE;Eres;ERES;1;9999
08430;0801508430;;Ermita Sant Climent;ERMITA SANT CLIMENT;0;0
08440;0801508440;;Ermita Sant Onofre;ERMITA SANT ONOFRE;0;0
02740;0801502740;CARRE;Escala;L'ESCALA;0;4
01770;0801501770;CARRE;Escales;ESCALES;1;10
01785;0801501785;CARRE;Escorxador;ESCORXADOR;0;7
01790;0801501790;CARRE;Escultor Clarà;ESCULTOR CLARA;36;85
04670;0801504670;CARRE;Escultor Juli González;ESCULTOR JULI GONZALEZ;1;12
01800;0801501800;CARRE;Escultor Llimona;ESCULTOR LLIMONA;1;39
03290;0801503290;CARRE;Escultor Manolo Hugué;ESC MANOLO HUGUE;1;57
01810;0801501810;CARRE;Escultor Salcillo;ESCULTOR SALCILLO;1;22
01820;0801501820;PL;Espanya;ESPANYA;0;0
01840;0801501840;CARRE;Estadi;ESTADI;1;32
01845;0801501845;CARRE;Estiu;ESTIU;1;37
01850;0801501850;CARRE;Estrella;ESTRELLA;1;113
01855;0801501855;CARRE;Estribord;ESTRIBORD;1;28
01865;0801501865;CARRE;Estrop;ESTROP;1;4
01860;0801501860;PL;Eucaliptus;EUCALIPTUS;0;4
01870;0801501870;CARRE;Europa;EUROPA;1;94
01880;0801501880;AVGDA;Extremadura;EXTREMADURA;31;31
03910;0801503910;CARRE;Federico García Lorca;FEDERICO GARCIA LORCA;1;30
01890;0801501890;CARRE;Felip II;FELIP II;1;65
01900;0801501900;PSAJE;Felip Pedrell;FELIP PEDRELL;1;9998
01040;0801501040;CARRE;Feliu i Vegués;FELIU I VEGUES;1;17
01895;0801501895;CARRE;Ferrater;FERRATER;31;44
09016;0801509016;;Ferrater;FERRATER;0;43
09017;0801509017;CAMI;Ferrater;FERRATER;0;46
01910;0801501910;AVGDA;Ferrater;FERRATER;2;7
01915;0801501915;CARRE;Ferrer Bassa;FERRER BASSA;1;30
01920;0801501920;CARRE;Figueres;FIGUERES;1;31
01905;0801501905;CARRE;Filosofia;FILOSOFIA;1;9998
01917;0801501917;CARRE;Física;FISICA;0;2
01940;0801501940;CARRE;Floridablanca;FLORIDABLANCA;1;50
01950;0801501950;CARRE;Fluvià;FLUVIA;0;67
01960;0801501960;CARRE;Fogars de Tordera;FOGARS DE TORDERA;0;47
02040;0801502040;PL;Font;FONT;0;15
02030;0801502030;CARRE;Font;FONT;1;9999
02045;0801502045;CAMI;Font de l'Amigó;FONT DE L'AMIGO;1;77
01980;0801501980;CARRE;Font i Escolà;FONT I ESCOLA;1;79
01985;0801501985;CARRE;Formentera;FORMENTERA;1;13
02000;0801502000;PSAJE;Fortuny;FORTUNY;1;9999
01990;0801501990;CARRE;Fortuny;FORTUNY;1;27
02020;0801502020;CARRE;Fra Basili de Sant Josep;FRA BASILI DE SANT JOSEP;1;3
02115;0801502115;RBLA;França;FRANÇA;1;57
01615;0801501615;PL;Francesc d'Assís Niubó i Mary;DOCTOR NIUBO;0;0
02120;0801502120;CARRE;Francesc Layret;FRANCESC LAYRET;1;205
06410;0801506410;CARRE;Francesc Macià;FRANCESC MACIA;1;104
02010;0801502010;CARRE;Francesc Planas i Casals;FRANCESC PLANAS I CASALS;1;142
02125;0801502125;CARRE;Frederic Mompou;FREDERIC MOMPOU;0;16
09020;0801509020;;Fregons;FREGONS;2;10
01190;0801501190;CARRE;Gaietà Soler;GAIETA SOLER;1;21
02050;0801502050;CARRE;Galícia;GALICIA;1;43
02060;0801502060;CARRE;Galileu;GALILEO;1;55
02085;0801502085;CARRE;Garbí;GARBI;1;75
02070;0801502070;CARRE;Garcilaso;GARCILASO;1;53
02080;0801502080;CARRE;Garriga;GARRIGA;1;237
02090;0801502090;PASEO;Garrofers;GARROFERS;1;23
02095;0801502095;PL;Gas;GAS;1;7
02100;0801502100;CARRE;Gavà;GAVA;1;3
02155;0801502155;CARRE;General Moragues;GENERAL MORAGUES;1;68
02160;0801502160;CARRE;General Weyler;GENERAL WEYLER;0;288
02170;0801502170;CARRE;Gènova;GENOVA;1;12
02340;0801502340;CARRE;Germà Bernabé;GERMA BERNABE;1;8
02355;0801502355;CARRE;Germà Juli;GERMA JULI;1;22
02190;0801502190;CARRE;Ginebre;GINEBRE;1;22
02200;0801502200;CARRE;Ginesta;GINESTA;1;29
02180;0801502180;CARRE;Girona;GIRONA;1;45
02210;0801502210;PSAJE;Glòria;GLORIA;1;60
02220;0801502220;CARRE;Góngora;GONGORA;13;31
02230;0801502230;CARRE;Goya;GOYA;1;22
02240;0801502240;CARRE;Gràcia;GRACIA;1;49
02255;0801502255;CARRE;Gran Bretanya;GRAN BRETANYA;0;82
02250;0801502250;CARRE;Granada;GRANADA;1;26
02260;0801502260;CARRE;Granollers;GRANOLLERS;1;14
02270;0801502270;CARRE;Gravina;GRAVINA;1;11
02275;0801502275;CARRE;Grècia;GRECIA;0;0
02285;0801502285;CARRE;Gregal;GREGAL;0;46
02280;0801502280;CARRE;Guasch;GUASCH;1;109
02290;0801502290;CARRE;Güell i Ferrer;GUELL I FERRER;0;106
02995;0801502995;CARRE;Guerau de Liost;GUERAU DE LIOST;1;18
06660;0801506660;CARRE;Guifré;GUIFRE;82;867
09211;0801509211;AVGDA;Guix;GUIX;2;24
02310;0801502310;CARRE;Guixeras;GUIXERAS;1;85
02320;0801502320;CAMI;Guixeres;GUIXERES;0;0
02330;0801502330;CARRE;Havana;HAVANA;1;34
02360;0801502360;CARRE;Hipòlit Lázaro;HIPOLITO LAZARO;1;79
02375;0801502375;CARRE;Holanda;HOLANDA;1;80
02370;0801502370;AVGDA;Hospitalet;HOSPITALET;0;0
02380;0801502380;CARRE;Huelva;HUELVA;0;11
02405;0801502405;CARRE;Ibèria;IBERIA;0;18
02410;0801502410;CARRE;Ignasi Iglésias;IGNASI IGLESIAS;0;50
02420;0801502420;CARRE;Igualada;IGUALADA;1;1
02430;0801502430;CARRE;Independència;INDEPENDENCIA;1;383
02440;0801502440;CARRE;Indústria;INDUSTRIA;1;629
02450;0801502450;CARRE;Iquique;IQUIQUE;2;46
02460;0801502460;CARRE;Iris;IRIS;1;86
02465;0801502465;CARRE;Irlanda;IRLANDA;0;0
02470;0801502470;CARRE;Isaac Albéniz;ISAAC ALBENIZ;1;43
02480;0801502480;CARRE;Isaac Peral;ISAAC PERAL;1;65
02485;0801502485;CARRE;Isidre Nonell;ISIDRE NONELL;1;26
02490;0801502490;AVGDA;Itàlia;ITALIA;0;5
02520;0801502520;PL;Jacint Verdaguer;JACINT VERDAGUER;0;0
02510;0801502510;CARRE;Jacint Verdaguer;JACINT VERDAGUER;1;30
02500;0801502500;CARRE;Jacinto Benavente;JACINTO BENAVENTE;1;36
02530;0801502530;CARRE;Jaén;JAEN;0;0
02540;0801502540;CARRE;Jaume Borràs;JAUME BORRAS;1;26
02560;0801502560;CARRE;Jaume I el Conqueridor;JAUME I EL CONQUERIDOR;1;27
02565;0801502565;CARRE;Jaume Passarell;JAUME PASSARELL;0;0
02570;0801502570;CARRE;Jaume Ribó;JAUME RIBO;0;58
02580;0801502580;CARRE;Jaume Solà;JAUME SOLA;1;11
02590;0801502590;CARRE;Jerez de la Frontera;JEREZ DE LA FRONTERA;0;17
02600;0801502600;CARRE;Jerusalem;JERUSALEM;1;24
02610;0801502610;CARRE;Jesús;JESUS;1;20
02145;0801502145;CARRE;Joan Amigó i Barriga;JOAN AMIGO I BARRIGA;0;0
01630;0801501630;CARRE;Joan d'Àustria;JOAN D'AUSTRIA;0;52
02135;0801502135;CARRE;Joan Junceda;JOAN JUNCEDA;0;0
02138;0801502138;PL;Joan Miró;JOAN MIRO;1;16
02140;0801502140;CARRE;Joan Peiró;JOAN PEIRO;0;76
02675;0801502675;CARRE;Joan Vidal i Prat;JOAN VIDAL I PRAT;0;0
02650;0801502650;AVGDA;Joan XXIII;JOAN XXIII;1;57
01975;0801501975;PL;Joaquim Font i Cussó;FONT I CUSSO;1;4
02635;0801502635;CARRE;Joaquim Ruyra;JOAQUIM RUYRA;1;22
02618;0801502618;CARRE;Joaquim Vayreda;JOAQUIM VAYREDA;1;44
02690;0801502690;CARRE;Jocs Florals;JOCS FLORALS;1;42
02670;0801502670;CARRE;Johann Sebastian Bach;JOAN SEBASTIA BACH;1;28
02625;0801502625;CARRE;John Lennon;JOHN LENNON;0;47
02630;0801502630;PSAJE;José María de Pereda;JOSEP M DE PEREDA;1;22
09318;0801509318;PSAJE;Josep Gironés;JOSEP GIRONES;1;23
09080;0801509080;CARRE;Josep Maria Cuyàs i Tolosa;JOSEP MARIA CUYAS I TOLOSA;1;16
05055;0801505055;CARRE;Josep Maria de Sagarra;JOSEP M DE SEGARRA;1;35
02633;0801502633;CARRE;Josep Maria Sert;JOSEP MARIA SERT;1;38
08515;0801508515;CARRE;Josep Vicenç Foix;JOSEP VICENÇ FOIX;0;37
02640;0801502640;CARRE;Jovellar;JOVELLAR;1;20
02660;0801502660;CARRE;Juan de la Cierva;JUAN DE LA CIERVA;1;35
02680;0801502680;CARRE;Juan Valera;JUAN VALERA;1;248
02710;0801502710;CARRE;Juli Garreta;JULI GARRETA;0;8
00485;0801500485;CARRE;Julián Gayarre;JULIAN GAYARRE;1;17
02700;0801502700;CARRE;Julio Galve Brusson;JULI GALVE BRUSSON;1;127
07061;0801507061;CARRE;Jumella;JUMILLA;32;58
02730;0801502730;CARRE;Júpiter;JUPITER;1;15
02770;0801502770;CARRE;Laietània;LAIETANIA;1;39
03680;0801503680;CARRE;Las Navas de Tolosa;NAVAS DE TOLOSA;1;23
02760;0801502760;CARRE;Latrilla;LATRILLA;1;38
02800;0801502800;CARRE;Lepant;LEPANT;1;66
02820;0801502820;CARRE;Linares;LINARES;1;11
02830;0801502830;CARRE;Liszt;LISZT;1;115
02825;0801502825;CARRE;Lituània;LITUANIA;1;38
02870;0801502870;CARRE;Lladó;LLADO;1;73
00505;0801500505;BARRI;Llefia;LLEFIA;0;4
02880;0801502880;CARRE;Llefià;LLEFIA;0;69
02810;0801502810;CARRE;Lleida;LLEIDA;1;38
02785;0801502785;AVGDA;Llenguadoc;LLENGUADOC;0;0
02780;0801502780;CARRE;Lleó;LLEO;0;121
02790;0801502790;CARRE;Lleó Fontova;LLEO FONTOVA;1;76
01320;0801501320;CARRE;Llibertat;LLIBERTAT;1;44
02890;0801502890;CARRE;Llimoners;LLIMONERS;2;8
02900;0801502900;AVGDA;Lloreda;LLOREDA;0;132
02902;0801502902;PL;Lloreda;LLOREDA;0;0
02910;0801502910;CARRE;Lloret de Mar;LLORET DE MAR;1;34
02860;0801502860;CARRE;Lluna;LLUNA;1;46
02835;0801502835;CARRE;Lola Anglada;LOLA ANGLADA;0;0
02840;0801502840;CARRE;Londres;LONDRES;1;32
02850;0801502850;CARRE;Lope de Vega;LOPE DE VEGA;0;11
02855;0801502855;CARRE;Louis Armstrong;LOUIS ARMSTRONG;1;18
02845;0801502845;CARRE;Luxemburg;LUXEMBURG;1;66
02930;0801502930;CARRE;Madoz;MADOZ;1;42
02940;0801502940;CARRE;Madrid;MADRID;0;16
02980;0801502980;CARRE;Magatzem;MAGATZEM;15;133
02989;0801502989;PSAJE;Maignon;MAIGNON;0;19
02990;0801502990;PL;Maignon;MAIGNON;0;18
03000;0801503000;CARRE;Màlaga;MALAGA;0;32
03010;0801503010;CARRE;Malgrat de Mar;MALGRAT DE MAR;1;8
03020;0801503020;CARRE;Mallorca;MALLORCA;1;30
03030;0801503030;CARRE;Manila;MANILA;1;15
03040;0801503040;CARRE;Manresà;MANRESA;0;49
03050;0801503050;CARRE;Manuel de Falla;MANUEL DE FALLA;1;27
09003;0801509003;CARRE;Manuel Fernández Márquez;MANUEL FDEZ MARQUEZ;0;93
03055;0801503055;CARRE;Manuel Moreno Mauricio;MANUEL MORENO MAURICIO;1;41
03060;0801503060;CARRE;Mar;MAR;1;136
09312;0801509312;PSAJE;Mar Adriàtica;MAR ADRIATICA;0;11
09314;0801509314;PSAJE;Mar d'Alborán;MAR D'ALBORAN;1;10
03062;0801503062;CARRE;Mar Egea;MAR EGEA;0;0
03063;0801503063;CARRE;Mar Jònica;MAR JONICA;0;9
03064;0801503064;CARRE;Mar Mediterrània;MAR MEDITERRANIA;0;0
03066;0801503066;CARRE;Mar Negra;MAR NEGRA;0;12
03068;0801503068;CARRE;Mar Tirrena;MAR TIRRENA;0;0
03070;0801503070;CARRE;Maragall;MARAGALL;1;67
03080;0801503080;PSAJE;Marconi;MARCONI;1;28
03085;0801503085;CARRE;Marcus Porcius;MARCUS PORCIUS;1;1
03750;0801503750;CARRE;Mare de Déu de Fàtima;MARE DE DEU FATIMA;3;15
03740;0801503740;PSAJE;Mare de Déu de la Cinta;M DE DEU DE LA CINTA;1;17
03760;0801503760;PSAJE;Mare de Déu de la Fuensanta;M DE DEU FUENSANTA;1;12
03775;0801503775;PSAJE;Mare de Déu de Lorda;MARE DE DEU DE LORDA;1;9999
03770;0801503770;CARRE;Mare de Déu de Lorda;MARE DE DEU DE LORDA;1;177
03790;0801503790;CARRE;Mare de Déu de Pompeia;MARE DE DEU DE POMPEIA;1;50
06600;0801506600;PSAJE;Mare de Déu del Pilar;MARE DE DEU PILAR;1;18
09311;0801509311;PASEO;Mare Nostrum;MARE NOSTRUM;0;53
03090;0801503090;AVGDA;Maresme;MARESME;2;228
06645;0801506645;CARRE;Margarida Xirgu;MARGARIDA XIRGU;1;77
09300;0801509300;PL;Maria Aurèlia Capmany;MARIA AURELIA CAPMANY;1;2
03100;0801503100;CARRE;Maria Auxiliadora;MARIA AUXILIADORA;0;196
03130;0801503130;CARRE;Marià Benlliure;MARIA BENLLIURE;1;154
03135;0801503135;CARRE;Maria Callas;MARIA CALLAS;1;18
03110;0801503110;CARRE;Maria Cristina;MARIA CRISTINA;1;18
03120;0801503120;CARRE;Maria Ward;MARIA WARD;1;9998
03140;0801503140;CARRE;Marina;MARINA;1;78
03145;0801503145;PL;Marinada;MARINADA;1;5
03150;0801503150;CARRE;Mariscal Cabanes;MARISCAL CABANES;1;58
03215;0801503215;PASEO;Marítim;MARITIM;1;27
03170;0801503170;AVGDA;Marquès de Mont-roig;MARQUES DE MONTROIG;0;267
03180;0801503180;AVGDA;Marquès de Sant Mori;MARQUES DE SANT MORI;1;279
02720;0801502720;CARRE;Martí i Julià;MARTI I JULIA;1;82
03200;0801503200;AVGDA;Martí Pujol;MARTI PUJOL;1;735
03220;0801503220;CARRE;Martorell;MARTORELL;1;13
03230;0801503230;CARRE;Mas Felip;MAS FELIP;18;9999
09006;0801509006;;Mas Jornet;MAS JORNET;0;128
00967;0801500967;CAMI;Mas Oliver;MAS OLIVER;80;83
08370;0801508370;;Mas Pujol;MAS PUJOL;0;93
09009;0801509009;CARRE;Mas Pujol;MAS PUJOL;1;41
03260;0801503260;AVGDA;Mas Ram;MAS-RAM;2;19
03225;0801503225;CARRE;Matagalls;MATAGALLS;1;48
03210;0801503210;RIERA;Matamoros;MATAMOROS;1;131
03280;0801503280;CTRA;Mataró;MATARO;0;127
01620;0801501620;PL;Medicina;MEDICINA;1;6
01110;0801501110;CTRA;Mena;MENA;1;68
03300;0801503300;CARRE;Mendelssohn;MENDELSSHON;1;29
03310;0801503310;CARRE;Méndez Núñez;MENDEZ NUÑEZ;1;56
03320;0801503320;CARRE;Menéndez y Pelayo;MENENDEZ I PELAYO;1;9999
03335;0801503335;PSAJE;Meranges;MERANGES;1;14
07050;0801507050;;Mercat La Salut;MERCAT LA SALUT;1;999
07060;0801507060;;Mercat Llefia;MERCAT LLEFIA;1;999
07080;0801507080;;Mercat Maignon;MERCAT MAIGNON;1;999
07140;0801507140;;Mercat Pomar;MERCAT POMAR;1;999
07130;0801507130;;Mercat Sant Roc;MERCAT SANT ROC;1;999
07090;0801507090;;Mercat Torner;MERCAT TORNER;1;999
03350;0801503350;CARRE;Mercè;MERCE;1;94
03360;0801503360;CARRE;Mercuri;MERCURI;1;9999
03240;0801503240;CAMI;Messenuc;MASANUC;1;55
02970;0801502970;CARRE;Mestre Antoni Nicolau;MESTRE ANTONI NICOLAU;0;57
02960;0801502960;CARRE;Mestre Lluís Millet;MESTRE LLUIS MILLET;1;26
09075;0801509075;CARRE;Mestre Pich Santasusana;MESTRE PICH I SANTASUSANA;1;16
03372;0801503372;CAMI;Mig;MIG;0;0
03365;0801503365;CARRE;Migjorn;MIGJORN;0;115
03375;0801503375;CARRE;Miguel Hernández;MIGUEL HERNANDEZ;1;14
03410;0801503410;CARRE;Milà;MILA;1;116
03390;0801503390;CARRE;Milà i Fontanals;MILA I FONTANALS;17;53
03400;0801503400;PSAJE;Milà i Fontanals;MILA I FONTANALS;1;27
03420;0801503420;CARRE;Mina;MINA;1;24
03415;0801503415;CARRE;Minerva;MINERVA;0;0
03370;0801503370;CARRE;Miquel del Prat;MIQUEL DEL PRAT;0;49
03380;0801503380;CARRE;Miquel Servet;MIQUEL SERVET;143;280
03430;0801503430;PASEO;Miranda;MIRANDA;2;28
03440;0801503440;CARRE;Mistral;MISTRAL;0;9999
03445;0801503445;PSAJE;Moixeró;MOIXERO;1;14
03450;0801503450;PSAJE;Moixó;MOIXO;1;28
03460;0801503460;CARRE;Molí de la Torre;MOLI DE LA TORRE;0;203
03470;0801503470;AVGDA;Mònaco;MONACO;1;52
03490;0801503490;CARRE;Monges;MONGES;2;9998
03480;0801503480;CARRE;Monistrol de Montserrat;MONISTROL DE MONTSERRAT;1;14
03500;0801503500;CARRE;Montalegre;MONTALEGRE;1;44
03505;0801503505;RIERA;Montalegre;MONTALEGRE;0;50
03555;0801503555;TRSSI;Montigalà;MONTIGALA;0;87
03530;0801503530;CARRE;Montjuïc;MONTJUIC;1;31
03540;0801503540;CARRE;Montseny;MONTSENY;1;31
03550;0801503550;CARRE;Montserrat;MONTSERRAT;1;136
03560;0801503560;CARRE;Monturiol;MONTURIOL;0;18
04360;0801504360;AVGDA;Morera;MORERA;1;130
03570;0801503570;CARRE;Moreres;MORERES;1;13
03590;0801503590;PSAJE;Morralla;MORRALLA;0;16
03580;0801503580;AVGDA;Morralla;MORRALLA;0;49
04690;0801504690;CARRE;Mossèn Anton;MOSSEN ANTON;1;97
04090;0801504090;PL;Mossèn Joan Baranera;MOSSEN J BARANERA;0;0
03610;0801503610;CARRE;Motril;MOTRIL;1;19
03620;0801503620;CARRE;Mozart;MOZART;1;93
03630;0801503630;CARRE;Muntaner;MUNTANER;0;128
03510;0801503510;CARRE;Muntanya;MUNTANYA;1;57
03640;0801503640;CARRE;Múrcia;MURCIA;0;7
03650;0801503650;CARRE;Murillo;MURILLO;1;37
04490;0801504490;CARRE;Museu;MUSEU;1;43
03660;0801503660;CARRE;Nàpols;NAPOLS;1;52
03700;0801503700;CARRE;Natzaret;NATZARET;1;9999
03670;0801503670;AVGDA;Navarra;NAVARRA;0;14
03690;0801503690;CARRE;Navata;NAVATA;0;80
09095;0801509095;CARRE;Nelson Mandela;NELSON MANDELA;1;30
03712;0801503712;CARRE;Niça;NIÇA;0;0
09941;0801509941;MOLL;Nord;NORD;1;999
03800;0801503800;CARRE;Nou Cases;NOU CASES;0;192
03805;0801503805;CARRE;Nova Cançó;NOVA CANÇO;0;7
03810;0801503810;CARRE;Numància;NUMANCIA;1;29
03820;0801503820;CARRE;Núria;NURIA;1;53
03845;0801503845;CARRE;Occitània;OCCITANIA;0;111
03850;0801503850;CARRE;Oceania;OCEANIA;1;94
03860;0801503860;CARRE;Olesa de Montserrat;OLESA DE MONTSERRAT;1;15
03870;0801503870;PL;Oli;OLI;1;16
03880;0801503880;CARRE;Olivera;OLIVERA;1;10
03890;0801503890;CARRE;Olivera de Sistrells;OLIVERA DE SISTRELLS;1;134
03895;0801503895;PASEO;Olof Palme;OLOF PALME;1;36
03900;0801503900;CARRE;Om;OM;1;11
03905;0801503905;ZONA;Omd_1;OMD_1;0;0
03730;0801503730;CARRE;Onze de Setembre;ONZE DE SETEMBRE;0;21
03920;0801503920;CARRE;Orient;ORIENT;0;34
03930;0801503930;CARRE;Orió;ORIO;1;60
02390;0801502390;CARRE;Osca;OSCA;1;21
03940;0801503940;CARRE;Otger;OTGER;1;65
04590;0801504590;CARRE;Pablo Iglesias;PABLO IGLESIAS;1;28
03980;0801503980;CARRE;Palafrugell;PALAFRUGELL;1;1
03990;0801503990;CARRE;Palamós;PALAMOS;1;19
04020;0801504020;CARRE;Pallaresa;PALLARESA;0;49
04000;0801504000;CARRE;Palmeres;PALMERES;1;26
04015;0801504015;CARRE;Paquita Borràs;PAQUITA BORRAS;0;0
04030;0801504030;CARRE;Paradís;PARADIS;1;15
05150;0801505150;CARRE;Pare Claret;PARE CLARET;5;7
04040;0801504040;CARRE;Parets del Vallès;PARETS DEL VALLES;2;4
04050;0801504050;CARRE;París;PARIS;1;49
03995;0801503995;PL;Patí de Vela;PATI DE VELA;1;2
04100;0801504100;CARRE;Pau;PAU;1;45
05610;0801505610;PL;Pau Casals;PAU CASALS;0;1
00920;0801500920;CARRE;Pau Claris;PAU CLARIS;0;15
04265;0801504265;CARRE;Pau Picasso;PAU PICASSO;2;60
03950;0801503950;CARRE;Pau Piferrer;PAU PIFERRER;1;144
03953;0801503953;CARRE;Pau Rodon;PAU RODON;0;0
03956;0801503956;CARRE;Pau Vila;PAU VILA;1;20
04115;0801504115;CARRE;Pedraforca;PEDRAFORCA;0;47
04120;0801504120;CARRE;Pedrera;PEDRERA;1;11
04130;0801504130;CARRE;Pedro Antonio de Alarcón;PEDRO ANTONIO DE ALARCON;1;33
03970;0801503970;PSAJE;Peius Gener;PEIUS GENER;1;18
04160;0801504160;CAMI;Pelleria;PELLERIA;0;0
04170;0801504170;PL;Pep Ventura;PEP VENTURA;1;34
04150;0801504150;CARRE;Pere III;PERE III;1;49
04140;0801504140;CARRE;Pere Martell;PERE MARTELL;1;257
04180;0801504180;CARRE;Pérez Galdós;PEREZ GALDOS;1;94
04190;0801504190;CARRE;Perú;PERU;1;30
04200;0801504200;CARRE;Pi i Gibert;PI I GIBERT;1;61
04210;0801504210;CARRE;Pi i Margall;PI I MARGALL;0;88
04220;0801504220;CARRE;Pietat;PIETAT;1;29
04230;0801504230;CARRE;Pineda;PINEDA;1;5
04240;0801504240;PASEO;Pins;PINS;1;19
04245;0801504245;ZONA;Pins-Tanger;PINS-TANGER;0;0
04250;0801504250;CARRE;Pintor Brunet;PINTOR BRUNET;1;9
04260;0801504260;CARRE;Pintor Mir;PINTOR MIR;1;15
04268;0801504268;CARRE;Pintor Ribera;PINTOR RIBERA;0;0
04270;0801504270;CARRE;Pintor Rosales;PINTOR ROSALES;1;34
04280;0801504280;CARRE;Pintor Sorolla;PINTOR SOROLLA;1;50
04300;0801504300;CARRE;Pirineus;PIRINEUS;1;84
04290;0801504290;AVGDA;Pius XII;PIUS XII;0;115
09007;0801509007;;Pla del campament;PLA DEL CAMPAMENT;0;0
04340;0801504340;CARRE;Plaça;PLAÇA;1;14
00840;0801500840;PL;Plana;PLANA;0;0
00845;0801500845;PSAJE;Plana;PLANA;1;34
04310;0801504310;CARRE;Planes d'en Sunyol;PLANES D'EN SUNYOL;1;30
03190;0801503190;CARRE;Planeta Mart;PLANETA MART;1;22
09207;0801509207;CARRE;Plàstic;PLASTIC;1;24
04320;0801504320;CARRE;Plàtans;PLATANS;1;19
04330;0801504330;CARRE;Platja;PLATJA;1;18
04335;0801504335;ZONA;Platja-Iris;PLATJA-IRIS;0;0
04380;0801504380;PL;Pomar;POMAR;0;0
04385;0801504385;RIERA;Pomar;POMAR;1;16
04370;0801504370;CTRA;Pomar;POMAR;0;42
04375;0801504375;AVGDA;Pomar;POMAR;0;0
04390;0801504390;CARRE;Pomar de Baix;POMAR DE BAIX;2;82
04401;0801504401;BARRI;Pomar de Dalt;POMAR DE DALT;0;0
04410;0801504410;CARRE;Pompeu Fabra;POMPEU FABRA;1;73
04420;0801504420;CARRE;Ponent;PONENT;1;185
04430;0801504430;PASEO;Pont;PONT;1;19
04440;0801504440;CARRE;Porvenir;PORVENIR;0;62
06400;0801506400;AVGDA;Prat de la Riba;PRAT DE LA RIBA;1;97
04450;0801504450;CARRE;Premià de Mar;PREMIA DE MAR;1;8
00870;0801500870;AVGDA;President Lluís Companys;PRESIDENT COMPANYS;1;272
04460;0801504460;CARRE;Prim;PRIM;1;217
04480;0801504480;CARRE;Primavera;PRIMAVERA;0;69
01170;0801501170;AVGDA;Primer de Maig;PRIMER DE MAIG;0;20
04500;0801504500;CARRE;Príncep d'Astúries;PRINCEP D'ASTURIES;1;44
04510;0801504510;CARRE;Príncep de Bergara;PRINCEP DE BERGARA;1;49
04520;0801504520;CARRE;Progrés;PROGRES;1;415
04525;0801504525;CARRE;Provença;PROVENÇA;0;0
04530;0801504530;CARRE;Providència;PROVIDENCIA;0;183
04540;0801504540;AVGDA;Puigfred;PUIGFRED;2;48
04550;0801504550;CARRE;Puigmal;PUIGMAL;1;55
03520;0801503520;CARRE;Puigsacalm;PUIGSACALM;1;48
04560;0801504560;CARRE;Pujol;PUJOL;1;37
04570;0801504570;CARRE;Quevedo;QUEVEDO;1;100
09943;0801509943;MOLL;Quimet Costa;QUIMET COSTA;1;999
04580;0801504580;CARRE;Quintana Alta;QUINTANA ALTA;1;61
04585;0801504585;ZONA;Quiosc-Andes;QUIOSC-ANDES;0;0
06040;0801506040;CARRE;Rafael Casanova;RAFAEL DE CASANOVAS;1;87
01180;0801501180;PASEO;Rambla;RAMBLA;0;37
04600;0801504600;CARRE;Ramiro de Maeztu;RAMIRO DE MAEZTU;0;68
04605;0801504605;CARRE;Ramon Casas;RAMON CASAS;1;36
04615;0801504615;CARRE;Ramon Llull;RAMON LLULL;0;52
04607;0801504607;CARRE;Ramon Martí i Alsina;RAMON MARTI I ALSINA;1;58
09937;0801509937;CARRE;Ramon Rubial;RAMON RUBIAL;2;8
04610;0801504610;CARRE;Ramón y Cajal;RAMON I CAJAL;1;20
04630;0801504630;CARRE;Rector;RECTOR;1;99
04070;0801504070;PL;Rector Rifé;RECTOR RIFE;3;3
04640;0801504640;CARRE;Reina Elisenda;REINA ELISENDA;1;47
04645;0801504645;ZONA;Renfe;RENFE;0;0
04650;0801504650;CARRE;República Argentina;REPUBLICA ARGENTINA;1;112
04660;0801504660;CARRE;República Portuguesa;REPUBLICA PORTUGUESA;1;59
09023;0801509023;;Res minusvalids psiq;RES MINUSVALIDS PSIQ;0;0
09022;0801509022;;Residencia Trias i P;RESIDENCIA TRIAS I P;0;0
04680;0801504680;CARRE;Reus;REUS;1;23
04710;0801504710;CARRE;Ribas i Perdigó;RIBAS I PERDIGO;0;53
09945;0801509945;MOLL;Ribera;RIBERA;1;999
04720;0801504720;CARRE;Richard Strauss;RICARD STRAUSS;2;68
04830;0801504830;CARRE;Ripoll;RIPOLL;1;29
04735;0801504735;PSAJE;Riu Congost;RIU CONGOST;1;32
04739;0801504739;PSAJE;Riu Ebre;RIU EBRE;1;9
04750;0801504750;PSAJE;Riu Francolí;RIU FRANCOLI;1;6
04760;0801504760;PSAJE;Riu Freser;RIU FRESSER;1;12
04780;0801504780;PSAJE;Riu Llobregat;RIU LLOBREGAT;1;19
04785;0801504785;PSAJE;Riu Mogent;RIU MOGENT;0;9
08310;0801508310;PL;Riu Muga;RIU MUGA;1;16
04790;0801504790;PSAJE;Riu Noguera;RIU NOGUERA;1;8
04800;0801504800;PSAJE;Riu Onyar;RIU ONYAR;1;7
04810;0801504810;PSAJE;Riu Segre;RIU SEGRE;1;10
04820;0801504820;PSAJE;Riu Ter;RIU TER;1;20
04825;0801504825;PSAJE;Riu Tordera;RIU TORDERA;0;0
04850;0801504850;CARRE;Rius i Taulet;RIUS I TAULET;1;51
04860;0801504860;CARRE;Rivero;RIVERO;0;86
04870;0801504870;PL;Roca i Pi;ROCA I PI;0;12
04880;0801504880;PSAJE;Rodó;RODO;0;20
04890;0801504890;CARRE;Rodrigo Caro;RODRIGO CARO;64;102
04900;0801504900;CARRE;Roger de Flor;ROGER DE FLOR;1;175
04910;0801504910;CARRE;Roger de Llúria;ROGER DE LLURIA;0;24
04915;0801504915;PL;Roja;ROJA;0;0
04920;0801504920;AVGDA;Roma;ROMA;1;54
04930;0801504930;CARRE;Roncesvalls;RONCESVALLES;1;20
04940;0801504940;AVGDA;Ros i Güell;ROS I GUELL;1;57
04950;0801504950;PSAJE;Ros i Güell;ROS I GUELL;1;4
04985;0801504985;PL;Rosa dels Vents;ROSA DELS VENTS;1;9999
04935;0801504935;CARRE;Rosella;ROSELLA;0;12
04960;0801504960;CARRE;Rosselló;ROSSELLO;1;12
04965;0801504965;CARRE;Rossini;ROSSINI;0;9999
04065;0801504065;ZONA;Roulotte Pomar;ROULOTTE POMAR;0;0
04970;0801504970;CARRE;Roure;ROURE;1;13
04980;0801504980;CARRE;Rubén Darío;RUBEN DARIO;1;27
04990;0801504990;CARRE;Rubí;RUBI;1;6
05000;0801505000;CARRE;Rubió i Ors;RUBIO I ORS;1;25
05010;0801505010;CARRE;Ruperto Chapí;RUPERTO CHAPI;0;59
05020;0801505020;AVGDA;Sabadell;SABADELL;1;3
05030;0801505030;CARRE;S'Agaró;S'AGARO;1;41
05040;0801505040;CARRE;Sagrada Família;SAGRADA FAMILIA;1;70
05050;0801505050;CARRE;Sagunt;SAGUNT;0;156
05075;0801505075;PSAJE;Sallagosa;SALLAGOSA;1;14
05080;0801505080;CARRE;Sallent;SALLENT;1;5
05060;0801505060;CARRE;Salou;SALOU;0;5
01450;0801501450;PASEO;Salut;SALUT;2;118
08362;0801508362;AVGDA;Salvador Espriu;SALVADOR ESPRIU;0;28
04010;0801504010;CARRE;Salvador Seguí 'el Noi del Sucre';SALVADOR SEGUI;1;26
05070;0801505070;CARRE;Salze;SALZE;1;14
05090;0801505090;PSAJE;Sampere;SAMPERE;1;36
05630;0801505630;AVGDA;Sanatori;SANATORI;0;0
05100;0801505100;CARRE;Sant Agustí;SANT AGUSTI;1;17
05111;0801505111;CARRE;Sant Anastasi;SANT ANASTASI;1;75
05132;0801505132;COL;Sant Antoni;SANT ANTONI;0;71
05130;0801505130;CARRE;Sant Antoni Abat;SANT ANTONI ABAT;1;30
05140;0801505140;RONDA;Sant Antoni de Llefià;SANT ANTONI LLEFIA;0;131
05160;0801505160;CARRE;Sant Antoni de Pàdua;SANT ANTONI DE PADUA;1;4
05170;0801505170;CARRE;Sant Bartomeu;SANT BERTOMEU;1;26
05180;0801505180;CARRE;Sant Bru;SANT BRU;1;295
05190;0801505190;CARRE;Sant Carles;SANT CARLES;1;28
05200;0801505200;CARRE;Sant Cebrià;SANT CEBRIA;0;25
05760;0801505760;CARRE;Sant Domènec;SANT DOMENEC;1;45
05230;0801505230;PSAJE;Sant Elies;SANT ELIES;0;20
05250;0801505250;CARRE;Sant Felip i de Rosés;SANT FELIP DE ROSES;1;120
05260;0801505260;CARRE;Sant Feliu de Llobregat;SANT FELIU DE LLOBREGAT;1;24
05270;0801505270;CARRE;Sant Fermí;SANT FERMI;0;24
05280;0801505280;CARRE;Sant Francesc d'Assís;SANT FRANCESC D'ASSIS;1;67
05290;0801505290;CARRE;Sant Francesc de Paula;SANT FRANCESC DE PAULA;0;14
05240;0801505240;CARRE;Sant Frederic;SANT FREDERIC;0;33
05300;0801505300;CARRE;Sant Gonçal;SANT GONÇAL;1;53
05310;0801505310;CARRE;Sant Gregori;SANT GREGORI;1;10
05320;0801505320;CARRE;Sant Hilari Sacalm;SANT HILARI SACALM;1;40
05330;0801505330;AVGDA;Sant Ignasi de Loiola;SANT IGNASI LOIOLA;0;150
05340;0801505340;CARRE;Sant Isidre;SANT ISIDRE;1;94
09019;0801509019;COL;Sant Jaume;SANT JAUME;91;91
05350;0801505350;CARRE;Sant Jaume;SANT JAUME;1;26
05360;0801505360;RIERA;Sant Jeroni;SANT JERONI;0;4
09105;0801509105;TRSSI;Sant Jeroni;SANT JERONI;1;17
05355;0801505355;CAMI;Sant Jeroni de la Murtra;SANT JERONI DE LA MURTRA;0;58
08460;0801508460;;Sant Jeroni de la Murtra;SANT JERONI DE LA MURTRA;0;0
05440;0801505440;RBLA;Sant Joan;SANT JOAN;1;364
05430;0801505430;CARRE;Sant Joan;SANT JOAN;1;9999
05450;0801505450;CARRE;Sant Joan de la Creu;SANT JOAN DE LA CREU;0;153
05460;0801505460;CARRE;Sant Joan Evangelista;SANT JOAN EVANGELISTA;0;22
05370;0801505370;CARRE;Sant Joaquim;SANT JOAQUIM;1;54
05380;0801505380;CARRE;Sant Jordi;SANT JORDI;1;15
05390;0801505390;PSAJE;Sant Jordi;SANT JORDI;1;21
05400;0801505400;CARRE;Sant Josep;SANT JOSEP;1;41
05420;0801505420;CARRE;Sant Josep i de Rosés;SANT JOSEP I DE ROSES;0;64
05410;0801505410;CARRE;Sant Josep Oriol;SANT JOSEP ORIOL;1;63
05470;0801505470;CARRE;Sant Llorenç;SANT LLORENÇ;1;58
05480;0801505480;CARRE;Sant Lluc;SANT LLUC;0;152
05490;0801505490;CARRE;Sant Lluís;SANT LLUIS;1;26
05500;0801505500;CARRE;Sant Marc;SANT MARC;1;23
05510;0801505510;CARRE;Sant Mateu;SANT MATEU;0;15
05520;0801505520;CARRE;Sant Miquel;SANT MIQUEL;1;60
05540;0801505540;CARRE;Sant Pancraç;SANT PANCRAÇ;2;12
05530;0801505530;CARRE;Sant Pau;SANT PAU;1;108
05550;0801505550;CARRE;Sant Pere;SANT PERE;1;999
05555;0801505555;ZONA;Sant Pere voltants num. 81;SANT PERE VOLTANTS NUM. 81;0;0
05560;0801505560;CARRE;Sant Rafael;SANT RAFAEL;1;71
05570;0801505570;CARRE;Sant Ramon;SANT RAMON;0;52
05580;0801505580;PL;Sant Roc;SANT ROC;1;41
05590;0801505590;AVGDA;Sant Salvador;SANT SALVADOR;1;111
05600;0801505600;CARRE;Sant Sebastià;SANT SEBASTIA;1;56
05620;0801505620;CARRE;Sant Vicenç;SANT VICENÇ;1;42
05640;0801505640;CARRE;Santa Anna;SANTA ANNA;1;61
05650;0801505650;CARRE;Santa Bàrbara;SANTA BARBARA;1;133
05660;0801505660;CTRA;Santa Coloma;SANTA COLOMA;1;104
05670;0801505670;CARRE;Santa Eulàlia;SANTA EULALIA;0;0
05680;0801505680;PSAJE;Santa Isabel;SANTA ISABEL;1;17
05690;0801505690;CARRE;Santa Joana Lestonnac;SANTA JOANA DE LESTONNAC;1;15
05700;0801505700;CARRE;Santa Madrona;SANTA MADRONA;0;160
05720;0801505720;CRO;Santa Maria;SANTA MARIA;0;51
05710;0801505710;CARRE;Santa Maria;SANTA MARIA;1;232
05730;0801505730;CARRE;Santa Teresa;SANTA TERESA;1;30
05740;0801505740;CARRE;Santiago;SANTIAGO;1;90
05750;0801505750;CARRE;Santiago Rusiñol;SANTIAGO RUSIÑOL;1;177
06670;0801506670;CARRE;Saragossa;SARAGOSSA;1;111
05770;0801505770;CARRE;Sardana;SARDANA;0;44
01220;0801501220;CARRE;Sardenya;SARDENYA;0;63
05780;0801505780;CARRE;Saturn;SATURN;1;57
05785;0801505785;CARRE;Sega;SEGA;1;31
02750;0801502750;CARRE;Selva;SELVA;1;40
05795;0801505795;CARRE;Sembra;SEMBRA;1;37
05792;0801505792;CARRE;Sèneca;SENECA;2;28
00020;0801500020;CARRE;Sèquia;SEQUIA;1;31
04080;0801504080;PQUE;Serentill;SERENTILL;0;0
05810;0801505810;CARRE;Serra de Daró;SERRA DE DARO;0;36
05800;0801505800;CARRE;Seu d'Urgell;SEU D'URGELL;1;83
05820;0801505820;PSAJE;Severo Catalina;SEVERO CATALINA;1;8
05830;0801505830;CARRE;Sevilla;SEVILLA;1;88
05840;0801505840;CARRE;Sicília;SICILIA;1;106
05850;0801505850;CARRE;Simancas;SIMANCAS;0;92
06630;0801506630;CARRE;Simó Piera;SIMO PIERA;1;28
05860;0801505860;CARRE;Sírius;SIRIUS;1;31
05880;0801505880;CARRE;Sitges;SITGES;0;19
05890;0801505890;PSAJE;Sobrarb;SOBRARBE;1;10
05910;0801505910;CARRE;Soledat;SOLEDAT;1;20
05920;0801505920;PSAJE;Soler i Biosca;SOLER I BIOSCA;1;25
09027;0801509027;RBLA;Solidaritat;SOLIDARITAT;1;51
05930;0801505930;CARRE;Solsona;SOLSONA;1;73
05935;0801505935;CARRE;Suïssa;SUISSA;1;37
05940;0801505940;CARRE;Súria;SURIA;1;52
05950;0801505950;CARRE;Tamariu;TAMARIU;1;34
05960;0801505960;CARRE;Tànger;TANGER;0;74
05955;0801505955;CARRE;Tanit;TANIT;0;24
05965;0801505965;CARRE;Tardor;TARDOR;0;28
05970;0801505970;PASEO;Tarongers;TARONGERS;2;22
05980;0801505980;CARRE;Tarragona;TARRAGONA;1;28
06065;0801506065;CARRE;Tècnica;TECNICA;0;17
06070;0801506070;CARRE;Tei;TEI;1;13
06080;0801506080;CARRE;Teià;TEIA;1;27
06000;0801506000;CARRE;Teide;TEIDE;0;20
06005;0801506005;CARRE;Teixidores;TEIXIDORES;1;30
06010;0801506010;CARRE;Temple;TEMPLE;1;43
06050;0801506050;CARRE;Termes romanes;TERMES ROMANES;0;12
06060;0801506060;CARRE;Terol;TEROL;1;17
05990;0801505990;AVGDA;Terrassa;TERRASSA;1;7
06100;0801506100;CTRA;Tiana;TIANA;0;0
06090;0801506090;CARRE;Tiana;TIANA;1;12
06110;0801506110;CARRE;Tibidabo;TIBIDABO;2;15
02950;0801502950;CARRE;Tomás Bretón;MESTRE BRETON;1;22
06140;0801506140;CARRE;Torí;TORI;0;38
06150;0801506150;CARRE;Torner;TORNER;0;39
06170;0801506170;CARRE;Torras i Bages;TORRAS I BAGES;99;158
06180;0801506180;PSAJE;Torre;TORRE;1;16
08150;0801508150;;Torre Codina;TORRE CODINA;0;72
08275;0801508275;;Torre Riera;TORRE RIERA;0;0
06190;0801506190;CARRE;Torrebadal;TORREBADAL;1;31
06220;0801506220;CARRE;Torrent de la Batllòria;TORRENT BATLLORIA;0;53
06235;0801506235;CARRE;Torrent de la Font;TORRENT DE LA FONT;0;15
06230;0801506230;CARRE;Torrent de Vallmajor;TORRENT VALLMAJOR;1;59
06200;0801506200;CARRE;Torrent d'en Grau;TORRENT D'EN GRAU;1;66
06210;0801506210;CARRE;Torrent d'en Valls;TORRENT D'EN VALLS;1;59
06160;0801506160;CARRE;Tortosa;TORTOSA;1;215
06240;0801506240;CARRE;Tossa de Mar;TOSSA DE MAR;1;10
06250;0801506250;PL;Trafalgar;TRAFALGAR;1;32
06255;0801506255;CARRE;Tramuntana;TRAMUNTANA;0;37
06260;0801506260;CARRE;Transversal;TRANSVERSAL;2;4
09055;0801509055;CARRE;Treballadors;TREBALLADORS;1;30
06275;0801506275;CARRE;Tresmall;TRESMALL;1;21
06280;0801506280;CARRE;Triomf;TRIOMF;0;71
05220;0801505220;PSAJE;Turó de les Maleses;TURO DE LES MALESES;1;14
05210;0801505210;PSAJE;Turó d'en Boscà;TURO D'EN BOSCA;1;14
06300;0801506300;CARRE;Unió;UNIO;8;74
06310;0801506310;CARRE;Urà;URA;1;35
06320;0801506320;CARRE;Uruguai;URUGUAI;0;0
06330;0801506330;CARRE;Usandizaga;USANDIZAGA;1;17
06335;0801506335;PL;Vaixell 'Maria Assumpta';VAIXELL MARIA ASSUMPTA;1;10
06340;0801506340;CARRE;València;VALENCIA;1;86
02550;0801502550;PL;Valentí Almirall;VALENTI ALMIRALL;1;6
08351;0801508351;CAMI;Vallensana;VALLENSANA;0;0
08352;0801508352;URB;Vallensana A;VALLENSANA A;0;5
08353;0801508353;URB;Vallensana B;VALLENSANA B;0;5
08354;0801508354;URB;Vallensana C;VALLENSANA C;0;11
08355;0801508355;URB;Vallensana D;VALLENSANA D;0;5
08356;0801508356;URB;Vallensana E;VALLENSANA E;0;82
08357;0801508357;URB;Vallensana F;VALLENSANA F;0;97
06350;0801506350;CARRE;Vallès;VALLES;0;38
06370;0801506370;CARRE;Vallespir;VALLESPIR;0;20
06380;0801506380;CARRE;Vallromanes;VALLROMANES;1;11
06360;0801506360;CARRE;Valls d'Andorra;VALLS D'ANDORRA;26;66
06390;0801506390;CARRE;Vallvidrera;VALLVIDRERA;1;33
09303;0801509303;PL;Vapor;VAPOR;1;20
06415;0801506415;ZONA;Vehicle Sant Fermi, 16;VEHICLE SANT FERMI, 16;0;0
06420;0801506420;CARRE;Velázquez;VELAZQUEZ;0;52
06430;0801506430;CARRE;Vélez Blanco;VELEZ BLANCO;0;0
06440;0801506440;CARRE;Vélez Rubio;VELEZ RUBIO;1;31
06445;0801506445;CAMI;Vell de Montcada;VELL DE MONTCADA;0;0
06450;0801506450;PSAJE;Venècia;VENECIA;0;10
06460;0801506460;CARRE;Veneçuela;VENEÇUELA;0;0
06470;0801506470;PSAJE;Ventós i Mir;VENTOS MIR;1;33
06465;0801506465;AVGDA;Vents;VENTS;0;80
06475;0801506475;CARRE;Ventura Gassol;VENTURA GASSOL;0;0
06490;0801506490;CARRE;Venus;VENUS;1;17
06500;0801506500;CARRE;Verdi;VERDI;2;20
06505;0801506505;CARRE;Verema;VEREMA;1;11
06590;0801506590;GRUP;Verge Assumpta;VERGE ASSUMPTA;0;0
06610;0801506610;GRUP;Verge de la Salut;VERGE DE LA SALUT;0;0
02350;0801502350;CARRE;Via Augusta;VIA AUGUSTA;1;50
06520;0801506520;CARRE;Vic;VIC;1;16
06525;0801506525;CARRE;Víctor Balaguer;VICTOR BALAGUER;1;53
02620;0801502620;PL;Vila;VILA;1;9
06560;0801506560;CARRE;Vila i Vall-llebrera;VILA I VALL-LLEBRERA;1;54
06540;0801506540;CARRE;Vilamajor;VILAMAJOR;1;11
06550;0801506550;CARRE;Vilanova i la Geltrú;VILANOVA I LA GELTRU;1;28
06570;0801506570;CARRE;Vilassar de Mar;VILASSAR DE MAR;1;4
06580;0801506580;PSAJE;Viñas;VIÑAS;1;31
06620;0801506620;CARRE;Viriat;VIRIATO;1;10
06535;0801506535;PL;Voluntaris Olímpics;VOLUNTARIS OLIMPICS;1;3
06650;0801506650;CARRE;Wagner;WAGNER;58;87
06635;0801506635;CARRE;Xaloc;XALOC;1;13
09208;0801509208;PL;Xarol;XAROL;22;44
09302;0801509302;CARRE;Xarol;XAROL;1;23
06643;0801506643;CARRE;Xavier Nogués;XAVIER NOGUES;1;18
01500;0801501500;CARRE;Xile;XILE;1;53
