ID,ENTITAT,SECTORSEMANTIC1,SECTORSEMANTIC2,ANY_CONSTITUCIO,WEB
679,ABCCE- ASOCIACION DE BOLIVIANOS CRUCEÑOS EN CATALUNYA (ESPAÑA),Culturals,cultura estrangera,2020,www.abcce.es
439,ACAPAMU,,,2002,
500,ACCIÓ EVANGELÍSTICA MENSAJE DE VIDA,Sociosolidàries,suport social,2003,
632,"ACCIÓ SOLIDÀRIA CONTRA L'ATUR, FUNDACIÓ PRIVADA",Sociosolidàries,suport social,2013,www.acciosolidaria.cat
621,ACCIÓ SOLIDÀRIA -IGMAN-,Sociosolidàries,internacional,2007,www.igman.cat
914,ACTIVAMENT CATALUNYA ASSOCIACIÓ,,,2021,www.activament.org
123,AD DOSA,Esportives,futbol,1992,
152,AD SAN MORI,,,1992,
320,ADARBYC Associación de Alcohólicos Rehabilitados de Badalona y Comarca,Sociosolidàries,suport social,2013,www.adarbyc.org
896,ADOPAC ( Asociación de Oportunidad para Animales Compañía,,,2020,
311,AFA  BARCELONÈS NORD (ASOCIACION DE FAMILIARES DEL ALZHEIMER),,,2020,
306,AFA  JUNGFRAU,Educació,ampas,2017,www.afa.escolajungfrau.net
476,AGRUPACIÓ EXCURSIONISTA BUFALÀ,,,2013,http://aebufala.entitatsbadalona.net/
203,AGRUPACIO PETANCA RAVAL,Esportives,petanca,1995,
180,AGRUPACION DE CANARICULTORES DE BADALONA,,,2013,
438,AGRUPACIÓN DE ROCIEROS ANDALUCES EN CATALUÑA,Culturals,tradicionals,2003,
173,"AGRUPAMENT D'ESCOLTA ""JAUME ORTIZ""",Lleure,esplais,2013,
385,ALCER (Associació per a la lluita contra les malalties del ronyó),,,2020,
373,AMICS DE LA CULTURA AFRICANA,,,2000,
378,AMICS DE LA MÚSICA DE BADALONA,Culturals,musical,1987,www.amicsmusicabdn.cat
523,AMICS DEL MONESTIR DE SANT JERONI DE LA MURTRA,Culturals,altres entitats culturals,2003,www.amicsalut.entitatsbadalona.net
376,AMICS DEL MOVIMENT QUART MÓN CATALUNYA,Sociosolidàries,altres entitats sociosolidàries,2012,
348,AMICS DEL PESSEBRE DE BADALONA,Culturals,tradicionals,2020,
483,AMICS DEL TEATRE ZORRILLA,,,2020,
566,"AMICS X BÒSNIA, BADALONA 2004",Sociosolidàries,altres entitats sociosolidàries,2013,
687,AMIZADE JUNTS AMB MOÇAMBIC,Sociosolidàries,internacional,2012,www.amizadejam.org
145,AMNISTIA INTERNACIONAL -Secció Espanyola -,Sociosolidàries,internacional,2013,www.amnistiainternacional.org
596,AMPA CEIP PROGRÉS,Educació,ampas,2012,www.ampaprogres.cat
509,AMPA DEL CEIP PLANAS I CASALS DE BADALONA 1990,Educació,ampas,2013,
454,APA CEIP ARTUR MARTORELL,Educació,ampas,2020,
261,APA COLEGIO JESUS-MARIA DE BADALONA,Educació,ampas,1996,
234,APA COLEGIO NTRA. SRA. DE LA ASUNCION,Educació,ampas,2013,
184,APA COL·LEGI  LAIETÀNIA,Educació,ampas,1994,www.xtec.es/ce2776
129,APA COL·LEGI JOAN CORET,Educació,ampas,2013,www.ampajoancoret.com
255,APA COL·LEGI JOAN MIRO,Educació,ampas,2013,
143,APA COL·LEGI LOPEZ TORREJON,Educació,ampas,2013,
16,APA COL·LEGI MARE DE DEU DE L'ESPERANÇA,,,2012,
364,APA COL.LEGI MARISTES CHAMPAGNAT DE BADALONA,Educació,ampas,1999,www.ampamaristesbadalona.ning.com
131,APA COL·LEGI y esc. SALESIANA SANT DOMENEC SABIO,Educació,ampas,1992,
63,APA CP BALDIRI REIXACH,Educació,ampas,2013,
53,APA CP BALDOMER SOLA,,,2012,www.xtec.cat/centres/a8033857
82,APA CP FELIU VEGUES,Educació,ampas,2013,
264,APA CP FOLCH I TORRES,Educació,ampas,2012,
84,APA CP JOAN LLONGUERAS,Educació,ampas,1990,
112,APA CP LLORENS Y ARTIGAS,Educació,ampas,2012,
49,APA CP LOLA ANGLADA,Educació,ampas,2011,www.xtec.es/centres/a8000384
54,APA CP MARGARIDA XIRGU,Educació,ampas,2013,
70,APA CP MERCE RODOREDA,Educació,ampas,2013,www.blogampamercerodoreda.com
77,APA CP NTRA. SRA. MERCE,Educació,ampas,1989,
42,APA CP PAU PICASSO,Educació,ampas,2013,
104,APA CP SANT JORDI,Educació,ampas,2012,
912,APA DE L'INSTITUT DE FORMACIÓ PROFESSIONAL I ENSENYAMENT SECUNDARI POMPEU FABRA,,,2020,
121,APA DE L'INSTITUT FP i ES POMPEU FABRA,,,1992,www.apapompeufabra.entitatsbadalona.es
222,APA DEL COL.LEGI NACIONAL JOSEP BOADA,,,2012,
137,APA DEL IFP Primer Niuet,Educació,ampas,1992,
463,"APA DEL INSTITUTO DE BACHILLERATO ""EUGENI D'ORS""",,,2006,
191,APA EP JOSEP CARNER,Educació,ampas,1994,
336,APA ESCOLA BETÚLIA,Educació,ampas,2020,www.ampabetulia.cat
490,APA ESCOLA MAREGASSA,,,2012,
244,APA I.B. PAU CASALS,,,2011,
219,APA INSTITUT BADALONA VII,Educació,ampas,2013,www.ampab7.blogspot.com
468,ARTESANS BADALONA,Culturals,altres entitats culturals,2002,
503,ARTISTES DEL GENI DE BADALONA,Culturals,altres entitats culturals,2003,
647,ASAUPAM (Asociación de soporte a las personas con problemas de drogas),Sociosolidàries,suport social,2013,www.Asaupam.info
659,ASOCIACIÓ DE DONES JASMIN,Sociosolidàries,dones,2009,www.esf-cat.org
902,ASOCIACIÓN ALARAEXOTIC,,,2020,
808,ASOCIACION CENTRO CULTURAL AMIGOS DE LLEFIÀ,Culturals,activitats diverses,2020,
800,ASOCIACIÓN CENTRO CULTURAL GITANO DE SANT ROQUE (TIO MANUEL),Culturals,altres entitats culturals,2014,
747,ASOCIACIÓN CENTRO JUVENIL CULTURAL DE BADALONA,Culturals,activitats diverses,2013,
392,ASOCIACION CULTURAL ANDALUZA CASA DE UTRERA EN CATALUNYA,Culturals,tradicionals,2001,www.casadeutrera.com
615,"ASOCIACIÓN CULTURAL CRISTIANA DE CATALUNYA ""AGAPE""",,,2020,
841,ASOCIACIÓN CULTURAL DEPORTIVA RICO CHIMBOTE EN BARCELONA,Esportives,altres activitats esportives,2017,
394,"ASOCIACION CULTURAL EXTREMEÑA ""ZURBARAN""",Culturals,tradicionals,2020,
777,ASOCIACIÓN CULTURAL GNÓSTICA DE ESTUDIOS CIENTÍFICOS Y FILOSÓFICOS,Culturals,altres entitats culturals,2014,
766,ASOCIACIÓN CULTURAL MORENADA SIN FRONTERAS (ACMSF),Culturals,cultura estrangera,2013,
313,ASOCIACION CULTURAL SOCIAL TRAJANA,Culturals,activitats diverses,2012,
721,ASOCIACIÓN DE ASIAN ORGANIZACIÓN DE ASISTENCIA Y CULTURAL (AOAC),Sociosolidàries,suport social,2011,
442,ASOCIACIÓN DE BOMBEROS VOLUNTARIOS,Sociosolidàries,suport social,2013,www.abvb.org
734,ASOCIACIÓN DE COMERCIANTES Y VECINOS DE LA CALLE DEL MAR,,,2012,
749,ASOCIACIÓN DE ECUATORIANOS DE LLEFIÀ DE BADALONA,,,2012,www.ecuavoley-cat.com
481,ASOCIACIÓN DE FAMILIAS ADOPTANTES EN RUSIA -ASFARU-,,,2003,www.asfaru.org
324,ASOCIACION DE JUBILADOS Y PENSIONISTAS CASAL BONAVISTA CANYET,Sociosolidàries,gent gran,2013,
233,ASOCIACION DE MUJERES HORA VIOLETA,,,1996,
441,ASOCIACIÓN DE MUJERES LA PAZ,Sociosolidàries,dones,2002,
166,ASOCIACION DE MUJERES POR LA IGUALDAD,Sociosolidàries,dones,1993,
279,ASOCIACION DE MUJERES VECINALES DE SISTRELLS,Sociosolidàries,dones,1987,
309,"ASOCIACION DE PESCADORES ""LOS TITIS""",Esportives,activitats marítimes,1998,
205,ASOCIACION DE RADIO TORRE MENA,Culturals,comunicació,1995,
513,ASOCIACIÓN DE TÉCNICOS SUPERIORES (ASTECSUP),Educació,altres entitats d'educació,2013,www.astecsuo.org
493,ASOCIACIÓN DE VECINOS BARRI MARESME DE BADALONA,Sociosolidàries,veïnal,2013,
802,ASOCIACIÓN DE VECINOS INTERCULTURAL DE BADALONA,Sociosolidàries,veïnal,2014,
451,ASOCIACION DE VECINOS TER/LLOBREGAT,Sociosolidàries,veïnal,2002,
427,ASOCIACION DE VENDEDORES AUTONOMOS DEL MERCAT MAIGNON DE BADALONA,Econòmiques,botiguers/res,2012,www.mercatsbadalona.cat
725,ASOCIACIÓN ECUATORIANA DE ECUAVOLEY EN CATALUNYA,Esportives,altres activitats esportives,2013,www.ecuavoley-cat.com
860,ASOCIACIÓN E-SUBMARINISMO,Esportives,activitats marítimes,2017,wwww.e-submarinismo.es
650,ASOCIACIÓN FAMILIAS SIN FRONTERAS POR LA INFANCIA,Sociosolidàries,infància,2009,www.porlainfancia.com
274,ASOCIACION FLAMENCO VIVO,Culturals,tradicionals,2013,
410,ASOCIACION FONDO DE CONOCIMIENTOS Y EXPERIENCIA (CONEX),Sociosolidàries,altres entitats sociosolidàries,2001,
60,ASOCIACION GITANA DE BADALONA,Culturals,activitats diverses,2012,
618,ASOCIACIÓN GITANA ROM I ROMI DE BADALONA,Sociosolidàries,suport social,2012,
699,ASOCIACIÓN GLOBAL HUMANITARIA,Sociosolidàries,suport social,2013,www.globalhumanitaria.org
759,ASOCIACIÓN HERMANDAD NUESTRA SEÑORA DEL ROCÍO DE BADALONA,Culturals,tradicionals,2013,
785,ASOCIACIÓN INTERNACIONAL DE WUTAOCHI & ARTES MARCIALES,Esportives,altres activitats esportives,2013,
118,ASOCIACION JUBILADOS Y PENSIONISTAS DE BADALONA - CENTRE,Sociosolidàries,gent gran,2020,www.casalcentre.entitatsbadalona.cat
684,ASOCIACIÓN LA CASA DEL ARTISTA DE ASUN DE MERIDA,Culturals,musical,1987,
936,ASOCIACIÓN LA LUCHA DE ABRIL,Sociosolidàries,suport social,2022,www.luchadeabril.net
940,ASOCIACIÓN LIANTES METALEROS,Culturals,altres entitats culturals,2022,https://liantesmetaleros.wixsite.com/liantes
711,ASOCIACIÓN MOTO CUSTOM POBLE NOU,Lleure,altres entitats de lleure,2013,www.vikingosbcn.com
791,ASOCIACION MUNDUS - UN MUNDO A TUS PIES -,Sociosolidàries,internacional,2013,www.asociacionmundus.com
142,"ASOCIACION PADRES USUARIOS DEL CENTRO EDUC. ""NOU VENT""",Educació,ampas,1992,
539,ASOCIACION PARA LA COOPERACION CON EL SUR Las Segovias (ACSUR),,,2004,
519,ASOCIACION PARA LA PROMOCION E INSERCION PROFESIONAL,Sociosolidàries,suport social,2003,
557,ASOCIACION PARA PACIENTES CON LA ENFERMEDAD PULMONAR OBSTRUCTIVA CRONICA (EPOC),Sociosolidàries,suport social,2005,www.respiramos.com
716,ASOCIACIÓN PENYA SEVILLISTA CULTURAL Y DEPORTIVA BADALONA,Culturals,activitats diverses,2020,
710,ASOCIACIÓN PEÑA SEVILLISTA DEPORTIVA Y CULTURAL BADALONA,Esportives,altres activitats esportives,2013,
813,ASOCIACION PLATAFORMA DE AFECTADOS POR LA CRISI,Sociosolidàries,suport social,2013,
127,ASOCIACION RADIOAFICIONADOS BAETULO RADIO CLUB,,,2013,
801,ASOCIACIÓN SOCIO CULTURAL CRISTIANA DE SANT ROC ,Culturals,altres entitats culturals,2020,
397,ASOCIACION WAFAE DE LA LENGUA Y CULTURA ARABE,Sociosolidàries,suport social,2001,www.upc.es/awlca
72,"ASPANIN, Associació pares disminuïts psíquics",Sociosolidàries,discapacitats/des,2013,www.aspanin.cat/es/
176,ASS. DE L'ESCOLA D'ADULTS SANT ROC-CONGRES,Educació,altres entitats d'educació,2012,
768,ASSEMBLEA NACIONAL CATALANA,Culturals,altres entitats culturals,2013,
782,ASSOCIACIÓ ACOMPANYA'M. ESPAI PER CRÉIXER EN FAMILIA,Sociosolidàries,infància,2014,
741,ASSOCIACIÓ ALDUA,Sociosolidàries,suport social,2020,
689,ASSOCIACIÓ ALVENT (en pro dels discapacitats intel·lectuals),Sociosolidàries,discapacitats/des,1993,www.associacioalvent.org
398,ASSOCIACIO AMICS LA SALUT,Sociosolidàries,altres entitats sociosolidàries,2013,www.amicsdelasalut.com
52,ASSOCIACIO ANTICS ALUMNES MARISTES-ADEMAR,Educació,ampas,2012,
788,ASSOCIACIÓ ART EN ACCIÓ,Culturals,teatre,2014,www.artenaccio.com
874,ASSOCIACIÓ ARTÍSTICA JUVENILl COMUNA PARADÍS,Culturals,activitats diverses,2019,
774,ASSOCIACIÓ ASTEROIDE B-612,Sociosolidàries,infància,2013,www.asteroide-b612.org
559,ASSOCIACIO AUNAR,,,2005,
816,ASSOCIACIÓ BADALONA POÈTICA,Culturals,altres entitats culturals,2017,
738,ASSOCIACIÓ BADALONA RUNNING,Esportives,altres activitats esportives,2013,www.badalonarunning.cat
916,ASSOCIACIÓ BADANIMALS,,,2021,
641,ASSOCIACIÓ BÀSQUET BADALONA 2005,Esportives,bàsquet,2013,
911,ASSOCIACIÓ BIOEDUCA,,,2020,www.bioeduca.org
781,ASSOCIACIÓ CANNÀBICA DEL MARESME,Lleure,altres entitats de lleure,2013,www.acannam.org
828,ASSOCIACIÓ CANNÀBICA FUM BLANC,Culturals,altres entitats culturals,2016,
815,ASSOCIACIÓ CASA DE ASTURIAS CAT-ASTUR BADALONA,Culturals,tradicionals,2015,
231,ASSOCIACIO CASAL D'AVIS CONGRES,,,2013,
83,ASSOCIACIO CATALANA D'AMICS DEL POBLE SAHARAUI,,,2013,
285,ASSOCIACIO CATALANA DE BRIGADISTES A NICARAGUA,Sociosolidàries,internacional,1997,www.acbn.entitatsbadalona.net
851,ASSOCIACIO CATALANA DE TRASTORNS METABÒLICS HEREDITARIS PKU/ATM,Sociosolidàries,suport social,2017,
622,ASSOCIACIÓ CATALANA D'ENGINYERIA SENSE FRONTERES,Sociosolidàries,internacional,2020,www.esf-cat.org
432,ASSOCIACIÓ CATALANA PER A LA PAU,Sociosolidàries,internacional,2002,
512,ASSOCIACIÓ CATALANA PRO CONSTITUCIÓ DE LA FUNDACIÓ ORIOL CARRERAS I CABEZAS,Educació,altres entitats d'educació,2013,www.oriol.c.c/fundacio
547,ASSOCIACIÓ CATALANA-ROMANESA TANDAREI,,,2004,www.febbdn.com
809,ASSOCIACIÓ CATIFAIRES DE DALT LA VILA DE BADALONA ,Culturals,tradicionals,2015,
847,ASSOCIACIÓ CENTRE CULTURAL XINÈS DU-FU,Culturals,cultura estrangera,2017,
898,ASSOCIACIÓ CENTRE D'INNOVACIÓ SOCIAL I URBANA DE BADALONA,,,2020,
744,ASSOCIACIÓ CHIC FUNKY,,,2012,
605,ASSOCIACIÓ CIENTÍFICA AIGUAZÚ,Sociosolidàries,suport social,2013,
742,ASSOCIACIÓ CÍVICA BAETULO -CIUTADANS DE BADALONA-,,,2013,www.ciutadansdebadalona.es
953,ASSOCIACIÓ CÍVICA DE PENSIONISTES DE BADALONA,Sociosolidàries,suport social,2023,
775,"ASSOCIACIÓ CULTURAL ANDALUZA ""EL TACON DEL DUENDE""",Culturals,tradicionals,2013,
748,ASSOCIACIÓ CULTURAL AUPAMUSIC,,,2012,
941,ASSOCIACIÓ CULTURAL BADALONA ESCRIU,Culturals,altres entitats culturals,2023,
343,ASSOCIACIÓ CULTURAL CIUTADANS DE BADALONA,Culturals,altres entitats culturals,1999,
727,ASSOCIACIÓ CULTURAL D'INTEGRACIÓ BOLIVIANA A CATALUNYA (ACIBC),Culturals,cultura estrangera,2020,
856,ASSOCIACIO CULTURAL FESTA DEL DIBUIX,Culturals,activitats diverses,2017,
691,ASSOCIACIÓ CULTURAL FESTA MEDIEVAL SANT JORDI DE BADALONA,Culturals,festes populars,2013,www.festamedieval.entitatasbadalona.net
839,ASSOCIACIÓ CULTURAL FREDERIC XIFRÉ MASFERRER,Culturals,altres entitats culturals,,
752,ASSOCIACIÓ CULTURAL GITANA DE SANT ROC,Culturals,activitats diverses,2012,
99,ASSOCIACIO CULTURAL I ESPORT. CP SANT JOSEP DE BADALONA,Culturals,activitats diverses,2013,
925,ASSOCIACIÓ CULTURAL L'INDEPENDENT DE BADALONA,Culturals,comunicació,2020,www.independentbadalona.cat
181,ASSOCIACIO CULTURAL MIRAVALLE,Culturals,altres entitats culturals,2013,
634,ASSOCIACIÓ CULTURAL POPULAR XINESA,Culturals,cultura estrangera,2008,
680,ASSOCIACIÓ CULTURAL SAHA (ALBA),Sociosolidàries,dones,1987,www.sahaalba.blogspot.com
382,ASSOCIACIÓ CULTURAL SOCA REL,Culturals,altres entitats culturals,2000,
253,ASSOCIACIO CULTURAL SUBURB TEATRE,Culturals,teatre,1993,
201,"ASSOCIACIO CULTURAL ""TALLER DE COMUNICACIO I DEBAT""",Culturals,altres entitats culturals,1995,
908,ASSOCIACIÓ CULTURAL VIBRA,,,2020,
582,ASSOCIACIÓ D'ACTIVITATS EURE K,Lleure,altres entitats de lleure,2005,
798,ASSOCIACIÓ D'AFECTATS PER L'HABITATGE DE BADALONA,Sociosolidàries,suport social,2014,
352,ASSOCIACIÓ D'AMICS DE L'EPILÈPTIC ANGEL DE LA GUARDA,Sociosolidàries,suport social,2013,www.amigosepilepticos.org
217,ASSOCIACIO D'AMICS DEL FERROCARRIL DE BADALONA,Culturals,altres entitats culturals,2012,www.5azona.cat
322,ASSOCIACIÓ D'AMICS DEL MUS DE BADALONA,Esportives,altres activitats esportives,2013,
705,ASSOCIACIÓ D'AMISTAT ENTRE AMAZICS I CATALANS,Sociosolidàries,altres entitats sociosolidàries,2013,www.amazicsicatalans.es
321,ASSOCIACIÓ D'AVIS ANTÒNIA BOADA,,,2013,
327,ASSOCIACIO D'AVIS DE NOVA LLOREDA,Sociosolidàries,gent gran,1987,www.casalgentgran.amawebs.com
319,Associació d'Avis del CASAL VERGE DE LA SALUT,Sociosolidàries,gent gran,2020,
591,ASSOCIACIÓ DE BALLS RETRO DE BADALONA,Culturals,dansa,2006,
754,ASSOCIACIÓ DE BOTIGUERS I SERVEIS DEL PROGRÉS,Econòmiques,botiguers/res,2012,
736,ASSOCIACIÓ DE CARDIOPATIES CONGÈNITES (A.A.C.I.C.),,,2012,www.aacic.org
370,ASSOCIACIÓ DE CASALS I GRUPS DE JOVES DE CATALUNYA,Lleure,altres entitats de lleure,2012,www.casaldejoves.org
672,ASSOCIACIÓ DE CLUBS DE PETANCA DE BADALONA,Esportives,petanca,2009,
843,ASSOCIACIÓ DE COMERÇ BADACENTRE,Econòmiques,botiguers/res,2017,
804,ASSOCIACIÓ DE COMERÇ BADALONA HOME DESIGN,Econòmiques,botiguers/res,2013,
838,ASSOCIACIÓ DE COMERÇ CENTRE I PROGRÉS,Econòmiques,botiguers/res,2017,www.centrebadalona.com
667,ASSOCIACIÓ DE COMERCIANTS DE CANYADÓ-PORTA DE LLEVANT,Econòmiques,botiguers/res,2009,
347,ASSOCIACIÓ DE COMERCIANTS DEL PROGRÉS,Econòmiques,botiguers/res,1999,
728,ASSOCIACIÓ DE COMERCIANTS I PIME LA MORERA,,,2012,
430,ASSOCIACIÓ DE COMERCIANTS I VEÏNS DEL PASSEIG DE LA SALUT,Econòmiques,botiguers/res,2002,
675,ASSOCIACIÓ DE COMERCIANTS SANT MORI DE LLEFIÀ,Econòmiques,botiguers/res,2009,
676,ASSOCIACIÓ DE COOPERACIÓ INTERNACIONAL NORD-SUD (CONOSUD),Sociosolidàries,internacional,2012,www.conosud.org
677,ASSOCIACIÓ DE CREADORS/ES ESPIRAL,Culturals,altres entitats culturals,2009,
765,ASSOCIACIÓ DE DANSA I ARTS ESCÈNIQUES LA MAREA,Culturals,dansa,2020,www. lamarea.org
787,ASSOCIACIÓ DE DONANTS DE SANG DEL BARCELONÈS NORD,Sociosolidàries,altres entitats sociosolidàries,2014,
909,ASSOCIACIÓ DE DONES LLIURES I COMBATIVES CLARA ZETKIN DE BADALONA,,,2020,www.libresycombativas.net
295,ASSOCIACIO DE FAMILIARS DE  MALALTS  MENTALS DEL BARCELONES NORD,Sociosolidàries,suport social,1997,www.afammeban.org
594,"ASSOCIACIÓ DE FAMILIARS DE  MALALTS D'ALZHEIMER DE BADALONA, SANTA COLOMA I SANT",Sociosolidàries,suport social,2006,www.blocs.xarxanet.org/afabss/
931,ASSOCIACIÓ DE FAMÍLIES D'ALUMNES ESCOLA CULTURAL ARTIGUES,Educació,ampas,2022,
719,"ASSOCIACIÓ DE FUMADORS, GASTRONÒMICA I CANNÀBICA CLUB BLACKBIRD",Culturals,altres entitats culturals,2011,
337,ASSOCIACIÓ DE GAIS I LESBIANES DE BADALONA -AGIL-,Sociosolidàries,suport social,1998,
669,ASSOCIACIÓ DE GENT GRAN DE TUSGSAL,Sociosolidàries,gent gran,2020,
315,ASSOCIACIO DE GENT GRAN DEL POMAR,Sociosolidàries,gent gran,2020,
329,ASSOCIACIO DE GENT GRAN-ESPLAI CAN MERCADER,Sociosolidàries,gent gran,2013,
740,ASSOCIACIÓ DE LA GUITARRA DE BADALONA,,,2017,
540,ASSOCIACIÓ DE LA PARÀLISI CEREBRAL-ASPACE-,Sociosolidàries,suport social,2012,www.aspacecat.org
887,ASSOCIACIÓ DE LABORS BADAPATCH,Culturals,altres entitats culturals,2019,
664,ASSOCIACIÓ DE MALABARISME DE BADALONA,Esportives,altres activitats esportives,2020,www.malabarbdn.blogspot.com
883,ASSOCIACIÓ DE MARES I PARES D¿ALUMNES DEL CEIP BUFALA II,Educació,ampas,2019,
418,ASSOCIACIO DE MARXANTS DE BADALONA,Econòmiques,gremis,2013,
383,ASSOCIACIO DE MODELISTES BETULO,Culturals,altres entitats culturals,2012,
726,ASSOCIACIÓ DE MUJERES INTERCULTURAL NUEVAS METAS,Sociosolidàries,dones,2012,
620,ASSOCIACIÓ DE MÚSICS PROFESSIONALS DE BADALONA,,,1987,www.musicobadalona.org
498,ASSOCIACIÓ DE PARES D'ALUMNES CEIP SALVADOR ESPRIU,Educació,ampas,2013,blog.salvadorespriu.org
701,ASSOCIACIÓ DE PARES D'ALUMNES DE LES ESCOLES MINGUELLA,Educació,ampas,2012,www.ampaminguella.org
904,ASSOCIACIÓ DE PARES D'ALUMNES DE L'ESCOLA DE DISMINUITS CAN BARRIGA,,,2020,ceecanbarriga.blogspot.com
670,ASSOCIACIÓ DE PARES D'ALUMNES DE L'IES ENRIC BORRÀS,Educació,ampas,2012,
889,ASSOCIACIÒ DE PARES D¿ALUMNES DEL CEIP BUFALÁ,Educació,ampas,2019,www.ampaescolabufala.org
564,ASSOCIACIÓ DE PARES D'ALUMNES DEL COL·LEGI PÚBLIC GITANJALI-CENTRE,Educació,ampas,2020,www.Xtec.es/ceipgitanjali/
434,ASSOCIACIÓ DE PARES I MARES EXALUMNES GITANJALI,Educació,ampas,2002,
592,ASSOCIACIÓ DE PERSONES GRANS DE LLOREDA,Sociosolidàries,gent gran,2013,
225,ASSOCIACIO DE PUNTAIRES MONTSERRAT NIUBO DE BADALONA,Culturals,tradicionals,2013,
810,ASSOCIACIÓ DE SERVEI SOCIAL YO DECIDO (ASSYD),Sociosolidàries,suport social,2013,
281,ASSOCIACIO DE SUPORT A LES ORG. POPULARS XILENES (ASOPXI),Sociosolidàries,internacional,1997,
602,ASSOCIACIO DE VEINS CAN SOLEI DE BADALONA,Sociosolidàries,veïnal,2007,www.cansolei.cat
743,ASSOCIACIÓ DE VEÏNS D'EN TURÓ CARITG,Sociosolidàries,veïnal,2013,
521,ASSOCIACIÓ DE VEÏNS EL BRUC-BADALONA,Sociosolidàries,veïnal,2012,
830,ASSOCIACIÓ DE VEÏNS GUIFRÉ-PRIMAVERA,Sociosolidàries,veïnal,2016,
546,ASSOCIACIÓ DE VEÏNS I VEÏNES GENT DE SANT ROC,,,2004,
507,ASSOCIACIÓ DE VEÏNS NOU BARRI DE BATLLÒRIA,Sociosolidàries,veïnal,2003,
630,ASSOCIACIÓ DE VEÏNS PEP VENTURA ILLA FRADERA,Sociosolidàries,veïnal,2012,
358,ASSOCIACIÓ DE VENEDORS MERCAT DE LLOREDA,Econòmiques,botiguers/res,2013,
467,ASSOCIACIÓ DE VÍDUES DE SANT ADRIÀ,Sociosolidàries,dones,2020,
326,ASSOCIACIÓ DEL JOVE BALLET CLASSIC DE BADALONA,Culturals,dansa,2013,www.danzamarisayudes.com
271,"ASSOCIACIO DEL LLEURE ""EL GRIPAU BLAU""",Lleure,esplais,1997,
923,ASSOCIACIÓ DEL SINDICAT DE LLOGATERS I LLOGATERES,Sociosolidàries,partits i sindicats,2022,
681,ASSOCIACIÓ D'ENTITATS SOCIALS DE BADALONA,Sociosolidàries,suport social,2010,
758,"ASSOCIACIÓ DESARROLLO, AGUA Y EDUCACIÓN (DAE)",Educació,socials,2012,www.associaciodae.com
848,ASSOCIACIÓ DIABLES BUFONS DEL FOC,Culturals,tradicionals,2017,
881,ASSOCIACIÓ DIMONIS MOTEROS,Lleure,altres entitats de lleure,2019,
895,ASSOCIACIÓ DONA I CULTURA BADALONA,,,2019,
720,ASSOCIACIÓ EDULIS PER A LA DIVULGACIÓ I L'ESTUDI DE LA CIÈNCIA I EL MEDI AMBIENT,Educació,altres entitats d'educació,2012,www.edulis.cat
169,ASSOCIACIO EL FORAT Infantil i Juvenil,,,2013,
730,ASSOCIACIÓ EL PEDRÍS,,,2012,www.elpedriscultural.blogspot.com
799,ASSOCIACIÓ EL RACÓ DE L'ALBA,Sociosolidàries,suport social,2014,
663,ASSOCIACIÓ EMPRESARIAL DEL SECTOR TÈXTIL- MODABDN-,Econòmiques,altres entitats econòmiques,2009,www.modabdn.net
820,ASSOCIACIÓ ESPÈCIES DESPROTEGIDES,Sociosolidàries,protectora animals,2019,
918,ASSOCIACIÓ ESPORT FEMENÍ BADALONA,Sociosolidàries,dones,2021,
350,ASSOCIACIÓ ESPORTIVA BADALONÈS,Esportives,bàsquet,2012,www.aebadalones.cat
938,ASSOCIACIÓ ESPORTIVA DE MUNTANYA GRUP D'AVENTURA (EMGDA),Esportives,altres activitats esportives,2022,
930,ASSOCIACIÓ ESPORTIVA DEL VENT BADALONA,Esportives,activitats marítimes,2022,www.escoladelvent.com
651,"ASSOCIACIÓ ESPORTIVA ESCOLAR ""COL·LEGI CULTURAL DE BADALONA""",Esportives,bàsquet,2012,
686,ASSOCIACIÓ ESPORTIVA FELIU I VEGUES,Esportives,bàsquet,2020,
604,ASSOCIACIO ESPORTIVA GUARDIA URBANA DE BADALONA,Esportives,altres activitats esportives,2007,
655,ASSOCIACIÓ ESPORTIVA IRIS-SOL-CASAGEMAS,Esportives,bàsquet,2013,www.futsaliris.org
316,ASSOCIACIO ESPORTIVA MINGUELLA,Esportives,bàsquet,2013,
401,ASSOCIACIÓ ESPORTIVA NOVA LINEA SPORMAR 2000,Esportives,altres activitats esportives,2001,
472,ASSOCIACIÓ ESPORTIVA PERE GOL,Esportives,futbol,2013,
558,ASSOCIACIÓ ESPORTIVA SANT ANDREU DE NATZARET,Esportives,bàsquet,2013,www.natzaret.com
466,"ASSOCIACIÓ ESPORTIVA ""SKO""",Esportives,altres activitats esportives,2013,www.seishinkarate.org
419,ASSOCIACIO ESPORTIVA VETERANS CLUB JOVENTUT BADALONA,Esportives,bàsquet,,
858,ASSOCIACIÓ FEDERALISTES D'ESQUERRES,Sociosolidàries,partits i sindicats,2020,
141,ASSOCIACIO FESTA NACIONAL DELS PAïSOS CATALANS,Culturals,festes populars,2012,
872,ASSOCIACIÓ FORQUILLA BADALONA,Culturals,altres entitats culturals,2019,
465,ASSOCIACIÓ FUTBOL AMERICÀ BADALONA DRAGS,,,2013,www.badalonadrags.com
702,ASSOCIACIÓ GOSPEL SENTITS,Culturals,musical,2017,www.gospelsentits.com
823,ASSOCIACIÓ GRUPO ROCIERO BLANCA PALOMA LLEFIÀ,Culturals,tradicionals,2015,
893,ASSOCIACIÓ GRUPO ROCIERO TOMILLO Y JARA,,,2019,
644,ASSOCIACIÓ HISTÒRIC-CULTURAL ATENEU REPUBLICÀ DE CATALUNYA,Culturals,altres entitats culturals,2008,www.ateneurepublica.org
114,"ASSOCIACIO JUBILATS I PENSIONISTES ""CASAL PEP VENTURA""",Sociosolidàries,gent gran,2020,
648,ASSOCIACIÓ JUDO BAETULO,Esportives,altres activitats esportives,2020,
854,ASSOCIACIÓ JUVENIL BÈSTIES I DIABLES DE LA SALUT,Culturals,tradicionals,2017,
654,ASSOCIACIÓ JUVENIL DEMASIATS,Culturals,activitats diverses,2009,
136,"ASSOCIACIO JUVENIL ""LA ROTLLANA""",Lleure,altres entitats de lleure,2013,
185,ASSOCIACIO JUVENIL MA OBERTA-COR OBERT,Lleure,altres entitats de lleure,2013,www.ajmacor.org/badalona
865,ASSOCIACIÓ JUVENIL SHOHOKU,Lleure,altres entitats de lleure,2020,
629,ASSOCIACIÓ LAIA MENDOZA,Sociosolidàries,internacional,2008,www.associaciolaiamendoza.org
525,ASSOCIACIÓ LLIURE D'ALUMNES DE L'IES EUGENI D'ORS,Educació,ampas,2003,
554,ASSOCIACIÓ LLOREDA-CARITG DE GENT GRAN,Sociosolidàries,gent gran,2013,
906,ASSOCIACIÓ MARES I PARES DE L'INSTITUT ALBÈNIZ BADALONA,,,,
852,ASSOCIACIÓ MASTERS ESPORT ADAPTAT,Esportives,bàsquet,2017,
668,ASSOCIACIÓ MÈDICA PER A LA INFÀNCIA DE CATALUNYA (AMIC),Sociosolidàries,infància,2009,www.ongamic.org
862,ASSOCIACIÓ MES K ANIMALS,Sociosolidàries,protectora animals,2020,
733,ASSOCIACIÓ MOTERA PAWNEES COSTA ESTE,,,2012,www.pawneescostaeste.com
910,ASSOCIACIÓ MULASSERS DE BADALONA,,,,
892,ASSOCIACIÓ MULTICULTURAL BÉTULO TOTS UNITS,Sociosolidàries,suport social,2020,
769,ASSOCIACIÓ MUSUBI AIKIDO,Esportives,altres activitats esportives,2013,www.aikidomusibi.com
807,ASSOCIACIÓ NINS & GRANS,Sociosolidàries,suport social,2015,wwwninsgrans.com
132,ASSOCIACIO NOUS CAMINS,,,2012,www.nuevoscaminos.net
842,ASSOCIACIÓ NOVES VIES,Sociosolidàries,suport social,2017,www.novesvies.org
927,ASSOCIACIÓ OBAIDO,Lleure,altres entitats de lleure,2022,www.obaidoassociacio.org
935,ASSOCIACIÓ OH HAPPY SINGERS COR,Culturals,musical,2022,
637,ASSOCIACIÓ ORQUESTRA DE TANGO DE BARCELONA,Culturals,musical,2012,www.Latitudtango.com
767,ASSOCIACIÓ PANGEA,Sociosolidàries,suport social,2013,
71,"ASSOCIACIO PARES USUARIS CENTRE ATENCIO ESPECIAL ""CAN RUTI""",Sociosolidàries,suport social,2013,
330,ASSOCIACIO PAU I SOLIDARITAT -CONC-,Sociosolidàries,internacional,2013,www. pauisolidaritat.ccooo.cat
640,ASSOCIACIÓ PEL DESENVOLUPAMENT DE L'EDUCACIÓ VIÀRIA A CATALUNYA -ADEVIC-,Educació,socials,2020,
797,ASSOCIACIÓ PENYA FOTOGRÀFICA DE BADALONA,Culturals,altres entitats culturals,2020,www.penyafotograficabadalona.com
598,"ASSOCIACIO PER A LA MULTICULTURALITAT, LA INFORMACIO I LA CONVIVENCIA SOCIAL",Sociosolidàries,suport social,2013,www.amics-badalona.blogspot.com/
880,ASSOCIACIÓ PER A LA PREVENCIÓ I PROTECCIÓ DELS ANIMALS DEL BARCELONÈS NORD(APPAB,Sociosolidàries,protectora animals,2020,
229,ASSOCIACIO PER A LA PROMOCIO D'ESPECTACLE INFANTIL I JUVENIL,Culturals,altres entitats culturals,1996,www.geocites.com/xarxabadalona
409,ASSOCIACIÓ PER A L'ESTUDI DE L'ECOLOGIA I EL MEDI AMBIENT (ECOIMA),Sociosolidàries,medi ambient,2001,www.terra.es/personal/ecoima
861,"ASSOCIACIÓ PER AL DESENVOLUPAMENT CULTURAL, AMBIENTAL I HUMÁ (CEHDA)",Sociosolidàries,internacional,2017,www.cehdaghana.org
649,"ASSOCIACIÓ PER LA COOPERACIÓ, LA INSERCIÓ SOCIAL I LA INTERCULTURALITAT (ACISI)",Sociosolidàries,suport social,2009,www.acisi.org
662,ASSOCIACIÓ PER LA CULTURA I LA INCLUSIÓ SOCIAL,Culturals,altres entitats culturals,2013,
907,ASSOCIACIÓ PER LA INSERCIÓ SOCIAL I LABORAL,,,2020,www. isil.cat
510,ASSOCIACIÓ PER LA PROMOCIÓ DEL TRANSPORT PÚBLIC,Sociosolidàries,medi ambient,2003,
751,ASSOCIACIÓ PER LA SALUT NATURAL I PARADIGMA QUÀNTIC,,,2012,
506,ASSOCIACIÓ PER L'AJUDA A LA INFÀNCIA DE L'ÀSIA BALBALIKA,Sociosolidàries,suport social,2013,www.ecaibalbalika.com
423,ASSOCIACIO PER L'ASSESORAMENT LEGAL I PSICOLOGIC,Sociosolidàries,altres entitats sociosolidàries,2001,
876,ASSOCIACIÓ PLATAFORMA ACCIÓ BADALONA,Sociosolidàries,suport social,2019,www.acciobadalona.com
826,ASSOCIACIÓ PLATAFORMA SANT ROC SOM BADALONA,Sociosolidàries,veïnal,2016,
844,ASSOCIACIÓ PONTS PER LA PAU,Sociosolidàries,suport social,2017,www.pontsperlapau.com
627,ASSOCIACIÓ PROCESSÓ DEL DIJOUS SANT,Culturals,altres entitats culturals,2013,dijoussantbadalona.cat
703,ASSOCIACIÓ PROJECTE IXTHYS TEATRE,Culturals,teatre,2013,www.projecteixthys.com
200,ASSOCIACIO PRO-RADIO TALLER ONA BADAL,Culturals,comunicació,1995,
821,ASSOCIACIÓ RADIO-TAXI CATALANA 37,Sociosolidàries,suport social,2015,www.radiotaxicatalana.com
812,ASSOCIACIÓ REIKI SOLIDARI,Sociosolidàries,suport social,2015,www.reikisolidari.org
899,ASSOCIACIÓ RESTARTING BADALONA,,,2020,www.rbdn.cat
901,ASSOCIACIÓ SAGRADA MARIA BCN,,,2020,
371,ASSOCIACIÓ SCOUTS BADEN POWELL DE CATALUNYA (ASBPC),,,1999,
304,"ASSOCIACIO SEGONA OPORTUNITAT ANIMAL, OSCAR MONTORO (ASOA)",Sociosolidàries,protectora animals,,www.asoa.net
606,ASSOCIACIÓ SOCIAL AMICS DEL GORG-MAR BADALONA,Sociosolidàries,suport social,2013,
652,ASSOCIACIÓ SOCIOCULTURAL DISTRICTE APATXE,Culturals,activitats diverses,2012,www.asc-districteapatxe.wix/asc
817,ASSOCIACIÓ SOMDE,Econòmiques,altres entitats econòmiques,2020,
850,ASSOCIACIÓ SOS BADALONA,Sociosolidàries,protectora animals,2017,www.sosbadalona.com
818,ASSOCIACIÓ SOS DOG'S BDN,Sociosolidàries,protectora animals,2013,www.sosdogsbdn.com
871,ASSOCIACIÓ TDAH BADALONA,Sociosolidàries,suport social,2019,www.tdahbadalona.com
900,ASSOCIACIÓ TEATBAL CAFÈ SIMBÒLIC,,,2020,hhtps://cafesimbolicoteatro.wordpress.com
714,"ASSOCIACIÓ TIERRA ""Grupo de crecimiento personal""",Sociosolidàries,suport social,2011,www.tierragrupo de crecimiento.es
806,ASSOCIACIÓ TODAY FOR TOMORROW,Sociosolidàries,suport social,2015,
882,ASSOCIACIÓ TORNEM-HI!COL·LECTIU LGTBIQ+ DE BADALONA,Sociosolidàries,suport social,2019,
694,ASSOCIACIÓ UNIÓ DE RADIOAFICIONATS DE BADALONA,Culturals,comunicació,2013,www.seccion.badalona.ure.es
374,ASSOCIACIÓ UNIÓ MARROQUINA-CATALANA D'EDUCACIÓ I CULTURA,Sociosolidàries,suport social,2020,
814,ASSOCIACIÓ ÜTRES TEATRE,Culturals,teatre,2013,
922,ASSOCIACIÓ VEÏNAL DE LA COLONIA DE SANT JORDI - CANYET,Sociosolidàries,veïnal,2021,
885,ASSOCIACIÓ VOLUNTARIS PROTECCIÓ CIVIL BADALONA,Sociosolidàries,altres entitats sociosolidàries,2019,
533,ASSOCIACIÓN DE COMERCIANTES PABLO PIFERRER,Econòmiques,botiguers/res,2020,
625,ASSOCIACIÓN DE PADRES DE ALUMNOS DEL COLEGIO ESPECIAL LLEVANT,Educació,ampas,2013,
868,ASSOCIACIÓN DE VECINOS LA MORA -PORT BDN-,Sociosolidàries,internacional,2019,
601,"ASSOCIACION EMPRESARIAL MIXTA DE INSTALADORES DE ELECTRICIDAD, FONTANERIA, SANEA",Econòmiques,gremis,2013,www.aemifesa.org
855,ASSOCIACION OSSAIN,Lleure,altres entitats de lleure,2017,
700,ASSOCIACIONS DE VEÏNS INTEGRATS DE BADALONA (AVIBA),Sociosolidàries,veïnal,2013,
545,ASSOCIACIONS FEDERADES DE FAMÍLIES D'ALUMNES DE CATALUNYA (AFFAC),Educació,ampas,2020,www.fapac.net
803,ASSOIACIÓ D'USUARIS D'ALOE-VERA,Sociosolidàries,suport social,2017,www.aloe-vera.cat
805,ASSOIAIÓ ONA MAR LLEFIÀ,Culturals,comunicació,2014,www. onamar.net
779,"ATECA, Associació sobre el tractament i estudi cannàbic i l'autoconsum",Lleure,altres entitats de lleure,2020,
159,ATENEO DE POMAR,Culturals,altres entitats culturals,1987,
388,ATENEU INTERNACIONAL,Sociosolidàries,internacional,1987,
773,ATLETES VEGETARIANS SENSE LÍMITS CLUB ESPORTIU,Esportives,altres activitats esportives,2013,www.atletesvegetarianssenselimits.blogspot.com
243,AULA DE LA PARAPSICOLOGIA I PARACIENCIES,Culturals,activitats diverses,1996,
179,AULA D'EXTENSIO UNIVERSITARIA PER A LA GENT GRAN,Educació,socials,2013,aulabadalona.cat
2,AV. BARRI LA PAZ,,,2013,
89,AV. BARRI PROGRES,Sociosolidàries,veïnal,2013,
86,AV. BONAVISTA,Sociosolidàries,veïnal,2013,
24,AV. BUFALÀ-BADALONA 12,Sociosolidàries,veïnal,2020,
41,AV. CAN CLARIS,Sociosolidàries,veïnal,2013,
61,AV. CANYADO,Sociosolidàries,veïnal,2020,www.avcanyado.entitatsbadalona.net
7,AV. CENTRE DE BADALONA,Sociosolidàries,veïnal,2020,www.avcentre.entitatsbadalona.net
44,AV. CONGRESO,Sociosolidàries,veïnal,2013,
28,AV. DALT LA VILA,Sociosolidàries,veïnal,2017,www.daltlavila.cat
275,AV. DE CAN MERCADER,Sociosolidàries,veïnal,2013,
292,AV. DE CANYET DE BADALONA,Sociosolidàries,veïnal,2013,
317,AV. DE COLL I PUJOL,Sociosolidàries,veïnal,2020,www.avcollipujol.org
287,AV. DE PUIGFRET,Sociosolidàries,veïnal,2013,
257,AV. DEL GORG-MAR,Sociosolidàries,veïnal,2013,www.avgorgmar.com
66,AV. DEL SECTOR DE SANT ROC,Sociosolidàries,veïnal,2013,
153,AV. FONDO SISTRELLS,Sociosolidàries,veïnal,2013,
612,AV. FRONT MARÍTIM DE BADALONA,Sociosolidàries,veïnal,2020,www.frontmaritimbdn.com
59,AV. IRIS-SOL-CASAGEMES,Sociosolidàries,veïnal,2013,
68,AV. JOAQUIM RUYRA,Sociosolidàries,veïnal,2013,
29,AV. JUAN VALERA,Sociosolidàries,veïnal,2020,
33,AV. LA COLINA,Sociosolidàries,veïnal,2019,
8,AV. LA SALUT ZONA ALTA,Sociosolidàries,veïnal,2020,
38,AV. LLOREDA,Sociosolidàries,veïnal,2013,
27,AV. MANRESA,Sociosolidàries,veïnal,2013,
190,AV. MONTIGALA,Sociosolidàries,veïnal,2013,www.avmontigala.org
263,AV. MONTIGALA 342-BATLLORIA,Sociosolidàries,veïnal,2013,
94,AV. NOVA LLOREDA NORD,Sociosolidàries,veïnal,2013,
57,AV. NOVA LLOREDA SUD,Sociosolidàries,veïnal,2013,
37,AV. POMAR,Sociosolidàries,veïnal,2020,
73,AV. RAVAL,Sociosolidàries,veïnal,2012,
98,AV. REMEI,Sociosolidàries,veïnal,2015,
43,AV. SANT JAUME,Sociosolidàries,veïnal,2013,
32,AV. SANT JOAN DE LLEFIÀ  GRAN SOL,Sociosolidàries,veïnal,2013,
745,AV. SANT JOAN DE LLEFIÀ DE BADALONA,,,2013,
30,AV. SANT JOAN LLEFIA ALT,Sociosolidàries,veïnal,2013,
26,AV. SANT MORI-LLEFIA,Sociosolidàries,veïnal,2013,
14,AV. SISTRELLS,Sociosolidàries,veïnal,2020,
218,"AV. ""URBANITZACIO COMPLEX CATALUNYA""",Sociosolidàries,veïnal,2013,
11,AV. VERGE LA SALUT,Sociosolidàries,veïnal,2020,
671,AVALOT - JOVES DE LA UGT DE CATALUNYA,Sociosolidàries,partits i sindicats,2009,www.avalot.org
760,AVV ASSOCIACIÓ OCELLAIRE I RECREATIVA DE JOVES EN BADALONA ,Lleure,altres entitats de lleure,2013,
495,"BADABICIS, ASSOCIACIÓ D'USUARIS DE LA BICICLETA DE BADALONA",Sociosolidàries,medi ambient,2003,
567,BADAGATS,Sociosolidàries,protectora animals,2013,www.badagats.blogspot.com
366,BADALONA BASQUET BASE (BBB),Esportives,bàsquet,2020,www.abbbasquet.com
536,BADALONA BÀSQUET CLUB,Esportives,bàsquet,2004,
420,BADALONA BESTIES DE FOC,Culturals,tradicionals,2013,www.badalonabestiesdefoc.org
877,BADALONA CRICKET CLUB,Esportives,altres activitats esportives,2019,www.cricket.cat
96,BADALONA SARDANISTA,Culturals,musical,2013,
827,BADALONA SHAHEENS CRICKET CLUB,Esportives,altres activitats esportives,2016,
921,BADALONA VEÏNS SOLIDARIS,Sociosolidàries,suport social,2021,
560,BADASE - SUPORT SOCIAL -,Sociosolidàries,suport social,2005,
270,"BANDA DE CORNETAS,TAMBORES Y MAJORETTES DE SANT ROC",Culturals,musical,1997,
642,BATENEU (Ateneu de Badalona),Culturals,activitats diverses,2013,www.bateneu.wordpress.com
708,BOMBEROS HUMANITARIOS PARA AYUDA CASO CHERNOBIL,Sociosolidàries,suport social,2013,www.bomberoshumanitarios.org
429,BUFALÀ COMERÇ,,,2002,
250,CADICC -Centre d'Harmonització i Dinamització Intercultural,Culturals,activitats diverses,1996,
609,CAP-ROL WARGAMES,Lleure,altres entitats de lleure,2007,
386,CARITAS DIOCESANA DE BARCELONA,Sociosolidàries,altres entitats sociosolidàries,2013,www.caritasbcn.org
693,CASA AMERICA DE BADALONA,Sociosolidàries,suport social,2013,www.casaamericadebadalona.com
19,CASA CULTURAL RECREATIVA ANDALUCIA Y CATALUNYA,,,2013,
485,CASAL ANTONI SALA I FONT,Culturals,activitats diverses,2003,
580,CASAL ARGENTINO DE BADALONA,Culturals,cultura estrangera,2013,www.casalargentino.com
260,CASAL D'AMISTAT AMB CUBA DE BADALONA,Sociosolidàries,internacional,1996,
323,CASAL D'AVIS CANYADÓ,Sociosolidàries,gent gran,2013,
177,CASAL D'AVIS RAVAL,Sociosolidàries,gent gran,2013,
562,CASAL DE JOVES EL LOKAL,Lleure,altres entitats de lleure,2012,
97,CASAL DE LA DONA DE POMAR (Grup dones Pomar),Sociosolidàries,dones,2020,
314,CASTELLERS DE BADALONA,Culturals,tradicionals,2020,www.castellersdebadalona.cat
628,CATALUNYA CAMINA: ASSOCIACIÓ PER ALS DRETS DELS VIANANTS,Sociosolidàries,altres entitats sociosolidàries,2013,www.catalunyacamina.org
377,CCC GRUPO ROCIERO LAS ARENAS,Culturals,tradicionals,2012,
473,C.D. POMAR,Esportives,futbol,2012,www.cdpomar.com
404,CENTRE DE DOCUMENTACIO ANTIAUTORITARI I LLIBERTARI CEDALL,Culturals,activitats diverses,2001,www.cedall.org
193,CENTRE D'ESPLAI ASPIRANTAT SANT JOSEP,Lleure,esplais,2012,
23,CENTRE EXCURSIONISTA DE BADALONA,Lleure,excursionisme,2020,www.cebadalona.org
128,CENTRE MARISTA D'ESCOLTES (G.E. Champagnat),Lleure,excursionisme,1998,
62,CENTRO ANDALUZ CASA DE HUELVA EN BADALONA,Culturals,tradicionals,2009,
272,CENTRO ARAGONES DE BADALONA,,,2013,www.cabdn.com
156,CENTRO CULTURAL ASOCIATIVO BARRIO DE LA SALUD,Culturals,activitats diverses,1993,
413,CENTRO CULTURAL CALO,Culturals,activitats diverses,2013,
375,CENTRO CULTURAL GRUPO MAGREBÍ ANAHDA,Culturals,cultura estrangera,2013,
46,CENTRO CULTURAL ROCIERO ANDALUZ NTRA. SRA. DE LA ESPERANZA,Culturals,tradicionals,2013,www.centrolaesperanza.com
139,CINEISTES INDEPENDENTS DE BADALONA,,,1992,
3,CIRCOL CATOLIC,,,1988,
160,CJS  SOM-HI TOTS,Lleure,esplais,2013,
529,CLUB BASQUET BUFALÀ DE BADALONA,Esportives,bàsquet,2012,
393,CLUB BILLAR ALBA DE BADALONA,Esportives,altres activitats esportives,2020,
238,CLUB CICLISTA BADALONA,Esportives,ciclisme,2012,
130,CLUB COLUMBOFIL BETULA MISSATGERA,Esportives,altres activitats esportives,2013,www.clbbetulo.com
459,CLUB D'AGILITY BADALONA,Esportives,altres activitats esportives,2002,www.agilitybadalona.com
302,CLUB D'AGILITY I EDUCACIO CANINA BADALONA,Esportives,altres activitats esportives,2012,
617,CLUB DE  PETANCA NUEVA BADALONA,Esportives,petanca,2020,
470,CLUB DE BASQUET SANT JOSEP-BADALONA,Esportives,bàsquet,1987,www.cbsantjosep.com
660,CLUB DE BITLLES BADALONA,,,2020,www.clubdebitllesbadalona.blogspot.com
235,"CLUB DE FANS DE ELVIS, de Badalona",,,1996,
415,CLUB DE FUTBOL SALA JOLIS 2000,Esportives,futbol,2001,
692,CLUB DE FUTBOL SANT CRIST MOLDAVIA,Esportives,futbol,1987,
449,CLUB DE GIMNÀSTICA RITMICA MIL·LENIUM,Esportives,altres activitats esportives,2020,
712,CLUB DE PATINATGE ARTÍSTIC BADALONA,Esportives,altres activitats esportives,2017,
589,CLUB DE PESCA ESPORTIVA BADAMAR,Esportives,altres activitats esportives,2020,
133,CLUB DE PETANCA PAïSOS CATALANS,Esportives,petanca,2012,
565,CLUB DE REM BADALONA,Esportives,altres activitats esportives,2013,www.rembadalona.cat
448,CLUB DEPORTIVO MINUSVÁLIDOS BÉTULO,Sociosolidàries,discapacitats/des,2002,
552,CLUB D'ESCACS BADALONA,Esportives,escacs,2013,www.escacsbadalona.blogspot.com
770,CLUB D'SKATEBOARD LOS PLANOS SKATEPLAZA,,,2020,www.losplanosskateplaza.tumblr.com
462,CLUB ESCACS SANT JOSEP,Esportives,escacs,2020,
518,CLUB ESPORTIU BADALONA ORIENTACIÓ,Esportives,futbol,2003,
214,CLUB ESPORTIU DE SORDS DE BADALONA,Esportives,altres activitats esportives,2012,www.llarsordbadalona.org
755,CLUB ESPORTIU MARMUN ESPORT,Esportives,altres activitats esportives,2012,
846,CLUB ESPORTIU ROLLER DERBY BADALONA (RDB),Esportives,altres activitats esportives,2017,
407,CLUB ESPORTIU SEAGULL BDN,Esportives,futbol,2013,www.terra.es/personal4/seagullce
631,CLUB ESPORTIU URBAN,Esportives,altres activitats esportives,2008,www.urbangim.com
764,CLUB ESQUAIX CASAGEMESBADALONA,Esportives,altres activitats esportives,2013,
576,CLUB FUTBOL AFRICA ESPORT,Esportives,futbol,2005,
344,CLUB FUTBOL BADALONA,Esportives,futbol,2013,
514,CLUB FUTBOL BUFALA,Esportives,futbol,2003,
575,CLUB FUTBOL SALA BAKANOS,Esportives,futbol,2005,
574,CLUB FUTBOL SISTRELLS,Esportives,futbol,2013,www.cfsistrells.com
666,CLUB KARATE OYAMA'S BADALONA,Esportives,altres activitats esportives,2009,
412,CLUB KORFBAL BADALONA (La Rotllana),Esportives,altres activitats esportives,2001,www.webpersonal.net/korfball
553,CLUB MARISTES ADEMAR,Esportives,bàsquet,2020,
120,CLUB NATACIO BADALONA,Esportives,altres activitats esportives,2013,www.cnbadalona.cat
496,CLUB NÀUTIC BÉTULO,Esportives,altres activitats esportives,2013,www.cnbetulo.com
161,CLUB OBENC,Esportives,,2017,www.obenc.org
505,CLUB PATI BADALONA,Esportives,altres activitats esportives,2003,
688,CLUB PATÍ SANT JOSEP DE BADALONA,Esportives,altres activitats esportives,2010,
511,CLUB PETANCA BADALONA,Esportives,petanca,2020,
456,CLUB PETANCA BUENAVISTA A.VV.,Esportives,petanca,2002,
242,CLUB PETANCA CANYADO,Esportives,petanca,2012,
147,CLUB PETANCA LA SALUD,Esportives,petanca,2013,
357,CLUB PETANCA LLOREDA,Esportives,petanca,2020,
134,CLUB PETANCA MONTIGALA,Esportives,petanca,2017,
115,CLUB PETANCA SAN JUAN DE LLEFIA ALTO,Esportives,petanca,2019,www.daltlavila.org
230,CLUB PETANCA SANT ROC,Esportives,petanca,1996,
266,CLUB PETANCA SPORT SAN ROQUE,,,1997,
878,CLUB PIRAGÜISME BADALONA,Esportives,activitats marítimes,2019,
443,CLUB RÍTMICA BADALONA,,,2002,
613,CLUB RÍTMICA GIM VANES SPORT,Esportives,altres activitats esportives,2013,
735,CLUB RÍTMICA MONTIGALÀ BADALONA,,,2012,
661,CLUB TENNIS TAULA BADALONA,,,2013,www.cttbadalona.cat
786,CLUB TWIRLING CIUTAT DE BADALONA,Esportives,altres activitats esportives,2013,
915,CLUB VOLEI BADALONA,,,2021,www.cvbadalona.com
783,CLUB WINDSURF BADALONA,Esportives,activitats marítimes,2014,
416,COLLA BADALONINA DE LA MOIXIGANGA,Culturals,tradicionals,2012,
187,COLLA DE GEGANTERS DE BADALONA,Culturals,tradicionals,1994,www.terra.es/persona12/gegantsbadalona
542,COLLA GEGANTERA DE L'ESCOLA JUNGFRAU DE BADALONA,Culturals,tradicionals,2004,www.escolajungfrau.net/gegants
226,COL·LECTIU DE RECERQUES ARTISTIQUES (K.R.A.),Culturals,altres entitats culturals,1995,
447,COL·LECTIU D'HOMES CONTRA LA VIOLÈNCIA DE GÈNERE DE BADALONA,Sociosolidàries,dones,2002,
571,"COL·LECTIU LILITH, Associació de Dones contra la Violència de Gènere",Sociosolidàries,dones,2012,
273,COMISION DE FIESTAS DEL BARRIO DE LA SALUD,Culturals,festes populars,2012,
753,COMUNICART (Associació per a la inclusió de les Persones amb autisme) ,Sociosolidàries,discapacitats/des,2012,www.autismocomunicart.org
761,COMUNIDAD ISLAMICA DE BADALONA AL-RIDUAN,Sociosolidàries,altres entitats sociosolidàries,2013,
333,COMUNIDAD MUSULMANA DE BADALONA,Sociosolidàries,suport social,2013,
486,CONFEDERACIÓN GENERAL DEL TRABAJO,Sociosolidàries,partits i sindicats,2003,
9,CONFRARIA DE PESCADORS DE BADALONA,,,2013,
402,CONFRARIA DE SANT ANASTASI,Culturals,tradicionals,2013,www.satanastasibadalona.com
556,CONSELL DE LA JOVENTUT DE BADALONA,Lleure,altres entitats de lleure,2004,
436,CONSELL ESPORTIU BARCELONÈS NORD,Esportives,altres activitats esportives,2012,www.cebnord.com
450,CONSERVEM EL PONT DEL PETROLI,Sociosolidàries,altres entitats sociosolidàries,2002,
945,CONVENTO DE LA MARE DE DEU DEL CARME,Sociosolidàries,altres entitats sociosolidàries,2023,
206,COOPERACCIO Agència Catalana de Cooperació Internacional,Sociosolidàries,internacional,2012,www.cooperaccio.org
64,COOPERATIVA LA MORAL DE BADALONA,Culturals,activitats diverses,2013,www.cooperativalamoral.com
245,COORDINADORA BADALONA SOLIDARIA,Sociosolidàries,altres entitats sociosolidàries,1987,
452,COORDINADORA D'ASSOCIATS PER LA LLENGUA CATALANA,Culturals,altres entitats culturals,2020,
522,COORDINADORA D'ENTITATS BADALONINES DE CULTURA TRADICIONAL I POPULAR CATALANA,Culturals,tradicionals,2003,
50,COR DE MARINA,Culturals,musical,2020,www.cordemarina.cat
488,CORAL ART I CULTURA DE CANYET,Culturals,musical,2003,
381,COS DE PORTANTS DEL SANT CRIST DE BADALONA,Culturals,festes populars,1998,
122,CP BETULO,Esportives,petanca,2013,
286,CREU ROJA BARCELONÈS NORD,Sociosolidàries,altres entitats sociosolidàries,2012,
149,CRISTIANOS SIN FRONTERAS,Sociosolidàries,altres entitats sociosolidàries,2013,
897,CURSES OBSTACLES RECONNECTA BADALONA,,,2020,www.reconnecta.cat
405,EDICIONS FET A MA,Culturals,comunicació,2001,
34,EL MICAQUER ESPLAI I TEMPS LLIURE,Lleure,esplais,2013,www.elmicaquer.com
480,"ELS VERDS DE BADALONA, PER A LA DEFENSA DEL PATRIMONI NATURAL I CULTURAL",Sociosolidàries,medi ambient,2002,
55,ENTORN INICIATIVES DE LLEURE,Lleure,altres entitats de lleure,1988,
550,EQUIP DE TREBALL ÀFRICA NEGRA L'ENSENYAMENT (ETANE),,,2013,
729,ESABAR SAHARAUI BADALONA COOPERACIÓN,Sociosolidàries,internacional,2020,
433,ESCOLA TALLER RÀDIO BUFALÀ,,,2002,
794,ESPIRITU DE SANTA CRUZ DE LA SIERRA,Culturals,cultura estrangera,2013,
256,ESPLAI BUENOYQUE,,,1996,
568,ESPLAI LA FORMIGA,Lleure,esplais,2020,
168,ESPLAI MIGVOLT DE SANTA MARIA,Lleure,esplais,2013,
213,ESPLAI SANT PAU,Lleure,esplais,1995,
278,ESPLAIS CATALANS -ESPLAC Barcelonés Nord-,Lleure,esplais,2013,www.esplac.cat
497,"FACTORIA FILMETS, ASSOCIACIÓ FILMETS BADALONA",Culturals,altres entitats culturals,1987,
502,F.C. LLOREDA,Esportives,futbol,2013,
1,FEDERACIO AV. BADALONA -FAVB-,Sociosolidàries,veïnal,2020,
528,FEDERACIÓ CATALANA D'ESPORTS PER A MINUSVALIDS DE BARCELONA,Esportives,altres activitats esportives,2004,www.fcemf.org
835,FEDERACIÓ COMISSIÓ SUPERIOR DE LA CULTURA I DELS MUSULMANS CATALANS (FCSCIM.CAT),Sociosolidàries,altres entitats sociosolidàries,2020,
645,FEDERACIÓ D'ASSOCIACIONS DE MARES I PARES D'ALUMNES DE CENTRES PÚBLICS DE BADALO,Educació,ampas,2008,
611,FEDERACIÓ D'ASSOCIACIONS DE MARES I PARES D'ALUMNES D'ENSENYAMENT SECUNDARI DE C,,,1987,www.fapaes.net
460,FEDERACIÓ D'ASSOCIACIONS DE VENEDORS DELS MERCATS MUNICIPALS DE BADALONA,Econòmiques,botiguers/res,2012,www.mercatsbadalona.cat
276,FEDERACIO DE COMERÇ DEL CENTRE DE BADALONA -FCCB-,Econòmiques,gremis,2011,
793,FEDERACIÓ DONES BADALONA 2013,Sociosolidàries,dones,2014,
338,FEDERACIÓ EMPRESARIAL DE BADALONA,Econòmiques,gremis,1998,
790,FEDERACION DE LA COMUNIDAD BOLIVIANA EN CATALUNYA (FECOABOL),Culturals,cultura estrangera,2020,
369,FETE-UGT NORDORIENTAL-MARESME,Sociosolidàries,partits i sindicats,2012,
399,FOLRE SERVEI D'ACOLLIDA,Sociosolidàries,suport social,2012,
763,FONDO XI CRICKET CLUB,Esportives,altres activitats esportives,2013,
616,FRATERNIDAD ARTE Y CULTURA BOLIVIAMANTA,Culturals,cultura estrangera,2013,
365,"FUNDACIÓ ""ACOLLIDA I ESPERANÇA""",,,2013,www.acollida.org
583,FUNDACIÓ ADRA,Sociosolidàries,suport social,1987,www.adra-es.org
772,FUNDACIÓ ASPANIN PATRIMONI,Sociosolidàries,discapacitats/des,2013,www.aspanin.cat
853,FUNDACIÓ BADALONA CAPAÇ,Sociosolidàries,discapacitats/des,2017,www.bdncapac.cat
919,FUNDACIÓ BOSCO GLOBAL,Sociosolidàries,internacional,2021,www.boscoglobal.org
437,FUNDACIÓ CARLES BLANCH,Sociosolidàries,suport social,2013,www.fje.edu/fcb
942,FUNDACIÓ CHAMPAGNAT FUNDACIÓ PRIVADA,Educació,altres entitats d'educació,2022,
723,FUNDACIÓ DAINA PER LA DEFENSA DELS ANIMALS I LA NATURA,Sociosolidàries,protectora animals,2011,
866,FUNDACIÓ DOMUS MISERICORDIAE SANT JOSEP,Sociosolidàries,suport social,2020,
926,FUNDACIÓ ÈPICA LA FURA DELS BAUS,Culturals,activitats diverses,2022,www. epicalab.com
913,FUNDACIÓ ESPORTIVA D'ARENYS DE MAR,,,2021,www.fedmar.com
891,FUNDACIÓ FUTBOL BADALONA,Esportives,futbol,2019,
771,FUNDACIÓ GESTIÓ I SUPORT,Sociosolidàries,discapacitats/des,2013,
933,FUNDACIÓ INSTITUT D'INVESTIGACIÓ EN CIÈNCIES DE LA SALUT GERMANS TRIAS I PUJOL,Sociosolidàries,altres entitats sociosolidàries,2022,www.germanstrias.org
469,FUNDACIÓ INTERMÓN OXFAM,Sociosolidàries,internacional,2012,
247,FUNDACIO INTERNACIONAL OLOF PALME,Sociosolidàries,suport social,2012,www.fiop.net
849,FUNDACIÓ ISOM,Sociosolidàries,suport social,2017,www.isom.cat
884,FUNDACIÓ PER A LA RECERCA BIOMECÀNICA GERMANS TRIAS I PUJOL,Sociosolidàries,altres entitats sociosolidàries,2019,www.igtp.catSevei de Salut
367,"FUNDACIÓ PERE CLOSA, per la formació i promoció dels gitanos a Catalunya",Sociosolidàries,suport social,2013,www.fundaciopereclosa.org
905,"FUNDACIÓ PRESÈNCIA, ACCÉS I MOBILITAT",,,2020,
288,Fundació Privada  MON-3,Sociosolidàries,internacional,1997,
658,FUNDACIÓ PRIVADA AMIBA,Sociosolidàries,suport social,2013,"www.a,iba.org"
698,FUNDACIÓ PRIVADA AMICS GENT GRAN ,Sociosolidàries,gent gran,2013,www.amicsdelagentgran.org
586,FUNDACIÓ PRIVADA ATENEU SANT ROC,Sociosolidàries,suport social,2013,www.fundacioateneusantroc.org
504,FUNDACIÓ PRIVADA BADALONA CONTRA EL CÀNCER,Sociosolidàries,suport social,2003,
706,FUNDACIÓ PRIVADA BADALONA OBERTA,Sociosolidàries,altres entitats sociosolidàries,2020,
310,Fundació Privada BADALONA TREBALL PELS DISMINUÏTS,,,1998,
944,FUNDACIÓ PRIVADA CORAVANT,Sociosolidàries,suport social,2023,
811,FUNDACIÓ PRIVADA ESPAI NATURA I JOVENTUT,Sociosolidàries,infància,2015,www.fundacioespai naturajoventut.org
920,FUNDACIÓ PRIVADA FORMACIÓ I TREBALL,Sociosolidàries,suport social,2021,www.formacioitreball.org
836,FUNDACIÓ PRIVADA GERMINA,Sociosolidàries,suport social,2016,www.germina.org
924,FUNDACIÓ PRIVADA GUNÉ PER A LA INFÀNCIA I EL CODESENVOLUPAMENT,Sociosolidàries,infància,2020,www.projectes@fundaciogune.org
636,FUNDACIÓ PRIVADA JOVENTUT,Esportives,bàsquet,2012,www.penya.com
776,FUNDACIÓ PRIVADA JUBERT FIGUERAS,Sociosolidàries,suport social,2013,www.fjubertfigueras.org
928,FUNDACIÓ PRIVADA LLARS COMPARTIDES,Sociosolidàries,gent gran,2022,www.llarscompartides.org
778,FUNDACIÓ PRIVADA LLEGAT ROCA I PI,Sociosolidàries,suport social,2013,www.rocaipi.cat
569,FUNDACIÓ PRIVADA SALUT ALTA,Sociosolidàries,suport social,2020,www.fundaciolasalutalta.org
653,FUNDACIÓ PRIVADA SIQUE,Sociosolidàries,discapacitats/des,2013,www.fundaciosique.org
426,FUNDACIO SANT PERE CLAVER DEL CLOT (Centre d'esplai Lluís Mª Chanut),,,2020,
717,FUNDACIÓN AYUDA SOLIDARIA HIJAS DE JESUS,Sociosolidàries,internacional,2013,www.fasfi.org
445,FUNDACION FAMILIAS UNIDAS,Sociosolidàries,internacional,2020,www.familiasunidas.org
950,FUNDACIÓN INTERMEDIA,Sociosolidàries,suport social,2023,
870,FUNDACIÓN VICENTE FERRER,Sociosolidàries,internacional,2018,www.fundacionvicenteferrer.org
614,FUTBOL CLUB DIAGONAL,Esportives,futbol,2020,
635,GESTA,Sociosolidàries,internacional,2012,www.gesta-africa.org
379,GREMI DE CONSTRUCTORS D'OBRES DE BADALONA,Econòmiques,gremis,2012,www.febbdn.com
144,GREMIO COMARCAL DE HOSTELERIA Y TURISMO DE BADALONA,,,2013,ght.cat
356,GRUP BELLES ARTS MUSEU DE BADALONA ASSOC,Culturals,altres entitats culturals,2013,
232,GRUP DE COMERCIANTS CANONGE BARANERA,Econòmiques,botiguers/res,2017,
111,GRUP DE DIABLES DE BADALONA,Culturals,tradicionals,1991,
389,GRUP DE DONES A DALT LA VILA,Sociosolidàries,dones,2001,
341,GRUP DE DONES CONGRÉS,Sociosolidàries,dones,2020,
461,GRUP DE DONES DE BONAVISTA,Sociosolidàries,dones,2013,
259,Grup de Dones DONES EN MOVIMENT,Sociosolidàries,dones,2013,
372,GRUP DE DONES VENUS,Sociosolidàries,dones,2020,
297,GRUP DE DONES VERGE DE LA SALUT,Sociosolidàries,dones,2013,
254,GRUP DE TEATRE EL GRIS SALESIANS BADALONA,Culturals,teatre,1987,www.elgristeatre.com
69,GRUP D'ESPELEOLOGIA DE BADALONA,Esportives,altres activitats esportives,1988,www.gencat.es/entitats/espeleolo.htm
150,GRUP D'ESPLAI NOLOSE,Lleure,esplais,2012,
178,GRUP EXCURSIONISTA NOVA LLOREDA,Lleure,excursionisme,1994,
146,GRUP FILATELIC BADALONA,Culturals,altres entitats culturals,2013,www. grupfilatelicbadalona.blogspot.com
45,GRUPO AMIGOS DEL MINUSVALIDO -GAM-,Sociosolidàries,discapacitats/des,2010,
299,HERMANDAD ROCIERA ANDALUZA VIRGEN DEL ROCIO LA ESPERANZA,,,1987,
869,IGLESIA EVANGÉLICA DE RESTAURACIÓN CRISTIANA EL SHADDAI ,Sociosolidàries,suport social,2020,
704,IGLESIA EVANGÉLICA PASIÓN DE MULTITUDES MARANATA,Culturals,altres entitats culturals,2011,
739,IGLESIA EVANGELISTA EBENEZER DE BARCELONA,,,2012,www.esglesiaevangelica-manna.com
384,INFANCIA CON FUTURO,Sociosolidàries,altres entitats sociosolidàries,2013,infanciaconfuturo.org
867,INTEGRACIÓ SOCIAL DE MENORS -ISOM-SCCL,Sociosolidàries,infància,2017,www.isom.cat
784,IPANEMA (Asociación de usuarios/as de Cannabis),Lleure,altres entitats de lleure,2014,
697,JUSTÍCIA I PAU,Sociosolidàries,altres entitats sociosolidàries,2010,www.justiciaipau.org
780,KAYA (Asociación de usuarios/as de cannabis),Culturals,altres entitats culturals,2014,
192,"K-LIU BADALONA ""ASSOCIACIÓ INFANTIL I JUVENIL""",Lleure,esplais,1994,
489,LA BOSSA VERDA - ADIT,Culturals,tradicionals,2012,
593,LA TROBADA Associaci'o d'Usuaris de la Salut Mental,Sociosolidàries,suport social,2006,
406,L'AULA PER L'ESTUDI I LES TERÀPIES ALTERNATIVES,Culturals,comunicació,2012,
215,LLAR DEL SORD DE BADALONA,Sociosolidàries,discapacitats/des,1987,
198,LLIGA CATALANA PROM.INTEG.MINORIA NEGRA ESPANYOLA -LICAPIMNE,Sociosolidàries,internacional,1995,
361,"MARENOSTRUM, Associació pro persones amb retard mental",,,1999,
825,MARLEY'S DREAM ASSOCIACIÓ CANNÀBICA,Culturals,altres entitats culturals,2016,
600,MEDICAMENTS SOLIDARIS,Sociosolidàries,internacional,2013,
312,MENJAR SOLIDARI,Sociosolidàries,suport social,1998,
530,MIQUELETS DE BADALONA COLLA TRABUCAIRE,Culturals,tradicionals,2013,www.miqueletsdebadalona.com
492,"MIRA, MIRA, Club d'Amics dels Estels",Lleure,altres entitats de lleure,2003,www.mira-mira.org
508,MOTOCLUB BADALONA,Esportives,altres activitats esportives,2020,
543,OBSERVATORI DE LA VIOLÈNCIA DE GÈNERE I DE LA DISCRIMINACIÓ A BADALONA,Sociosolidàries,dones,2004,
903,OCULARIS ASSOCIACIÓ,,,2020,www.ocularis.ong
151,OMNIUM CULTURAL,Culturals,activitats diverses,2013,www.omniumcultural.com
15,ORFEO BADALONI,,,2012,
579,PAISANOS DE DOS TORRES EN CATALUNYA,Culturals,festes populars,2012,
937,PAK I CARE CRICKET CLUB BADALONA,Esportives,altres activitats esportives,2022,
124,PASSADA DE SANT ANTONI ABAD DE BADALONA,Culturals,tradicionals,2012,
294,PENYA BARCELONISTA D'ARTIGUES I BADALONA SUD,,,2012,
479,PENYA BARCELONISTA DE BUFALA,Esportives,futbol,2002,
363,PENYA BARCELONISTA PEP VENTURA DE BADALONA,Esportives,altres activitats esportives,2020,
484,PENYA BLANC I BLAVA BADALONA 2002,Esportives,futbol,2003,
362,PENYA FONDISTES BADALONA,Esportives,altres activitats esportives,2017,www.penyafondistesbadalona.com
478,PENYA MORERA CLUB DE FUTBOL,Esportives,futbol,2002,
10,PEÑA ANDALUZA JUAN DE ARCOS,,,2013,
174,PEÑA MADRIDISTA SISTRELLS,Esportives,altres activitats esportives,1993,
140,PEÑA PETANCA POMAR,Esportives,petanca,2012,
746,PICAM (Prevenció i informació càncer Molins),,,2013,www.picam.molinsderei.net
431,PLATAFORMA CIUTADANA BÉTULO,Sociosolidàries,suport social,2013,www.aebufala.entitatsbadalona.net
537,PLATAFORMA DEIXEM DE SER INVISIBLES,Sociosolidàries,discapacitats/des,2017,www.dsi.cat
534,PLATAFORMA PER A UN EQUIPAMENT SOCIOCULTURAL PER  PERSONES I ENTITATS DE BUFALÀ,Sociosolidàries,suport social,2004,www.canbarriga.org
477,PLATAFORMA SOCIO CULTURAL DE LA GENT GRAN,,,2013,
520,PONT DEL PETROLI,Culturals,altres entitats culturals,2003,
531,PRESPECTIVAS CLUB SOCIAL HUMANISTA,,,2004,
464,PROGAT BADALONA,Sociosolidàries,protectora animals,2004,www.progatbdn.org
252,PROMUSIC AMICS DEL JAZZ DE BADALONA,Culturals,musical,1996,
724,PUNT D'ART,Culturals,altres entitats culturals,2013,
482,QUART MÓN PARES CARMELITES,,,2013,
284,RACO DE L'ART I LA MUSICA,Culturals,musical,2012,
36,RADIO UNION BADALONA -RUBA-,Culturals,altres entitats culturals,1988,
334,RINCÓN EXTREMEÑO,Culturals,tradicionals,2013,
626,ROTARY CLUB BADALONA,Sociosolidàries,altres entitats sociosolidàries,2013,www.rotarybadalona.org
690,RUGBY CLUB BADALONA,Esportives,altres activitats esportives,1987,www.rugbybadalona.com
400,SALESIANS SANT JORDI,Lleure,esplais,2013,
819,"SARSAL, ASOCIACIÓN DE SEGURIDAD VIAL",Sociosolidàries,suport social,2013,www.sarsal.org
283,SETEM CATALUNYA (Servei Tercer Món),Sociosolidàries,internacional,1997,
674,"SOCIEDAD DE CAZADORES CAN MAYOT ""AMIGOS DEL PERRO""",Esportives,altres activitats esportives,2013,
340,SOCIETAT COLUMBICULTORA POMAR,Esportives,altres activitats esportives,1998,
293,SOCIETAT CORAL LA BADALONENSE,Culturals,musical,2013,
188,SOCIETAT CULTURAL L'OLIVA,Culturals,altres entitats culturals,2020,www.scloliva.com
417,SOCIETAT D'ACTIVITATS SUBAQUÀTIQUES DE BADALONA (SASBA),Esportives,activitats marítimes,2013,www.sasbabadalona.com
499,SOCIETAT DE CAÇADORS BADALONA,Esportives,altres activitats esportives,2003,www.cazabadalona.com
471,SOCIETAT ESPORTIVA DE PESCA MARÍTIMA BADALONA,,,2002,
573,SOCIETATAT DE CAÇADORS OCELLAIRE POMAR,Esportives,altres activitats esportives,2010,
715,"SOLIDARIDAD, EDUCACIÓN Y DESARROLLO (SED)",Sociosolidàries,internacional,2011,www.maristes.org/sed
515,SPORT CICLISTA BETULO,Esportives,ciclisme,2013,www.sportciclistabetulo.es
732,SRI GURU RAVIDASS BHAWAN,,,2020,
624,"TAI CHI, SALUT I CONCIÈNCIA",Educació,altres entitats d'educació,2013,
588,TALLER BDN,Culturals,activitats diverses,2006,
683,TEATRE DE PAS,Culturals,teatre,2010,
633,TENNIS CLUB BADALONA,Esportives,altres activitats esportives,2013,www.tennisclubbadalona.org
167,TERTULIA FLAMENCA DE BADALONA,Culturals,altres entitats culturals,2017,www.catertuliaflamenca.es
709,THE CRYPTS PRODUCTIONS,Culturals,altres entitats culturals,2012,www.thecrypts.org
886,TIJERAS SOLIDARIAS,Sociosolidàries,suport social,2019,www.tijerassolidarias.org
947,TURÓ GATS,Sociosolidàries,protectora animals,2020,
172,UNIÓ  ESPORTIVA LLONGUERAS DE SANT CRIST,Esportives,futbol,1993,
20,UNIO COMARCAL BARCELONES NORD -U G T-,,,2013,www. ugt.cat
78,UNIO DE CONSUMIDORS DE CATALUNYA,Econòmiques,altres entitats econòmiques,2013,
360,UNIÓ DEPORTIVA AGUILA,Esportives,futbol,2020,
879,UNIO GENERAL DE TREBALLADORS DE CATALUNYA,Sociosolidàries,partits i sindicats,2019,www.ugt.cat
455,UNIÓ GIMNÀSTICA I ESPORTIVA DE BADALONA,Esportives,atletisme,2020,ugab.iespana.es
18,UNIO LOCAL DE COMISSIONS OBRERES,,,2012,
199,UNION CICLISTA LA SALUD,Esportives,ciclisme,2013,www.uclasalud.cat
189,UNION DE RADIOAFICIONADOS DE ESPAÑA (Secc. Terrt. Badalona),Culturals,altres entitats culturals,1994,
656,UNITED FRIENDS CLUBS OF BARCELONA (Club de Amigos Unidos de Barcelona),Esportives,futbol,2009,
158,VADEVERD,,,1993,
638,VENERABLE I DISCRETA CONGREGACIÓ DE LA MARE DE DÉU DELS DOLORS ORDRE SEGLAR DELS,Culturals,tradicionals,2012,
665,VEU ANIMAL,,,2013,www.veuanimal.org
318,VIH-DA Associació,Sociosolidàries,suport social,2013,www.vih-da.entitatsbadalona.net
208,VOLUNTARIS BADALONA,Sociosolidàries,suport social,2013,
917,YOUNG TALENT BADALONA SUD,,,2021,www.youngtalenbadalona.com
894,ZONA CATALUÑA DE LA IGLESIA DE FILADELFIA,,,2019,
